Command line invocation:
    /Applications/Xcode_15.4.app/Contents/Developer/usr/bin/xcodebuild -workspace Runner.xcworkspace -scheme Runner -configuration Release -sdk iphoneos CODE_SIGNING_ALLOWED=NO CODE_SIGNING_REQUIRED=NO CODE_SIGN_IDENTITY= "OTHER_LDFLAGS=-force_load /Users/runner/work/anivault/anivault/ios/../native/anivault_core/target/aarch64-apple-ios/release/libanivault_core.a -framework CoreML"

User defaults from command line:
    IDEPackageSupportUseBuiltinSCM = YES

Build settings from command line:
    CODE_SIGN_IDENTITY = 
    CODE_SIGNING_ALLOWED = NO
    CODE_SIGNING_REQUIRED = NO
    OTHER_LDFLAGS = -force_load /Users/runner/work/anivault/anivault/ios/../native/anivault_core/target/aarch64-apple-ios/release/libanivault_core.a -framework CoreML
    SDKROOT = iphoneos17.5

Resolve Package Graph


Resolved source packages:
  file_selector_ios: /Users/runner/work/anivault/anivault/ios/Flutter/ephemeral/Packages/.packages/file_selector_ios-0.5.3+5 @ local
  shared_preferences_foundation: /Users/runner/work/anivault/anivault/ios/Flutter/ephemeral/Packages/.packages/shared_preferences_foundation-2.5.6 @ local
  package_info_plus: /Users/runner/work/anivault/anivault/ios/Flutter/ephemeral/Packages/.packages/package_info_plus-10.0.0 @ local
  FlutterFramework: /Users/runner/work/anivault/anivault/ios/Flutter/ephemeral/Packages/.packages/FlutterFramework @ local
  wakelock_plus: /Users/runner/work/anivault/anivault/ios/Flutter/ephemeral/Packages/.packages/wakelock_plus-1.6.0 @ local
  FlutterGeneratedPluginSwiftPackage: /Users/runner/work/anivault/anivault/ios/Flutter/ephemeral/Packages/FlutterGeneratedPluginSwiftPackage

--- xcodebuild: WARNING: Using the first of multiple matching destinations:
{ platform:iOS, id:dvtdevice-DVTiPhonePlaceholder-iphoneos:placeholder, name:Any iOS Device }
{ platform:macOS, arch:arm64, variant:Designed for [iPad,iPhone], id:0000FE00-456F9E2F6B1D432B, name:My Mac }
{ platform:iOS Simulator, id:dvtdevice-DVTiOSDeviceSimulatorPlaceholder-iphonesimulator:placeholder, name:Any iOS Simulator Device }
{ platform:visionOS Simulator, variant:Designed for [iPad,iPhone], id:D2E0D98B-3049-47F1-86AE-83F0985912DD, OS:1.2, name:Apple Vision Pro }
{ platform:visionOS Simulator, variant:Designed for [iPad,iPhone], id:E766A940-F46D-4FFC-AA67-9B09D2DA5887, OS:2.1, name:Apple Vision Pro }
{ platform:visionOS Simulator, variant:Designed for [iPad,iPhone], id:AFF9C11C-A23C-4985-ABD8-18D9CAA0F2E5, OS:2.2, name:Apple Vision Pro }
{ platform:iOS Simulator, id:9E38A9B5-D029-4B65-8687-D575619C83DB, OS:17.0.1, name:iPad (10th generation) }
{ platform:iOS Simulator, id:9E38A9B5-D029-4B65-8687-D575619C83DB, OS:17.0.1, name:iPad (10th generation) }
{ platform:iOS Simulator, id:1B80D949-927E-4E6A-873F-4D595F5AAF3F, OS:17.2, name:iPad (10th generation) }
{ platform:iOS Simulator, id:1B80D949-927E-4E6A-873F-4D595F5AAF3F, OS:17.2, name:iPad (10th generation) }
{ platform:iOS Simulator, id:56887A83-9944-4357-82D6-0FE1C470ABA0, OS:17.4, name:iPad (10th generation) }
{ platform:iOS Simulator, id:56887A83-9944-4357-82D6-0FE1C470ABA0, OS:17.4, name:iPad (10th generation) }
{ platform:iOS Simulator, id:B085A217-34E7-4F09-BC3F-418FE1B12DFE, OS:17.5, name:iPad (10th generation) }
{ platform:iOS Simulator, id:B085A217-34E7-4F09-BC3F-418FE1B12DFE, OS:17.5, name:iPad (10th generation) }
{ platform:iOS Simulator, id:0770E779-EB0F-47EB-835C-71DD73056E21, OS:18.1, name:iPad (10th generation) }
{ platform:iOS Simulator, id:0770E779-EB0F-47EB-835C-71DD73056E21, OS:18.1, name:iPad (10th generation) }
{ platform:iOS Simulator, id:12ABFDFA-90A2-41A4-81C7-14F7CE34235B, OS:18.2, name:iPad (10th generation) }
{ platform:iOS Simulator, id:12ABFDFA-90A2-41A4-81C7-14F7CE34235B, OS:18.2, name:iPad (10th generation) }
{ platform:iOS Simulator, id:EF1C68D1-7C9C-4AB5-BCB3-7E17E147969F, OS:17.0.1, name:iPad Air (5th generation) }
{ platform:iOS Simulator, id:EF1C68D1-7C9C-4AB5-BCB3-7E17E147969F, OS:17.0.1, name:iPad Air (5th generation) }
{ platform:iOS Simulator, id:52945966-DC53-419D-97FC-67B9892A3FEE, OS:17.2, name:iPad Air (5th generation) }
{ platform:iOS Simulator, id:52945966-DC53-419D-97FC-67B9892A3FEE, OS:17.2, name:iPad Air (5th generation) }
{ platform:iOS Simulator, id:544DBBE6-232F-4914-A187-263D383642DC, OS:17.4, name:iPad Air (5th generation) }
{ platform:iOS Simulator, id:544DBBE6-232F-4914-A187-263D383642DC, OS:17.4, name:iPad Air (5th generation) }
{ platform:iOS Simulator, id:E8143139-C053-44F4-8205-BA8B7FD293B9, OS:17.4, name:iPad Air 11-inch (M2) }
{ platform:iOS Simulator, id:E8143139-C053-44F4-8205-BA8B7FD293B9, OS:17.4, name:iPad Air 11-inch (M2) }
{ platform:iOS Simulator, id:6BBBA5D9-873A-4104-BC6F-CEC36C931369, OS:17.5, name:iPad Air 11-inch (M2) }
{ platform:iOS Simulator, id:6BBBA5D9-873A-4104-BC6F-CEC36C931369, OS:17.5, name:iPad Air 11-inch (M2) }
{ platform:iOS Simulator, id:033829A3-E76E-4627-BA01-8951CD227BBD, OS:18.1, name:iPad Air 11-inch (M2) }
{ platform:iOS Simulator, id:033829A3-E76E-4627-BA01-8951CD227BBD, OS:18.1, name:iPad Air 11-inch (M2) }
{ platform:iOS Simulator, id:CF27800C-60D1-434B-83F3-806F1FA3F000, OS:18.2, name:iPad Air 11-inch (M2) }
{ platform:iOS Simulator, id:CF27800C-60D1-434B-83F3-806F1FA3F000, OS:18.2, name:iPad Air 11-inch (M2) }
{ platform:iOS Simulator, id:BDEB87A8-32D1-4EF6-9CE6-3EB69E701C07, OS:17.4, name:iPad Air 13-inch (M2) }
{ platform:iOS Simulator, id:BDEB87A8-32D1-4EF6-9CE6-3EB69E701C07, OS:17.4, name:iPad Air 13-inch (M2) }
{ platform:iOS Simulator, id:28FE7113-99B0-4020-8D40-4690DA4B9CF6, OS:17.5, name:iPad Air 13-inch (M2) }
{ platform:iOS Simulator, id:28FE7113-99B0-4020-8D40-4690DA4B9CF6, OS:17.5, name:iPad Air 13-inch (M2) }
{ platform:iOS Simulator, id:6FE4435E-A9AA-49CE-A69E-3D16DC3AFFA3, OS:18.1, name:iPad Air 13-inch (M2) }
{ platform:iOS Simulator, id:6FE4435E-A9AA-49CE-A69E-3D16DC3AFFA3, OS:18.1, name:iPad Air 13-inch (M2) }
{ platform:iOS Simulator, id:6BA6A4AB-CA72-4776-9AE2-10F03F9E3AA5, OS:18.2, name:iPad Air 13-inch (M2) }
{ platform:iOS Simulator, id:6BA6A4AB-CA72-4776-9AE2-10F03F9E3AA5, OS:18.2, name:iPad Air 13-inch (M2) }
{ platform:iOS Simulator, id:41CA2768-A560-4C1F-A129-5E9CE89B799F, OS:17.0.1, name:iPad Pro (11-inch) (4th generation) }
{ platform:iOS Simulator, id:41CA2768-A560-4C1F-A129-5E9CE89B799F, OS:17.0.1, name:iPad Pro (11-inch) (4th generation) }
{ platform:iOS Simulator, id:ED8AA5D1-2995-4541-A3DD-8E9AF12258C9, OS:17.2, name:iPad Pro (11-inch) (4th generation) }
{ platform:iOS Simulator, id:ED8AA5D1-2995-4541-A3DD-8E9AF12258C9, OS:17.2, name:iPad Pro (11-inch) (4th generation) }
{ platform:iOS Simulator, id:8DDE05F2-DE86-4261-9312-1CC12F57BF6D, OS:17.4, name:iPad Pro (11-inch) (4th generation) }
{ platform:iOS Simulator, id:8DDE05F2-DE86-4261-9312-1CC12F57BF6D, OS:17.4, name:iPad Pro (11-inch) (4th generation) }
{ platform:iOS Simulator, id:F5AD7DE3-BB0D-46E8-99E9-5366DB1D464A, OS:17.0.1, name:iPad Pro (12.9-inch) (6th generation) }
{ platform:iOS Simulator, id:F5AD7DE3-BB0D-46E8-99E9-5366DB1D464A, OS:17.0.1, name:iPad Pro (12.9-inch) (6th generation) }
{ platform:iOS Simulator, id:D86263A4-7A54-4426-B888-4982593ABF07, OS:17.2, name:iPad Pro (12.9-inch) (6th generation) }
{ platform:iOS Simulator, id:D86263A4-7A54-4426-B888-4982593ABF07, OS:17.2, name:iPad Pro (12.9-inch) (6th generation) }
{ platform:iOS Simulator, id:06F66C63-F05B-40B7-A299-4086C81C51E2, OS:17.4, name:iPad Pro (12.9-inch) (6th generation) }
{ platform:iOS Simulator, id:06F66C63-F05B-40B7-A299-4086C81C51E2, OS:17.4, name:iPad Pro (12.9-inch) (6th generation) }
{ platform:iOS Simulator, id:6719339D-959B-4948-BD78-39380C5C52D1, OS:17.4, name:iPad Pro 11-inch (M4) }
{ platform:iOS Simulator, id:6719339D-959B-4948-BD78-39380C5C52D1, OS:17.4, name:iPad Pro 11-inch (M4) }
{ platform:iOS Simulator, id:64E66839-341F-4859-98ED-36A56D1D0AB7, OS:17.5, name:iPad Pro 11-inch (M4) }
{ platform:iOS Simulator, id:64E66839-341F-4859-98ED-36A56D1D0AB7, OS:17.5, name:iPad Pro 11-inch (M4) }
{ platform:iOS Simulator, id:BB480C4D-3E83-4B83-84B3-C13396979853, OS:18.1, name:iPad Pro 11-inch (M4) }
{ platform:iOS Simulator, id:BB480C4D-3E83-4B83-84B3-C13396979853, OS:18.1, name:iPad Pro 11-inch (M4) }
{ platform:iOS Simulator, id:8FAA7846-46E0-4D1C-9DA5-7AAFF2562550, OS:18.2, name:iPad Pro 11-inch (M4) }
{ platform:iOS Simulator, id:8FAA7846-46E0-4D1C-9DA5-7AAFF2562550, OS:18.2, name:iPad Pro 11-inch (M4) }
{ platform:iOS Simulator, id:67F3F84D-9B6A-4119-B779-4BB5E0434948, OS:17.4, name:iPad Pro 13-inch (M4) }
{ platform:iOS Simulator, id:67F3F84D-9B6A-4119-B779-4BB5E0434948, OS:17.4, name:iPad Pro 13-inch (M4) }
{ platform:iOS Simulator, id:739DB67B-C30C-4FDD-8F35-40ED9D5612B5, OS:17.5, name:iPad Pro 13-inch (M4) }
{ platform:iOS Simulator, id:739DB67B-C30C-4FDD-8F35-40ED9D5612B5, OS:17.5, name:iPad Pro 13-inch (M4) }
{ platform:iOS Simulator, id:79AF2FC3-561B-41C7-8D33-692ACB474C0A, OS:18.1, name:iPad Pro 13-inch (M4) }
{ platform:iOS Simulator, id:79AF2FC3-561B-41C7-8D33-692ACB474C0A, OS:18.1, name:iPad Pro 13-inch (M4) }
{ platform:iOS Simulator, id:54327179-9A15-412D-B556-926613A1CF9B, OS:18.2, name:iPad Pro 13-inch (M4) }
{ platform:iOS Simulator, id:54327179-9A15-412D-B556-926613A1CF9B, OS:18.2, name:iPad Pro 13-inch (M4) }
{ platform:iOS Simulator, id:B9D7849A-A172-483B-A927-5974ACC75579, OS:17.0.1, name:iPad mini (6th generation) }
{ platform:iOS Simulator, id:B9D7849A-A172-483B-A927-5974ACC75579, OS:17.0.1, name:iPad mini (6th generation) }
{ platform:iOS Simulator, id:D3373216-4F5F-4195-B929-4678979428A6, OS:17.2, name:iPad mini (6th generation) }
{ platform:iOS Simulator, id:D3373216-4F5F-4195-B929-4678979428A6, OS:17.2, name:iPad mini (6th generation) }
{ platform:iOS Simulator, id:D0187DDB-C27C-4F94-98FB-8BBFC12AD429, OS:17.4, name:iPad mini (6th generation) }
{ platform:iOS Simulator, id:D0187DDB-C27C-4F94-98FB-8BBFC12AD429, OS:17.4, name:iPad mini (6th generation) }
{ platform:iOS Simulator, id:103E0AEE-B22C-449A-8190-7944B9434760, OS:17.5, name:iPad mini (6th generation) }
{ platform:iOS Simulator, id:103E0AEE-B22C-449A-8190-7944B9434760, OS:17.5, name:iPad mini (6th generation) }
{ platform:iOS Simulator, id:946E4C22-7357-4B64-8F03-28B830A92871, OS:18.1, name:iPad mini (6th generation) }
{ platform:iOS Simulator, id:946E4C22-7357-4B64-8F03-28B830A92871, OS:18.1, name:iPad mini (6th generation) }
{ platform:iOS Simulator, id:DA17A4FD-673A-420D-87F9-427B5C50C801, OS:18.2, name:iPad mini (6th generation) }
{ platform:iOS Simulator, id:DA17A4FD-673A-420D-87F9-427B5C50C801, OS:18.2, name:iPad mini (6th generation) }
{ platform:iOS Simulator, id:6CE2D265-DFB4-4519-9B31-99C9D2E018C2, OS:18.1, name:iPad mini (A17 Pro) }
{ platform:iOS Simulator, id:6CE2D265-DFB4-4519-9B31-99C9D2E018C2, OS:18.1, name:iPad mini (A17 Pro) }
{ platform:iOS Simulator, id:2B29C53E-0348-442B-A943-4A4741FC70AD, OS:18.2, name:iPad mini (A17 Pro) }
{ platform:iOS Simulator, id:2B29C53E-0348-442B-A943-4A4741FC70AD, OS:18.2, name:iPad mini (A17 Pro) }
{ platform:iOS Simulator, id:EB082DB5-A582-4666-8E35-C1B46DF5976B, OS:17.0.1, name:iPhone 15 }
{ platform:iOS Simulator, id:EB082DB5-A582-4666-8E35-C1B46DF5976B, OS:17.0.1, name:iPhone 15 }
{ platform:iOS Simulator, id:6E34EAC9-B371-4001-9523-992E791D619F, OS:17.2, name:iPhone 15 }
{ platform:iOS Simulator, id:6E34EAC9-B371-4001-9523-992E791D619F, OS:17.2, name:iPhone 15 }
{ platform:iOS Simulator, id:CE3A6E43-D9E0-4128-AE91-412DA0B9CDA9, OS:17.4, name:iPhone 15 }
{ platform:iOS Simulator, id:CE3A6E43-D9E0-4128-AE91-412DA0B9CDA9, OS:17.4, name:iPhone 15 }
{ platform:iOS Simulator, id:FB2DD252-EED3-48AA-A714-4ACD5041A402, OS:17.5, name:iPhone 15 }
{ platform:iOS Simulator, id:FB2DD252-EED3-48AA-A714-4ACD5041A402, OS:17.5, name:iPhone 15 }
{ platform:iOS Simulator, id:DF02AF74-D140-4411-81E7-BE449AC32BC6, OS:18.1, name:iPhone 15 }
{ platform:iOS Simulator, id:DF02AF74-D140-4411-81E7-BE449AC32BC6, OS:18.1, name:iPhone 15 }
{ platform:iOS Simulator, id:7872D763-A190-4D1F-9870-5981786E6C26, OS:18.2, name:iPhone 15 }
{ platform:iOS Simulator, id:7872D763-A190-4D1F-9870-5981786E6C26, OS:18.2, name:iPhone 15 }
{ platform:iOS Simulator, id:3D958EE7-B6E7-4092-B951-DA273149E622, OS:17.0.1, name:iPhone 15 Plus }
{ platform:iOS Simulator, id:3D958EE7-B6E7-4092-B951-DA273149E622, OS:17.0.1, name:iPhone 15 Plus }
{ platform:iOS Simulator, id:661C0B29-108E-4A35-9679-17E394479111, OS:17.2, name:iPhone 15 Plus }
{ platform:iOS Simulator, id:661C0B29-108E-4A35-9679-17E394479111, OS:17.2, name:iPhone 15 Plus }
{ platform:iOS Simulator, id:52996850-657B-4267-A034-499F0B550597, OS:17.4, name:iPhone 15 Plus }
{ platform:iOS Simulator, id:52996850-657B-4267-A034-499F0B550597, OS:17.4, name:iPhone 15 Plus }
{ platform:iOS Simulator, id:04EC196F-48E2-46E5-81F8-1246520DA644, OS:17.5, name:iPhone 15 Plus }
{ platform:iOS Simulator, id:04EC196F-48E2-46E5-81F8-1246520DA644, OS:17.5, name:iPhone 15 Plus }
{ platform:iOS Simulator, id:95F13533-5FD9-4B0C-AE10-943FBC261EBE, OS:18.1, name:iPhone 15 Plus }
{ platform:iOS Simulator, id:95F13533-5FD9-4B0C-AE10-943FBC261EBE, OS:18.1, name:iPhone 15 Plus }
{ platform:iOS Simulator, id:721FC6FC-93AF-4F10-BF19-CD99AFB1901D, OS:18.2, name:iPhone 15 Plus }
{ platform:iOS Simulator, id:721FC6FC-93AF-4F10-BF19-CD99AFB1901D, OS:18.2, name:iPhone 15 Plus }
{ platform:iOS Simulator, id:DA613E0F-F59C-45E0-946F-3EBC1134F47A, OS:17.0.1, name:iPhone 15 Pro }
{ platform:iOS Simulator, id:DA613E0F-F59C-45E0-946F-3EBC1134F47A, OS:17.0.1, name:iPhone 15 Pro }
{ platform:iOS Simulator, id:047D7AFA-03C0-49B6-B545-9EE83EC5CB6C, OS:17.2, name:iPhone 15 Pro }
{ platform:iOS Simulator, id:047D7AFA-03C0-49B6-B545-9EE83EC5CB6C, OS:17.2, name:iPhone 15 Pro }
{ platform:iOS Simulator, id:421994A4-3456-4A35-9280-F2FD16587589, OS:17.4, name:iPhone 15 Pro }
{ platform:iOS Simulator, id:421994A4-3456-4A35-9280-F2FD16587589, OS:17.4, name:iPhone 15 Pro }
{ platform:iOS Simulator, id:AA057197-D9C0-4267-8F7D-CEF896FFE266, OS:17.5, name:iPhone 15 Pro }
{ platform:iOS Simulator, id:AA057197-D9C0-4267-8F7D-CEF896FFE266, OS:17.5, name:iPhone 15 Pro }
{ platform:iOS Simulator, id:7C12A92C-E6DD-4921-807F-623239B23836, OS:18.1, name:iPhone 15 Pro }
{ platform:iOS Simulator, id:7C12A92C-E6DD-4921-807F-623239B23836, OS:18.1, name:iPhone 15 Pro }
{ platform:iOS Simulator, id:A0B69A72-96DA-4AA1-8595-34B1F2C78EBC, OS:18.2, name:iPhone 15 Pro }
{ platform:iOS Simulator, id:A0B69A72-96DA-4AA1-8595-34B1F2C78EBC, OS:18.2, name:iPhone 15 Pro }
{ platform:iOS Simulator, id:95F8A078-7797-4480-80BB-548A16C969F9, OS:17.0.1, name:iPhone 15 Pro Max }
{ platform:iOS Simulator, id:95F8A078-7797-4480-80BB-548A16C969F9, OS:17.0.1, name:iPhone 15 Pro Max }
{ platform:iOS Simulator, id:B36188C4-4133-431F-8E52-EFE5F9D7804E, OS:17.2, name:iPhone 15 Pro Max }
{ platform:iOS Simulator, id:B36188C4-4133-431F-8E52-EFE5F9D7804E, OS:17.2, name:iPhone 15 Pro Max }
{ platform:iOS Simulator, id:0B8FD3A1-359B-4FC4-93CD-0214C64DE37E, OS:17.4, name:iPhone 15 Pro Max }
{ platform:iOS Simulator, id:0B8FD3A1-359B-4FC4-93CD-0214C64DE37E, OS:17.4, name:iPhone 15 Pro Max }
{ platform:iOS Simulator, id:B1183B35-6FBB-4551-990B-99FEAEEDF20B, OS:17.5, name:iPhone 15 Pro Max }
{ platform:iOS Simulator, id:B1183B35-6FBB-4551-990B-99FEAEEDF20B, OS:17.5, name:iPhone 15 Pro Max }
{ platform:iOS Simulator, id:ACC662E3-631E-440C-B77A-4D02F3D26B5C, OS:18.1, name:iPhone 15 Pro Max }
{ platform:iOS Simulator, id:ACC662E3-631E-440C-B77A-4D02F3D26B5C, OS:18.1, name:iPhone 15 Pro Max }
{ platform:iOS Simulator, id:CBEB5E5F-EA1D-4885-A5E1-00B06551C5F8, OS:18.2, name:iPhone 15 Pro Max }
{ platform:iOS Simulator, id:CBEB5E5F-EA1D-4885-A5E1-00B06551C5F8, OS:18.2, name:iPhone 15 Pro Max }
{ platform:iOS Simulator, id:DE2D83A1-9F20-4516-ACCC-6B468081EC7C, OS:18.1, name:iPhone 16 }
{ platform:iOS Simulator, id:DE2D83A1-9F20-4516-ACCC-6B468081EC7C, OS:18.1, name:iPhone 16 }
{ platform:iOS Simulator, id:8A1DAB95-8EAD-4E41-8FFB-269CC2FEF0AD, OS:18.2, name:iPhone 16 }
{ platform:iOS Simulator, id:8A1DAB95-8EAD-4E41-8FFB-269CC2FEF0AD, OS:18.2, name:iPhone 16 }
{ platform:iOS Simulator, id:22BFA403-D2D4-4643-9E36-FB11939ED314, OS:18.1, name:iPhone 16 Plus }
{ platform:iOS Simulator, id:22BFA403-D2D4-4643-9E36-FB11939ED314, OS:18.1, name:iPhone 16 Plus }
{ platform:iOS Simulator, id:16EA7613-2375-4F15-977F-FE58BA21F958, OS:18.2, name:iPhone 16 Plus }
{ platform:iOS Simulator, id:16EA7613-2375-4F15-977F-FE58BA21F958, OS:18.2, name:iPhone 16 Plus }
{ platform:iOS Simulator, id:66741DC5-DCCB-4D1C-AFF7-BB1E4521D976, OS:18.1, name:iPhone 16 Pro }
{ platform:iOS Simulator, id:66741DC5-DCCB-4D1C-AFF7-BB1E4521D976, OS:18.1, name:iPhone 16 Pro }
{ platform:iOS Simulator, id:9D109CC9-F01E-471A-A428-BB19AD4D9B26, OS:18.2, name:iPhone 16 Pro }
{ platform:iOS Simulator, id:9D109CC9-F01E-471A-A428-BB19AD4D9B26, OS:18.2, name:iPhone 16 Pro }
{ platform:iOS Simulator, id:9C7E4BAE-9882-45BB-B88B-C59E6CA1DB96, OS:18.1, name:iPhone 16 Pro Max }
{ platform:iOS Simulator, id:9C7E4BAE-9882-45BB-B88B-C59E6CA1DB96, OS:18.1, name:iPhone 16 Pro Max }
{ platform:iOS Simulator, id:A5AFBAAF-E229-4419-BC8B-08DF3A4E5054, OS:18.2, name:iPhone 16 Pro Max }
{ platform:iOS Simulator, id:A5AFBAAF-E229-4419-BC8B-08DF3A4E5054, OS:18.2, name:iPhone 16 Pro Max }
{ platform:iOS Simulator, id:B5C39A69-60A9-4B05-9B6C-77323183D290, OS:17.0.1, name:iPhone SE (3rd generation) }
{ platform:iOS Simulator, id:B5C39A69-60A9-4B05-9B6C-77323183D290, OS:17.0.1, name:iPhone SE (3rd generation) }
{ platform:iOS Simulator, id:91CCB3C0-D1BD-434D-9A18-8F663DEC8635, OS:17.2, name:iPhone SE (3rd generation) }
{ platform:iOS Simulator, id:91CCB3C0-D1BD-434D-9A18-8F663DEC8635, OS:17.2, name:iPhone SE (3rd generation) }
{ platform:iOS Simulator, id:94721918-35ED-48F3-AA59-D5DAD449C382, OS:17.4, name:iPhone SE (3rd generation) }
{ platform:iOS Simulator, id:94721918-35ED-48F3-AA59-D5DAD449C382, OS:17.4, name:iPhone SE (3rd generation) }
{ platform:iOS Simulator, id:ABD7F2D8-E79A-45AD-8616-49F81263BD32, OS:17.5, name:iPhone SE (3rd generation) }
{ platform:iOS Simulator, id:ABD7F2D8-E79A-45AD-8616-49F81263BD32, OS:17.5, name:iPhone SE (3rd generation) }
{ platform:iOS Simulator, id:26F8A968-D23B-44FB-BF4C-4209BFC5E639, OS:18.1, name:iPhone SE (3rd generation) }
{ platform:iOS Simulator, id:26F8A968-D23B-44FB-BF4C-4209BFC5E639, OS:18.1, name:iPhone SE (3rd generation) }
{ platform:iOS Simulator, id:6CD49551-070B-48E8-BEB3-9492D56A1118, OS:18.2, name:iPhone SE (3rd generation) }
{ platform:iOS Simulator, id:6CD49551-070B-48E8-BEB3-9492D56A1118, OS:18.2, name:iPhone SE (3rd generation) }
Prepare packages

Run pre-actions

SchemeAction Run\ Prepare\ Flutter\ Framework\ Script /var/folders/dq/2t71w9pd3jx50vh3kp15_dt40000gn/T/SchemeScriptAction-U5RtG7.sh
    cd /var/folders/dq/2t71w9pd3jx50vh3kp15_dt40000gn/T/
    export ACTION=build
    export ACTIONS_ORCHESTRATION_ID=9e02e56f-4069-4ea8-8b21-dd37735596d4.build_ios.__default
    export ACTIONS_RUNNER_ACTION_ARCHIVE_CACHE=/Users/runner/actionarchivecache
    export ADDITIONAL_SDKS=
    export AD_HOC_CODE_SIGNING_ALLOWED=NO
    export AGENT_TOOLSDIRECTORY=/Users/runner/hostedtoolcache
    export AGGREGATE_TRACKED_DOMAINS=YES
    export ALLOWABLE_CLIENTS=
    export ALLOW_TARGET_PLATFORM_SPECIALIZATION=NO
    export ALL_OTHER_LDFLAGS="  -force_load /Users/runner/work/anivault/anivault/ios/../native/anivault_core/target/aarch64-apple-ios/release/libanivault_core.a -framework CoreML    "
    export ALL_OTHER_LIBTOOLFLAGS="    "
    export ALTERNATE_GROUP=staff
    export ALTERNATE_LINKER=
    export ALTERNATE_MODE=u+w,go-w,a+rX
    export ALTERNATE_OWNER=runner
    export ALTERNATE_PERMISSIONS_FILES=
    export ALTERNATIVE_DISTRIBUTION_WEB=NO
    export ALWAYS_EMBED_SWIFT_STANDARD_LIBRARIES=YES
    export ALWAYS_SEARCH_USER_PATHS=NO
    export ALWAYS_USE_SEPARATE_HEADERMAPS=NO
    export ANDROID_HOME=/Users/runner/Library/Android/sdk
    export ANDROID_NDK=/Users/runner/Library/Android/sdk/ndk/27.3.13750724
    export ANDROID_NDK_HOME=/Users/runner/Library/Android/sdk/ndk/27.3.13750724
    export ANDROID_NDK_LATEST_HOME=/Users/runner/Library/Android/sdk/ndk/29.0.14206865
    export ANDROID_NDK_ROOT=/Users/runner/Library/Android/sdk/ndk/27.3.13750724
    export ANDROID_SDK_ROOT=/Users/runner/Library/Android/sdk
    export APPLE_INTERNAL_DEVELOPER_DIR=/AppleInternal/Developer
    export APPLE_INTERNAL_DIR=/AppleInternal
    export APPLE_INTERNAL_DOCUMENTATION_DIR=/AppleInternal/Documentation
    export APPLE_INTERNAL_LIBRARY_DIR=/AppleInternal/Library
    export APPLE_INTERNAL_TOOLS=/AppleInternal/Developer/Tools
    export APPLICATION_EXTENSION_API_ONLY=NO
    export APPLY_RULES_IN_COPY_FILES=NO
    export APPLY_RULES_IN_COPY_HEADERS=NO
    export APP_INTENTS_DEPLOYMENT_POSTPROCESSING=NO
    export APP_INTENTS_DEPLOYMENT_TARGET=13.0
    export APP_INTENTS_METADATA_PATH=/Metadata.appintents
    export APP_INTENTS_PLATFORM_FAMILY=
    export APP_SHORTCUTS_ENABLE_FLEXIBLE_MATCHING=YES
    export ARCHS=arm64
    export ARCHS_STANDARD=arm64
    export ARCHS_STANDARD_32_64_BIT="armv7 arm64"
    export ARCHS_STANDARD_32_BIT=armv7
    export ARCHS_STANDARD_64_BIT=arm64
    export ARCHS_STANDARD_INCLUDING_64_BIT=arm64
    export ARCHS_UNIVERSAL_IPHONE_OS="armv7 arm64"
    export ASSETCATALOG_COMPILER_APPICON_NAME=AppIcon
    export ASSETCATALOG_COMPILER_BUNDLE_IDENTIFIER=com.anivault.anivault
    export ASSETCATALOG_COMPILER_COMPLICATION_NAME=
    export ASSETCATALOG_COMPILER_COMPRESS_PNGS=YES
    export ASSETCATALOG_COMPILER_DEPENDENCY_INFO_FILE=/Users/runner/Library/Developer/Xcode/DerivedData/Runner-cxlsvnhjswijkndnlirzgjlztczd/Build/Intermediates.noindex/Runner.build/Release-iphoneos/Runner.build/assetcatalog_dependencies
    export ASSETCATALOG_COMPILER_ENABLE_ON_DEMAND_RESOURCES=YES
    export ASSETCATALOG_COMPILER_FLATTENED_APP_ICON_PATH=
    export ASSETCATALOG_COMPILER_GENERATE_ASSET_SYMBOLS=YES
    export ASSETCATALOG_COMPILER_GENERATE_ASSET_SYMBOL_BACKWARDS_DEPLOYMENT_SUPPORT=
    export ASSETCATALOG_COMPILER_GENERATE_ASSET_SYMBOL_ERRORS=YES
    export ASSETCATALOG_COMPILER_GENERATE_ASSET_SYMBOL_FRAMEWORKS="SwiftUI UIKit AppKit"
    export ASSETCATALOG_COMPILER_GENERATE_ASSET_SYMBOL_INDEX_PATH=/Users/runner/Library/Developer/Xcode/DerivedData/Runner-cxlsvnhjswijkndnlirzgjlztczd/Build/Intermediates.noindex/Runner.build/Release-iphoneos/Runner.build/DerivedSources/GeneratedAssetSymbols-Index.plist
    export ASSETCATALOG_COMPILER_GENERATE_ASSET_SYMBOL_WARNINGS=YES
    export ASSETCATALOG_COMPILER_GENERATE_OBJC_ASSET_SYMBOLS_PATH=/Users/runner/Library/Developer/Xcode/DerivedData/Runner-cxlsvnhjswijkndnlirzgjlztczd/Build/Intermediates.noindex/Runner.build/Release-iphoneos/Runner.build/DerivedSources/GeneratedAssetSymbols.h
    export ASSETCATALOG_COMPILER_GENERATE_SWIFT_ASSET_SYMBOLS_PATH=/Users/runner/Library/Developer/Xcode/DerivedData/Runner-cxlsvnhjswijkndnlirzgjlztczd/Build/Intermediates.noindex/Runner.build/Release-iphoneos/Runner.build/DerivedSources/GeneratedAssetSymbols.swift
    export ASSETCATALOG_COMPILER_GENERATE_SWIFT_ASSET_SYMBOL_EXTENSIONS=YES
    export ASSETCATALOG_COMPILER_GLOBAL_ACCENT_COLOR_NAME=
    export ASSETCATALOG_COMPILER_INCLUDE_ALL_APPICON_ASSETS=NO
    export ASSETCATALOG_COMPILER_INCLUDE_INFOPLIST_LOCALIZATIONS=YES
    export ASSETCATALOG_COMPILER_INCLUDE_STICKER_CONTENT=NO
    export ASSETCATALOG_COMPILER_INFOPLIST_CONTENT_FILE=/Users/runner/Library/Developer/Xcode/DerivedData/Runner-cxlsvnhjswijkndnlirzgjlztczd/Build/Intermediates.noindex/Runner.build/Release-iphoneos/Runner.build/assetcatalog_generated_info.plist
    export ASSETCATALOG_COMPILER_LAUNCHIMAGE_NAME=
    export ASSETCATALOG_COMPILER_LEADERBOARD_IDENTIFIER_PREFIX=
    export ASSETCATALOG_COMPILER_LEADERBOARD_SET_IDENTIFIER_PREFIX=
    export ASSETCATALOG_COMPILER_OPTIMIZATION=
    export ASSETCATALOG_COMPILER_SKIP_APP_STORE_DEPLOYMENT=
    export ASSETCATALOG_COMPILER_STANDALONE_ICON_BEHAVIOR=default
    export ASSETCATALOG_COMPILER_STICKER_PACK_IDENTIFIER_PREFIX=
    export ASSETCATALOG_COMPILER_STICKER_PACK_STRINGS=
    export ASSETCATALOG_COMPILER_TARGET_STICKERS_ICON_ROLE=
    export ASSETCATALOG_COMPILER_WIDGET_BACKGROUND_COLOR_NAME=
    export ASSETCATALOG_EXEC=actool
    export ASSETCATALOG_FILTER_FOR_DEVICE_MODEL=
    export ASSETCATALOG_FILTER_FOR_DEVICE_OS_VERSION=
    export ASSETCATALOG_FILTER_FOR_THINNING_DEVICE_CONFIGURATION=
    export ASSETCATALOG_LIGHTWEIGHT_ASSET_RUNTIME_MODE=default
    export ASSETCATALOG_NOTICES=YES
    export ASSETCATALOG_OTHER_FLAGS=
    export ASSETCATALOG_OUTPUT_FORMAT=human-readable-text
    export ASSETCATALOG_WARNINGS=YES
    export ASSET_PACK_MANIFEST_URL_PREFIX=
    export AUTOMATICALLY_MERGE_DEPENDENCIES=NO
    export AVAILABLE_PLATFORMS="appletvos appletvsimulator driverkit iphoneos iphonesimulator macosx watchos watchsimulator xros xrsimulator"
    export AdditionalInfoFileKeys=
    export AdditionalInfoFileValues=
    export BITCODE_GENERATION_MODE=marker
    export BOOTSTRAP_HASKELL_INSTALL_NO_STACK_HOOK=1
    export BOOTSTRAP_HASKELL_NONINTERACTIVE=1
    export BUILD_ACTIVE_RESOURCES_ONLY=NO
    export BUILD_COMPONENTS=
    export BUILD_DIR=/Users/runner/Library/Developer/Xcode/DerivedData/Runner-cxlsvnhjswijkndnlirzgjlztczd/Build/Products
    export BUILD_LIBRARY_FOR_DISTRIBUTION=NO
    export BUILD_ROOT=/Users/runner/Library/Developer/Xcode/DerivedData/Runner-cxlsvnhjswijkndnlirzgjlztczd/Build/Products
    export BUILD_STYLE=Release
    export BUILD_VARIANTS=normal
    export BUILT_PRODUCTS_DIR=/Users/runner/Library/Developer/Xcode/DerivedData/Runner-cxlsvnhjswijkndnlirzgjlztczd/Build/Products/Release-iphoneos
    export BUNDLE_CONTENTS_FOLDER_PATH=
    export BUNDLE_CONTENTS_FOLDER_PATH_deep=Contents/
    export BUNDLE_EXECUTABLE_FOLDER_NAME_deep=MacOS
    export BUNDLE_EXECUTABLE_FOLDER_PATH=
    export BUNDLE_EXTENSIONS_FOLDER_PATH=Extensions
    export BUNDLE_FORMAT=shallow
    export BUNDLE_FRAMEWORKS_FOLDER_PATH=Frameworks
    export BUNDLE_LOADER=
    export BUNDLE_PLUGINS_FOLDER_PATH=PlugIns
    export BUNDLE_PRIVATE_HEADERS_FOLDER_PATH=PrivateHeaders
    export BUNDLE_PUBLIC_HEADERS_FOLDER_PATH=Headers
    export CACHE_ON_FAILURE=false
    export CACHE_ROOT=/var/folders/dq/2t71w9pd3jx50vh3kp15_dt40000gn/C/com.apple.DeveloperTools/15.4-15F31d/Xcode
    export CARGO_HOME=/Users/runner/.cargo
    export CARGO_INCREMENTAL=0
    export CARGO_TERM_COLOR=always
    export CC=
    export CCHROOT=/var/folders/dq/2t71w9pd3jx50vh3kp15_dt40000gn/C/com.apple.DeveloperTools/15.4-15F31d/Xcode
    export CHMOD=/bin/chmod
    export CHOWN=/usr/sbin/chown
    export CHROMEWEBDRIVER=/usr/local/share/chromedriver-mac-arm64
    export CI=true
    export CLANG=clang
    export CLANG_ADDRESS_SANITIZER=
    export CLANG_ADDRESS_SANITIZER_ALLOW_ERROR_RECOVERY=
    export CLANG_ADDRESS_SANITIZER_CONTAINER_OVERFLOW=NO
    export CLANG_ADDRESS_SANITIZER_USE_AFTER_SCOPE=NO
    export CLANG_ALLOW_NON_MODULAR_INCLUDES_IN_FRAMEWORK_MODULES=NO
    export CLANG_ANALYZER_DEADCODE_DEADSTORES=YES
    export CLANG_ANALYZER_DEFINES=-D__clang_analyzer__
    export CLANG_ANALYZER_DIVIDE_BY_ZERO=YES
    export CLANG_ANALYZER_EXEC=clang
    export CLANG_ANALYZER_GCD=YES
    export CLANG_ANALYZER_GCD_PERFORMANCE=NO
    export CLANG_ANALYZER_LIBKERN_RETAIN_COUNT=YES
    export CLANG_ANALYZER_LOCALIZABILITY_EMPTY_CONTEXT=NO
    export CLANG_ANALYZER_LOCALIZABILITY_NONLOCALIZED=NO
    export CLANG_ANALYZER_MALLOC=YES
    export CLANG_ANALYZER_MEMORY_MANAGEMENT=YES
    export CLANG_ANALYZER_MIG_CONVENTIONS=YES
    export CLANG_ANALYZER_NONNULL=YES
    export CLANG_ANALYZER_NULL_DEREFERENCE=YES
    export CLANG_ANALYZER_NUMBER_OBJECT_CONVERSION=YES
    export CLANG_ANALYZER_OBJC_ATSYNC=YES
    export CLANG_ANALYZER_OBJC_COLLECTIONS=YES
    export CLANG_ANALYZER_OBJC_DEALLOC=YES
    export CLANG_ANALYZER_OBJC_GENERICS=YES
    export CLANG_ANALYZER_OBJC_INCOMP_METHOD_TYPES=YES
    export CLANG_ANALYZER_OBJC_NSCFERROR=YES
    export CLANG_ANALYZER_OBJC_RETAIN_COUNT=YES
    export CLANG_ANALYZER_OBJC_SELF_INIT=YES
    export CLANG_ANALYZER_OBJC_UNUSED_IVARS=YES
    export CLANG_ANALYZER_OSOBJECT_C_STYLE_CAST=NO
    export CLANG_ANALYZER_OUTPUT=plist-multi-file
    export CLANG_ANALYZER_OUTPUT_DIR=/Users/runner/Library/Developer/Xcode/DerivedData/Runner-cxlsvnhjswijkndnlirzgjlztczd/Build/Intermediates.noindex/Runner.build/Release-iphoneos/Runner.build
    export CLANG_ANALYZER_REPORT_MAIN_SOURCE_FILE=YES
    export CLANG_ANALYZER_SECURITY_BUFFER_OVERFLOW_EXPERIMENTAL=NO
    export CLANG_ANALYZER_SECURITY_FLOATLOOPCOUNTER=NO
    export CLANG_ANALYZER_SECURITY_INSECUREAPI_GETPW_GETS=YES
    export CLANG_ANALYZER_SECURITY_INSECUREAPI_MKSTEMP=YES
    export CLANG_ANALYZER_SECURITY_INSECUREAPI_RAND=NO
    export CLANG_ANALYZER_SECURITY_INSECUREAPI_STRCPY=NO
    export CLANG_ANALYZER_SECURITY_INSECUREAPI_UNCHECKEDRETURN=YES
    export CLANG_ANALYZER_SECURITY_INSECUREAPI_VFORK=YES
    export CLANG_ANALYZER_SECURITY_KEYCHAIN_API=YES
    export CLANG_ANALYZER_USE_AFTER_MOVE=YES_AGGRESSIVE
    export CLANG_ARC_MIGRATE_DIR=
    export CLANG_ARC_MIGRATE_EMIT_ERROR=NO
    export CLANG_ARC_MIGRATE_PRECHECK=donothing
    export CLANG_ARC_MIGRATE_REPORT_OUTPUT=
    export CLANG_BITCODE_GENERATION_MODE=marker
    export CLANG_COLOR_DIAGNOSTICS=NO
    export CLANG_COVERAGE_MAPPING=NO
    export CLANG_COVERAGE_MAPPING_LINKER_ARGS=NO
    export CLANG_CXX_LANGUAGE_STANDARD=gnu++0x
    export CLANG_CXX_LIBRARY=libc++
    export CLANG_DEBUG_INFORMATION_LEVEL=default
    export CLANG_DEBUG_MODULES=YES
    export CLANG_DIAGNOSTICS_FILE=
    export CLANG_ENABLE_APP_EXTENSION=NO
    export CLANG_ENABLE_BOUNDS_ATTRIBUTES=NO
    export CLANG_ENABLE_BOUNDS_SAFETY=NO
    export CLANG_ENABLE_CODE_COVERAGE=YES
    export CLANG_ENABLE_CPP_STATIC_DESTRUCTORS=YES
    export CLANG_ENABLE_EXPLICIT_MODULES=NO
    export CLANG_ENABLE_MODULES=YES
    export CLANG_ENABLE_MODULE_DEBUGGING=YES
    export CLANG_ENABLE_MODULE_IMPLEMENTATION_OF=YES
    export CLANG_ENABLE_OBJC_ARC=YES
    export CLANG_ENABLE_OBJC_ARC_EXCEPTIONS=NO
    export CLANG_ENABLE_OBJC_WEAK=NO
    export CLANG_ENABLE_PREFIX_MAPPING=
    export CLANG_INDEX_STORE_ENABLE=YES
    export CLANG_INDEX_STORE_PATH=/Users/runner/Library/Developer/Xcode/DerivedData/Runner-cxlsvnhjswijkndnlirzgjlztczd/Index.noindex/DataStore
    export CLANG_INSTRUMENT_FOR_OPTIMIZATION_PROFILING=NO
    export CLANG_LIBFUZZER=
    export CLANG_LINK_OBJC_RUNTIME=
    export CLANG_MACRO_BACKTRACE_LIMIT=0
    export CLANG_MIGRATOR_ANNOTATIONS=YES
    export CLANG_MIGRATOR_INSTANCE_TYPE=YES
    export CLANG_MIGRATOR_NSENUM_MACROS=YES
    export CLANG_MIGRATOR_OBJC_DESIGNATED_INIT=YES
    export CLANG_MIGRATOR_OBJC_LITERALS=YES
    export CLANG_MIGRATOR_OBJC_SUBSCRIPTING=YES
    export CLANG_MIGRATOR_PROPERTY_ATOMICITY=NS_NONATOMIC_IOSONLY
    export CLANG_MIGRATOR_PROPERTY_DOT_SYNTAX=YES
    export CLANG_MIGRATOR_PROTOCOL_CONFORMANCE=NO
    export CLANG_MIGRATOR_PUBLIC_HEADERS_ONLY=YES
    export CLANG_MIGRATOR_READONLY_PROPERTY=YES
    export CLANG_MIGRATOR_READWRITE_PROPERTY=YES
    export CLANG_MODULES_AUTOLINK=YES
    export CLANG_MODULES_BUILD_SESSION_FILE=
    export CLANG_MODULES_DISABLE_PRIVATE_WARNING=NO
    export CLANG_MODULES_ENABLE_VERIFIER_TOOL=NO
    export CLANG_MODULES_IGNORE_MACROS=
    export CLANG_MODULES_PRUNE_AFTER=345600
    export CLANG_MODULES_PRUNE_INTERVAL=86400
    export CLANG_MODULES_VALIDATE_SYSTEM_HEADERS=NO
    export CLANG_MODULES_VERIFIER_VERBOSE_OUTPUT=NO
    export CLANG_MODULE_CACHE_PATH=/Users/runner/Library/Developer/Xcode/DerivedData/ModuleCache.noindex
    export CLANG_MODULE_LSV=NO
    export CLANG_OBJC_MIGRATE_DIR=
    export CLANG_OPTIMIZATION_PROFILE_FILE=/Users/runner/work/anivault/anivault/ios/OptimizationProfiles/Runner.profdata
    export CLANG_OTHER_PREFIX_MAPPINGS=
    export CLANG_RETAIN_COMMENTS_FROM_SYSTEM_HEADERS=NO
    export CLANG_SANITIZER_COVERAGE=
    export CLANG_STATIC_ANALYZER_MODE=shallow
    export CLANG_STATIC_ANALYZER_MODE_ACTION_deep=
    export CLANG_STATIC_ANALYZER_MODE_ACTION_shallow=Shallow
    export CLANG_STATIC_ANALYZER_MODE_ON_ANALYZE_ACTION=deep
    export CLANG_TARGET_TRIPLE_ARCHS=undefined_arch
    export CLANG_THREAD_SANITIZER=
    export CLANG_TIDY_BUGPRONE_ASSERT_SIDE_EFFECT=YES
    export CLANG_TIDY_BUGPRONE_INFINITE_LOOP=YES
    export CLANG_TIDY_BUGPRONE_MOVE_FORWARDING_REFERENCE=YES
    export CLANG_TIDY_BUGPRONE_REDUNDANT_BRANCH_CONDITION=NO
    export CLANG_TIDY_MISC_REDUNDANT_EXPRESSION=NO
    export CLANG_TRIVIAL_AUTO_VAR_INIT=default
    export CLANG_UNDEFINED_BEHAVIOR_SANITIZER=
    export CLANG_UNDEFINED_BEHAVIOR_SANITIZER_INTEGER=NO
    export CLANG_UNDEFINED_BEHAVIOR_SANITIZER_NULLABILITY=NO
    export CLANG_UNDEFINED_BEHAVIOR_SANITIZER_TRAP_ON_SECURITY_ISSUES=NO
    export CLANG_UNDEFINED_BEHAVIOR_SANITIZER_TRAP_ON_SECURITY_ISSUES_OPT=YES
    export CLANG_USE_OPTIMIZATION_PROFILE=NO
    export CLANG_USE_RESPONSE_FILE=YES
    export CLANG_WARN_ASSIGN_ENUM=NO
    export CLANG_WARN_ATOMIC_IMPLICIT_SEQ_CST=NO
    export CLANG_WARN_BLOCK_CAPTURE_AUTORELEASING=YES
    export CLANG_WARN_BOOL_CONVERSION=YES
    export CLANG_WARN_COMMA=YES
    export CLANG_WARN_COMPLETION_HANDLER_MISUSE=NO
    export CLANG_WARN_CONSTANT_CONVERSION=YES
    export CLANG_WARN_CXX0X_EXTENSIONS=NO
    export CLANG_WARN_DELETE_NON_VIRTUAL_DTOR=YES
    export CLANG_WARN_DEPRECATED_OBJC_IMPLEMENTATIONS=YES
    export CLANG_WARN_DIRECT_OBJC_ISA_USAGE=YES_ERROR
    export CLANG_WARN_DOCUMENTATION_COMMENTS=NO
    export CLANG_WARN_EMPTY_BODY=YES
    export CLANG_WARN_ENUM_CONVERSION=YES
    export CLANG_WARN_FLOAT_CONVERSION=NO
    export CLANG_WARN_FRAMEWORK_INCLUDE_PRIVATE_FROM_PUBLIC=NO
    export CLANG_WARN_IMPLICIT_FALLTHROUGH=NO
    export CLANG_WARN_IMPLICIT_SIGN_CONVERSION=NO
    export CLANG_WARN_INFINITE_RECURSION=YES
    export CLANG_WARN_INT_CONVERSION=YES
    export CLANG_WARN_MISSING_NOESCAPE=YES
    export CLANG_WARN_NON_LITERAL_NULL_CONVERSION=YES
    export CLANG_WARN_NULLABLE_TO_NONNULL_CONVERSION=NO
    export CLANG_WARN_OBJC_EXPLICIT_OWNERSHIP_TYPE=NO
    export CLANG_WARN_OBJC_IMPLICIT_ATOMIC_PROPERTIES=NO
    export CLANG_WARN_OBJC_IMPLICIT_RETAIN_SELF=YES
    export CLANG_WARN_OBJC_INTERFACE_IVARS=NO
    export CLANG_WARN_OBJC_LITERAL_CONVERSION=YES
    export CLANG_WARN_OBJC_MISSING_PROPERTY_SYNTHESIS=NO
    export CLANG_WARN_OBJC_REPEATED_USE_OF_WEAK=NO
    export CLANG_WARN_OBJC_ROOT_CLASS=YES_ERROR
    export CLANG_WARN_PRAGMA_PACK=YES
    export CLANG_WARN_PRIVATE_MODULE=YES
    export CLANG_WARN_QUOTED_INCLUDE_IN_FRAMEWORK_HEADER=NO
    export CLANG_WARN_RANGE_LOOP_ANALYSIS=YES
    export CLANG_WARN_SEMICOLON_BEFORE_METHOD_BODY=NO
    export CLANG_WARN_STRICT_PROTOTYPES=YES
    export CLANG_WARN_SUSPICIOUS_IMPLICIT_CONVERSION=NO
    export CLANG_WARN_SUSPICIOUS_MOVE=YES
    export CLANG_WARN_UNGUARDED_AVAILABILITY=YES
    export CLANG_WARN_UNREACHABLE_CODE=YES
    export CLANG_WARN_VEXING_PARSE=YES
    export CLANG_WARN_XNU_TYPED_ALLOCATORS=DEFAULT
    export CLANG_WARN__ARC_BRIDGE_CAST_NONARC=YES
    export CLANG_WARN__DUPLICATE_METHOD_MATCH=YES
    export CLANG_WARN__EXIT_TIME_DESTRUCTORS=NO
    export CLANG_X86_VECTOR_INSTRUCTIONS=default
    export CLASS_FILE_DIR=/Users/runner/Library/Developer/Xcode/DerivedData/Runner-cxlsvnhjswijkndnlirzgjlztczd/Build/Intermediates.noindex/Runner.build/Release-iphoneos/Runner.build/JavaClasses
    export CLEAN_PRECOMPS=YES
    export CLONE_HEADERS=NO
    export COCOAPODS_PARALLEL_CODE_SIGN=true
    export CODESIGNING_FOLDER_PATH=/Users/runner/Library/Developer/Xcode/DerivedData/Runner-cxlsvnhjswijkndnlirzgjlztczd/Build/Products/Release-iphoneos/Runner.app
    export CODE_SIGNING_ALLOWED=NO
    export CODE_SIGNING_REQUIRED=NO
    export CODE_SIGN_CONTEXT_CLASS=XCiPhoneOSCodeSignContext
    export CODE_SIGN_ENTITLEMENTS=
    export CODE_SIGN_IDENTITY=
    export CODE_SIGN_INJECT_BASE_ENTITLEMENTS=YES
    export CODE_SIGN_KEYCHAIN=
    export CODE_SIGN_LOCAL_EXECUTION_IDENTITY=
    export CODE_SIGN_RESOURCE_RULES_IN_BUNDLE=
    export CODE_SIGN_STYLE=
    export COLOR_DIAGNOSTICS=NO
    export COMBINE_HIDPI_IMAGES=NO
    export COMPILER_INDEX_STORE_ENABLE=Default
    export COMPOSITE_SDK_DIRS=/Users/runner/Library/Developer/Xcode/DerivedData/Runner-cxlsvnhjswijkndnlirzgjlztczd/Build/Intermediates.noindex/CompositeSDKs
    export COMPRESS_PNG_FILES=YES
    export COMPRESS_TIFF_FILES_WHILE_COPYING=NO
    export CONFIGURATION=Release
    export CONFIGURATION_BUILD_DIR=/Users/runner/Library/Developer/Xcode/DerivedData/Runner-cxlsvnhjswijkndnlirzgjlztczd/Build/Products/Release-iphoneos
    export CONFIGURATION_TEMP_DIR=/Users/runner/Library/Developer/Xcode/DerivedData/Runner-cxlsvnhjswijkndnlirzgjlztczd/Build/Intermediates.noindex/Runner.build/Release-iphoneos
    export CONTENTS_FOLDER_PATH=Runner.app
    export CONTENTS_FOLDER_PATH_SHALLOW_BUNDLE_NO=Runner.app/Contents
    export CONTENTS_FOLDER_PATH_SHALLOW_BUNDLE_YES=Runner.app
    export COPYING_PRESERVES_HFS_DATA=NO
    export COPY_HEADERS_RUN_UNIFDEF=NO
    export COPY_HEADERS_UNIFDEF_FLAGS=
    export COPY_PHASE_STRIP=NO
    export COREML_CODEGEN_LANGUAGE=Automatic
    export COREML_CODEGEN_SWIFT_GLOBAL_MODULE=NO
    export COREML_CODEGEN_SWIFT_VERSION=5.0
    export COREML_COMPILER_CONTAINER=bundle-resources
    export COREML_COMPILER_INFOPLIST_CONTENT_FILE=/Users/runner/Library/Developer/Xcode/DerivedData/Runner-cxlsvnhjswijkndnlirzgjlztczd/Build/Intermediates.noindex/Runner.build/Release-iphoneos/Runner.build/-CoreMLPartialInfo.plist
    export COREML_DEPLOYMENT_TARGET=13.0
    export COREML_DEPLOYMENT_TARGET__NO=13.0
    export COREML_DEPLOYMENT_TARGET__YES=13.0
    export COREML_PLATFORM_NAME=ios
    export COREML_PLATFORM_NAME__NO=ios
    export COREML_PLATFORM_NAME__YES=maccatalyst
    export CORRESPONDING_SIMULATOR_PLATFORM_DIR=/Applications/Xcode_15.4.app/Contents/Developer/Platforms/iPhoneSimulator.platform
    export CORRESPONDING_SIMULATOR_PLATFORM_NAME=iphonesimulator
    export CORRESPONDING_SIMULATOR_SDK_DIR=/Applications/Xcode_15.4.app/Contents/Developer/Platforms/iPhoneSimulator.platform/Developer/SDKs/iPhoneSimulator17.5.sdk
    export CORRESPONDING_SIMULATOR_SDK_NAME=iphonesimulator17.5
    export CP=/bin/cp
    export CPP_HEADERMAP_FILE=/Users/runner/Library/Developer/Xcode/DerivedData/Runner-cxlsvnhjswijkndnlirzgjlztczd/Build/Intermediates.noindex/Runner.build/Release-iphoneos/Runner.build/Runner.hmap
    export CPP_HEADERMAP_FILE_FOR_ALL_NON_FRAMEWORK_TARGET_HEADERS=/Users/runner/Library/Developer/Xcode/DerivedData/Runner-cxlsvnhjswijkndnlirzgjlztczd/Build/Intermediates.noindex/Runner.build/Release-iphoneos/Runner.build/Runner-all-non-framework-target-headers.hmap
    export CPP_HEADERMAP_FILE_FOR_ALL_TARGET_HEADERS=/Users/runner/Library/Developer/Xcode/DerivedData/Runner-cxlsvnhjswijkndnlirzgjlztczd/Build/Intermediates.noindex/Runner.build/Release-iphoneos/Runner.build/Runner-all-target-headers.hmap
    export CPP_HEADERMAP_FILE_FOR_GENERATED_FILES=/Users/runner/Library/Developer/Xcode/DerivedData/Runner-cxlsvnhjswijkndnlirzgjlztczd/Build/Intermediates.noindex/Runner.build/Release-iphoneos/Runner.build/Runner-generated-files.hmap
    export CPP_HEADERMAP_FILE_FOR_OWN_TARGET_HEADERS=/Users/runner/Library/Developer/Xcode/DerivedData/Runner-cxlsvnhjswijkndnlirzgjlztczd/Build/Intermediates.noindex/Runner.build/Release-iphoneos/Runner.build/Runner-own-target-headers.hmap
    export CPP_HEADERMAP_FILE_FOR_PROJECT_FILES=/Users/runner/Library/Developer/Xcode/DerivedData/Runner-cxlsvnhjswijkndnlirzgjlztczd/Build/Intermediates.noindex/Runner.build/Release-iphoneos/Runner.build/Runner-project-headers.hmap
    export CPP_HEADERMAP_PRODUCT_HEADERS_VFS_FILE=/Users/runner/Library/Developer/Xcode/DerivedData/Runner-cxlsvnhjswijkndnlirzgjlztczd/Build/Intermediates.noindex/Runner.build/all-product-headers.yaml
    export CPP_HEADER_SYMLINKS_DIR=/Users/runner/Library/Developer/Xcode/DerivedData/Runner-cxlsvnhjswijkndnlirzgjlztczd/Build/Intermediates.noindex/Runner.build/Release-iphoneos/Runner.build/Runner.hdrs
    export CREATE_INFOPLIST_SECTION_IN_BINARY=NO
    export CURRENT_ARCH=undefined_arch
    export CURRENT_PROJECT_VERSION=1
    export CURRENT_VARIANT=normal
    export CURRENT_VERSION=
    export CodeSignEntitlements=
    export CodeSignResourceRules=
    export DART_DEFINES=RkxVVFRFUl9WRVJTSU9OPTMuNDQuNA==,RkxVVFRFUl9DSEFOTkVMPXN0YWJsZQ==,RkxVVFRFUl9HSVRfVVJMPWh0dHBzOi8vZ2l0aHViLmNvbS9mbHV0dGVyL2ZsdXR0ZXIuZ2l0,RkxVVFRFUl9GUkFNRVdPUktfUkVWSVNJT049YWQ3MGVjNDYxNw==,RkxVVFRFUl9FTkdJTkVfUkVWSVNJT049YTEwZDhhYzM4ZA==,RkxVVFRFUl9EQVJUX1ZFUlNJT049My4xMi4y
    export DART_OBFUSCATION=false
    export DEAD_CODE_STRIPPING=YES
    export DEBUGGING_SYMBOLS=YES
    export DEBUG_INFORMATION_FORMAT=dwarf-with-dsym
    export DEFAULT_COMPILER=com.apple.compilers.llvm.clang.1_0
    export DEFAULT_DEXT_INSTALL_PATH=/System/Library/DriverExtensions
    export DEFAULT_KEXT_INSTALL_PATH=/System/Library/Extensions
    export DEFAULT_SSE_LEVEL_3_NO=default
    export DEFAULT_SSE_LEVEL_3_SUPPLEMENTAL_NO=default
    export DEFAULT_SSE_LEVEL_3_SUPPLEMENTAL_YES=ssse3
    export DEFAULT_SSE_LEVEL_3_YES=sse3
    export DEFAULT_SSE_LEVEL_4_1_NO=default
    export DEFAULT_SSE_LEVEL_4_1_YES=sse4.1
    export DEFAULT_SSE_LEVEL_4_2_NO=default
    export DEFAULT_SSE_LEVEL_4_2_YES=sse4.2
    export DEFINES_MODULE=NO
    export DEPLOYMENT_LOCATION=NO
    export DEPLOYMENT_POSTPROCESSING=NO
    export DEPLOYMENT_TARGET=13.0
    export DEPLOYMENT_TARGET_SETTING_NAME=IPHONEOS_DEPLOYMENT_TARGET
    export DEPLOYMENT_TARGET_SUGGESTED_VALUES="12.0 12.1 12.2 12.3 12.4 13.0 13.1 13.2 13.3 13.4 13.5 13.6 14.0 14.1 14.2 14.3 14.4 14.5 14.6 14.7 15.0 15.1 15.2 15.3 15.4 15.5 15.6 16.0 16.1 16.2 16.3 16.4 16.5 16.6 17.0 17.1 17.2 17.3 17.4 17.5"
    export DERIVED_DATA_DIR=/Users/runner/Library/Developer/Xcode/DerivedData
    export DERIVED_FILES_DIR=/Users/runner/Library/Developer/Xcode/DerivedData/Runner-cxlsvnhjswijkndnlirzgjlztczd/Build/Intermediates.noindex/Runner.build/Release-iphoneos/Runner.build/DerivedSources
    export DERIVED_FILE_DIR=/Users/runner/Library/Developer/Xcode/DerivedData/Runner-cxlsvnhjswijkndnlirzgjlztczd/Build/Intermediates.noindex/Runner.build/Release-iphoneos/Runner.build/DerivedSources
    export DERIVED_PATHS=
    export DERIVED_SOURCES_DIR=/Users/runner/Library/Developer/Xcode/DerivedData/Runner-cxlsvnhjswijkndnlirzgjlztczd/Build/Intermediates.noindex/Runner.build/Release-iphoneos/Runner.build/DerivedSources
    export DERIVE_MACCATALYST_PRODUCT_BUNDLE_IDENTIFIER=NO
    export DEVELOPER_APPLICATIONS_DIR=/Applications/Xcode_15.4.app/Contents/Developer/Applications
    export DEVELOPER_BIN_DIR=/Applications/Xcode_15.4.app/Contents/Developer/usr/bin
    export DEVELOPER_DIR=/Applications/Xcode_15.4.app/Contents/Developer
    export DEVELOPER_FRAMEWORKS_DIR=/Applications/Xcode_15.4.app/Contents/Developer/Library/Frameworks
    export DEVELOPER_FRAMEWORKS_DIR_QUOTED=/Applications/Xcode_15.4.app/Contents/Developer/Library/Frameworks
    export DEVELOPER_LIBRARY_DIR=/Applications/Xcode_15.4.app/Contents/Developer/Library
    export DEVELOPER_SDK_DIR=/Applications/Xcode_15.4.app/Contents/Developer/Platforms/MacOSX.platform/Developer/SDKs
    export DEVELOPER_TOOLS_DIR=/Applications/Xcode_15.4.app/Contents/Developer/Tools
    export DEVELOPER_USR_DIR=/Applications/Xcode_15.4.app/Contents/Developer/usr
    export DEVELOPMENT_ASSET_PATHS=
    export DEVELOPMENT_LANGUAGE=en
    export DEVELOPMENT_TEAM=
    export DEVICE_NAME="Any iOS Device"
    export DIFF=/usr/bin/diff
    export DOCC_ANALYZE_DIAGNOSTICS=NO
    export DOCC_ARCHIVE_PATH=/Users/runner/Library/Developer/Xcode/DerivedData/Runner-cxlsvnhjswijkndnlirzgjlztczd/Build/Products/Release-iphoneos/Runner.doccarchive
    export DOCC_CATALOG_DISPLAY_NAME=Runner
    export DOCC_CATALOG_IDENTIFIER=com.anivault.anivault
    export DOCC_CATALOG_VERSION=1
    export DOCC_DIAGNOSTICS_FILE=/Users/runner/Library/Developer/Xcode/DerivedData/Runner-cxlsvnhjswijkndnlirzgjlztczd/Build/Intermediates.noindex/Runner.build/Release-iphoneos/Runner.build/Runner-diagnostics.json
    export DOCC_EMIT_FIXITS=YES
    export DOCC_EXEC=docc
    export DOCC_EXTRACT_EXTENSION_SYMBOLS=YES
    export DOCC_EXTRACT_OBJC_INFO_FOR_SWIFT_SYMBOLS=NO
    export DOCC_EXTRACT_SPI_DOCUMENTATION=NO
    export DOCC_EXTRACT_SWIFT_INFO_FOR_OBJC_SYMBOLS=NO
    export DOCC_HOSTING_BASE_PATH=
    export DOCC_IDE_CONSOLE_OUTPUT=YES
    export DOCC_OUTPUT_DIGEST_INFORMATION=NO
    export DOCC_OUTPUT_DIR=/Users/runner/Library/Developer/Xcode/DerivedData/Runner-cxlsvnhjswijkndnlirzgjlztczd/Build/Products/Release-iphoneos
    export DOCC_OUTPUT_NAVIGATOR_INDEX=YES
    export DOCC_TEMPLATE_PATH=
    export DOCC_TRANSFORM_FOR_STATIC_HOSTING=YES
    export DOCUMENTATION_FOLDER_PATH=Runner.app/en.lproj/Documentation
    export DONT_GENERATE_INFOPLIST_FILE=NO
    export DOTNET_MULTILEVEL_LOOKUP=0
    export DOTNET_NOLOGO=1
    export DOTNET_SKIP_FIRST_TIME_EXPERIENCE=1
    export DO_HEADER_SCANNING_IN_JAM=NO
    export DRIVERKIT_DEPLOYMENT_TARGET=23.5
    export DSTROOT=/tmp/Runner.dst
    export DSYMUTIL_DSYM_SEARCH_PATHS=
    export DSYMUTIL_VARIANT_SUFFIX=
    export DSYMUTIL_VERBOSE=NO
    export DTRACE_OTHER_FLAGS=
    export DTRACE_OUTPUT_FILE_TYPE=Header
    export DT_TOOLCHAIN_DIR=/Applications/Xcode_15.4.app/Contents/Developer/Toolchains/XcodeDefault.xctoolchain
    export DWARF_DSYM_FILE_NAME=Runner.app.dSYM
    export DWARF_DSYM_FILE_SHOULD_ACCOMPANY_PRODUCT=NO
    export DWARF_DSYM_FOLDER_PATH=/Users/runner/Library/Developer/Xcode/DerivedData/Runner-cxlsvnhjswijkndnlirzgjlztczd/Build/Products/Release-iphoneos
    export DYLIB_COMPATIBILITY_VERSION=
    export DYLIB_CURRENT_VERSION=
    export DYLIB_INSTALL_NAME_BASE=
    export EAGER_LINKING=NO
    export EDGEWEBDRIVER=/usr/local/share/edge_driver
    export EFFECTIVE_PLATFORM_NAME=-iphoneos
    export EFFECTIVE_PLATFORM_SUFFIX=os
    export EFFECTIVE_TOOLCHAINS_DIRS=/Applications/Xcode_15.4.app/Contents/Developer/Toolchains/XcodeDefault.xctoolchain
    export EMBEDDED_CONTENT_CONTAINS_SWIFT=NO
    export EMBEDDED_PROFILE_NAME=embedded.mobileprovision
    export EMBED_ASSET_PACKS_IN_PRODUCT_BUNDLE=NO
    export ENABLE_APPINTENTS_DEPLOYMENT_AWARE_PROCESSING=YES
    export ENABLE_APPLE_KEXT_CODE_GENERATION=NO
    export ENABLE_APP_SANDBOX=NO
    export ENABLE_BITCODE=NO
    export ENABLE_CODE_COVERAGE=YES
    export ENABLE_DEFAULT_HEADER_SEARCH_PATHS=YES
    export ENABLE_DEFAULT_SEARCH_PATHS=YES
    export ENABLE_HARDENED_RUNTIME=NO
    export ENABLE_HEADER_DEPENDENCIES=YES
    export ENABLE_INCREMENTAL_DISTILL=NO
    export ENABLE_MODULE_VERIFIER=NO
    export ENABLE_NS_ASSERTIONS=NO
    export ENABLE_ONLY_ACTIVE_RESOURCES=YES
    export ENABLE_ON_DEMAND_RESOURCES=YES
    export ENABLE_PREVIEWS=
    export ENABLE_RUNNER_TRACING=true
    export ENABLE_STRICT_OBJC_MSGSEND=YES
    export ENABLE_SYSTEM_SANITIZERS=
    export ENABLE_TESTABILITY=NO
    export ENABLE_TESTING_SEARCH_PATHS=NO
    export ENABLE_USDZ_COMPILATION=NO
    export ENABLE_USER_SCRIPT_SANDBOXING=NO
    export ENABLE_USER_SELECTED_FILES=
    export ENTITLEMENTS_ALLOWED=YES
    export ENTITLEMENTS_DESTINATION=Signature
    export ENTITLEMENTS_REQUIRED=NO
    export EXCLUDED_ARCHS=armv7
    export EXCLUDED_INSTALLSRC_SUBDIRECTORY_PATTERNS=".DS_Store .svn .git .hg CVS"
    export EXCLUDED_RECURSIVE_SEARCH_PATH_SUBDIRECTORIES="*.nib *.lproj *.framework *.gch *.xcode* *.xcassets (*) .DS_Store CVS .svn .git .hg *.pbproj *.pbxproj"
    export EXCLUDED_SOURCE_FILE_NAMES=
    export EXECUTABLES_FOLDER_PATH=Runner.app/Executables
    export EXECUTABLE_EXTENSION=
    export EXECUTABLE_FOLDER_PATH=Runner.app
    export EXECUTABLE_FOLDER_PATH_SHALLOW_BUNDLE_NO=Runner.app/MacOS
    export EXECUTABLE_FOLDER_PATH_SHALLOW_BUNDLE_YES=Runner.app
    export EXECUTABLE_NAME=Runner
    export EXECUTABLE_PATH=Runner.app/Runner
    export EXECUTABLE_PREFIX=
    export EXECUTABLE_SUFFIX=
    export EXECUTABLE_VARIANT_SUFFIX=
    export EXPORTED_SYMBOLS_FILE=
    export EXTENSIONS_FOLDER_PATH=Runner.app/Extensions
    export ExpandBuildSettings=
    export FILE_LIST=/Users/runner/Library/Developer/Xcode/DerivedData/Runner-cxlsvnhjswijkndnlirzgjlztczd/Build/Intermediates.noindex/Runner.build/Release-iphoneos/Runner.build/Objects/LinkFileList
    export FIXED_FILES_DIR=/Users/runner/Library/Developer/Xcode/DerivedData/Runner-cxlsvnhjswijkndnlirzgjlztczd/Build/Intermediates.noindex/Runner.build/Release-iphoneos/Runner.build/FixedFiles
    export FLUTTER_APPLICATION_PATH=/Users/runner/work/anivault/anivault
    export FLUTTER_BUILD_DIR=build
    export FLUTTER_BUILD_NAME=1.0.0
    export FLUTTER_BUILD_NUMBER=1
    export FLUTTER_FRAMEWORK_SWIFT_PACKAGE_PATH=/Users/runner/work/anivault/anivault/ios/Flutter/ephemeral/Packages/.packages/FlutterFramework
    export FLUTTER_ROOT=/Users/runner/hostedtoolcache/flutter/stable-3.44.4-arm64/flutter
    export FLUTTER_TARGET=lib/main.dart
    export FRAMEWORKS_FOLDER_PATH=Runner.app/Frameworks
    export FRAMEWORK_FLAG_PREFIX=-framework
    export FRAMEWORK_SEARCH_PATHS=" \"/Users/runner/Library/Developer/Xcode/DerivedData/Runner-cxlsvnhjswijkndnlirzgjlztczd/Build/Products/Release-iphoneos/media_kit_libs_ios_video\" \"/Users/runner/Library/Developer/Xcode/DerivedData/Runner-cxlsvnhjswijkndnlirzgjlztczd/Build/Products/Release-iphoneos/media_kit_video\" \"/Users/runner/work/anivault/anivault/ios/Pods/../.symlinks/plugins/media_kit_libs_ios_video/ios/Frameworks\" \"/Users/runner/Library/Developer/Xcode/DerivedData/Runner-cxlsvnhjswijkndnlirzgjlztczd/Build/Products/Release-iphoneos/XCFrameworkIntermediates/media_kit_libs_ios_video\""
    export FRAMEWORK_VERSION=A
    export FULL_PRODUCT_NAME=Runner.app
    export FUSE_BUILD_PHASES=YES
    export FUSE_BUILD_SCRIPT_PHASES=NO
    export GCC3_VERSION=3.3
    export GCC_CHAR_IS_UNSIGNED_CHAR=NO
    export GCC_CW_ASM_SYNTAX=YES
    export GCC_C_LANGUAGE_STANDARD=gnu99
    export GCC_DEBUG_INFORMATION_FORMAT=dwarf-with-dsym
    export GCC_DYNAMIC_NO_PIC=NO
    export GCC_ENABLE_ASM_KEYWORD=YES
    export GCC_ENABLE_BUILTIN_FUNCTIONS=YES
    export GCC_ENABLE_CPP_EXCEPTIONS=YES
    export GCC_ENABLE_CPP_RTTI=YES
    export GCC_ENABLE_EXCEPTIONS=NO
    export GCC_ENABLE_FLOATING_POINT_LIBRARY_CALLS=NO
    export GCC_ENABLE_KERNEL_DEVELOPMENT=NO
    export GCC_ENABLE_OBJC_EXCEPTIONS=YES
    export GCC_ENABLE_PASCAL_STRINGS=YES
    export GCC_ENABLE_SSE3_EXTENSIONS=NO
    export GCC_ENABLE_SSE41_EXTENSIONS=NO
    export GCC_ENABLE_SSE42_EXTENSIONS=NO
    export GCC_ENABLE_SUPPLEMENTAL_SSE3_INSTRUCTIONS=NO
    export GCC_ENABLE_TRIGRAPHS=NO
    export GCC_FAST_MATH=NO
    export GCC_GENERATE_DEBUGGING_SYMBOLS=YES
    export GCC_GENERATE_TEST_COVERAGE_FILES=NO
    export GCC_INCREASE_PRECOMPILED_HEADER_SHARING=NO
    export GCC_INLINES_ARE_PRIVATE_EXTERN=YES
    export GCC_INPUT_FILETYPE=automatic
    export GCC_INSTRUMENT_PROGRAM_FLOW_ARCS=NO
    export GCC_LINK_WITH_DYNAMIC_LIBRARIES=YES
    export GCC_NO_COMMON_BLOCKS=YES
    export GCC_OBJC_ABI_VERSION=
    export GCC_OBJC_LEGACY_DISPATCH=NO
    export GCC_OPERATION=compile
    export GCC_OPTIMIZATION_LEVEL=s
    export GCC_PFE_FILE_C_DIALECTS="c objective-c c++ objective-c++"
    export GCC_PRECOMPILE_PREFIX_HEADER=
    export GCC_PREFIX_HEADER=
    export GCC_PREPROCESSOR_DEFINITIONS=" COCOAPODS=1"
    export GCC_PREPROCESSOR_DEFINITIONS_NOT_USED_IN_PRECOMPS=
    export GCC_PRODUCT_TYPE_PREPROCESSOR_DEFINITIONS=
    export GCC_REUSE_STRINGS=YES
    export GCC_SHORT_ENUMS=NO
    export GCC_STRICT_ALIASING=YES
    export GCC_SYMBOLS_PRIVATE_EXTERN=YES
    export GCC_THREADSAFE_STATICS=YES
    export GCC_THUMB_SUPPORT=YES
    export GCC_TREAT_IMPLICIT_FUNCTION_DECLARATIONS_AS_ERRORS=NO
    export GCC_TREAT_INCOMPATIBLE_POINTER_TYPE_WARNINGS_AS_ERRORS=NO
    export GCC_TREAT_WARNINGS_AS_ERRORS=NO
    export GCC_UNROLL_LOOPS=NO
    export GCC_USE_GCC3_PFE_SUPPORT=
    export GCC_USE_STANDARD_INCLUDE_SEARCHING=YES
    export GCC_VERSION=
    export GCC_VERSION_IDENTIFIER=
    export GCC_WARN_64_TO_32_BIT_CONVERSION=YES
    export GCC_WARN_ABOUT_DEPRECATED_FUNCTIONS=YES
    export GCC_WARN_ABOUT_INVALID_OFFSETOF_MACRO=YES
    export GCC_WARN_ABOUT_MISSING_FIELD_INITIALIZERS=NO
    export GCC_WARN_ABOUT_MISSING_NEWLINE=NO
    export GCC_WARN_ABOUT_MISSING_PROTOTYPES=NO
    export GCC_WARN_ABOUT_POINTER_SIGNEDNESS=YES
    export GCC_WARN_ABOUT_RETURN_TYPE=YES_ERROR
    export GCC_WARN_ALLOW_INCOMPLETE_PROTOCOL=YES
    export GCC_WARN_CHECK_SWITCH_STATEMENTS=YES
    export GCC_WARN_FOUR_CHARACTER_CONSTANTS=NO
    export GCC_WARN_HIDDEN_VIRTUAL_FUNCTIONS=NO
    export GCC_WARN_INHIBIT_ALL_WARNINGS=NO
    export GCC_WARN_INITIALIZER_NOT_FULLY_BRACKETED=NO
    export GCC_WARN_MISSING_PARENTHESES=YES
    export GCC_WARN_MULTIPLE_DEFINITION_TYPES_FOR_SELECTOR=NO
    export GCC_WARN_NON_VIRTUAL_DESTRUCTOR=NO
    export GCC_WARN_PEDANTIC=NO
    export GCC_WARN_SHADOW=NO
    export GCC_WARN_SIGN_COMPARE=NO
    export GCC_WARN_STRICT_SELECTOR_MATCH=NO
    export GCC_WARN_TYPECHECK_CALLS_TO_PRINTF=YES
    export GCC_WARN_UNDECLARED_SELECTOR=YES
    export GCC_WARN_UNINITIALIZED_AUTOS=YES_AGGRESSIVE
    export GCC_WARN_UNKNOWN_PRAGMAS=NO
    export GCC_WARN_UNUSED_FUNCTION=YES
    export GCC_WARN_UNUSED_LABEL=NO
    export GCC_WARN_UNUSED_PARAMETER=NO
    export GCC_WARN_UNUSED_VALUE=YES
    export GCC_WARN_UNUSED_VARIABLE=YES
    export GECKOWEBDRIVER=/opt/homebrew/opt/geckodriver/bin
    export GENERATED_MODULEMAP_DIR=/Users/runner/Library/Developer/Xcode/DerivedData/Runner-cxlsvnhjswijkndnlirzgjlztczd/Build/Intermediates.noindex/GeneratedModuleMaps-iphoneos
    export GENERATE_INFOPLIST_FILE=NO
    export GENERATE_INTERMEDIATE_TEXT_BASED_STUBS=YES
    export GENERATE_MASTER_OBJECT_FILE=NO
    export GENERATE_PKGINFO_FILE=YES
    export GENERATE_PROFILING_CODE=NO
    export GENERATE_TEXT_BASED_STUBS=NO
    export GID=20
    export GITHUB_ACTION=__run_4
    export GITHUB_ACTIONS=true
    export GITHUB_ACTION_REF=
    export GITHUB_ACTION_REPOSITORY=
    export GITHUB_ACTOR=KYoiRyi
    export GITHUB_ACTOR_ID=195985290
    export GITHUB_API_URL="https://api.github.com"
    export GITHUB_BASE_REF=
    export GITHUB_ENV=/Users/runner/work/_temp/_runner_file_commands/set_env_52c93f93-02ff-4256-bb6b-3c3d71849612
    export GITHUB_EVENT_NAME=push
    export GITHUB_EVENT_PATH=/Users/runner/work/_temp/_github_workflow/event.json
    export GITHUB_GRAPHQL_URL="https://api.github.com/graphql"
    export GITHUB_HEAD_REF=
    export GITHUB_JOB=build_ios
    export GITHUB_OUTPUT=/Users/runner/work/_temp/_runner_file_commands/set_output_52c93f93-02ff-4256-bb6b-3c3d71849612
    export GITHUB_PATH=/Users/runner/work/_temp/_runner_file_commands/add_path_52c93f93-02ff-4256-bb6b-3c3d71849612
    export GITHUB_REF=refs/heads/main
    export GITHUB_REF_NAME=main
    export GITHUB_REF_PROTECTED=false
    export GITHUB_REF_TYPE=branch
    export GITHUB_REPOSITORY=KYoiRyi/anivault
    export GITHUB_REPOSITORY_ID=1214254989
    export GITHUB_REPOSITORY_OWNER=KYoiRyi
    export GITHUB_REPOSITORY_OWNER_ID=195985290
    export GITHUB_RETENTION_DAYS=90
    export GITHUB_RUN_ATTEMPT=1
    export GITHUB_RUN_ID=28436788321
    export GITHUB_RUN_NUMBER=74
    export GITHUB_SERVER_URL="https://github.com"
    export GITHUB_SHA=f0dff285b0522421a53cc0266fd4272c88e5c353
    export GITHUB_STATE=/Users/runner/work/_temp/_runner_file_commands/save_state_52c93f93-02ff-4256-bb6b-3c3d71849612
    export GITHUB_STEP_SUMMARY=/Users/runner/work/_temp/_runner_file_commands/step_summary_52c93f93-02ff-4256-bb6b-3c3d71849612
    export GITHUB_TRIGGERING_ACTOR=KYoiRyi
    export GITHUB_WORKFLOW="iOS Build Pipeline"
    export GITHUB_WORKFLOW_REF="KYoiRyi/anivault/.github/workflows/ios_build.yml@refs/heads/main"
    export GITHUB_WORKFLOW_SHA=f0dff285b0522421a53cc0266fd4272c88e5c353
    export GITHUB_WORKSPACE=/Users/runner/work/anivault/anivault
    export GLOBAL_CFLAGS=
    export GOROOT_1_22_ARM64=/Users/runner/hostedtoolcache/go/1.22.12/arm64
    export GOROOT_1_23_ARM64=/Users/runner/hostedtoolcache/go/1.23.12/arm64
    export GOROOT_1_24_ARM64=/Users/runner/hostedtoolcache/go/1.24.13/arm64
    export GOROOT_1_25_ARM64=/Users/runner/hostedtoolcache/go/1.25.11/arm64
    export GROUP=staff
    export GeneratedPkgInfoFile=
    export HEADERMAP_FILE_FORMAT=traditional
    export HEADERMAP_INCLUDES_FLAT_ENTRIES_FOR_TARGET_BEING_BUILT=YES
    export HEADERMAP_INCLUDES_FRAMEWORK_ENTRIES_FOR_ALL_PRODUCT_TYPES=YES
    export HEADERMAP_INCLUDES_NONPUBLIC_NONPRIVATE_HEADERS=YES
    export HEADERMAP_INCLUDES_PROJECT_HEADERS=YES
    export HEADERMAP_USES_FRAMEWORK_PREFIX_ENTRIES=YES
    export HEADERMAP_USES_VFS=NO
    export HEADER_SEARCH_PATHS=" \"/Users/runner/Library/Developer/Xcode/DerivedData/Runner-cxlsvnhjswijkndnlirzgjlztczd/Build/Products/Release-iphoneos/media_kit_libs_ios_video/media_kit_libs_ios_video.framework/Headers\" \"/Users/runner/Library/Developer/Xcode/DerivedData/Runner-cxlsvnhjswijkndnlirzgjlztczd/Build/Products/Release-iphoneos/media_kit_video/media_kit_video.framework/Headers\""
    export HIDE_BITCODE_SYMBOLS=YES
    export HOME=/Users/runner
    export HOMEBREW_CASK_OPTS=--no-quarantine
    export HOMEBREW_CELLAR=/opt/homebrew/Cellar
    export HOMEBREW_NO_AUTO_UPDATE=1
    export HOMEBREW_NO_INSTALL_CLEANUP=1
    export HOMEBREW_PREFIX=/opt/homebrew
    export HOMEBREW_REPOSITORY=/opt/homebrew
    export HOST_ARCH=arm64e
    export IBC_COMPILATION_MODE_FOR_IOS=
    export IBC_COMPILER_AUTO_ACTIVATE_CUSTOM_FONTS=YES
    export IBC_COMPILER_USE_NIBKEYEDARCHIVER_FOR_MACOS=NO
    export IBC_ERRORS=YES
    export IBC_EXEC=ibtool
    export IBC_FLATTEN_NIBS=YES
    export IBC_MODULE=Runner
    export IBC_NOTICES=YES
    export IBC_OTHER_FLAGS=
    export IBC_OVERRIDING_PLUGINS_AND_FRAMEWORKS_DIR=
    export IBC_PLUGINS=
    export IBC_PLUGIN_SEARCH_PATHS=
    export IBC_REGIONS_AND_STRINGS_FILES=
    export IBC_STRIP_NIBS=YES
    export IBC_WARNINGS=YES
    export IBSC_COMPILATION_MODE_FOR_IOS=
    export IBSC_COMPILER_AUTO_ACTIVATE_CUSTOM_FONTS=YES
    export IBSC_COMPILER_USE_NIBKEYEDARCHIVER_FOR_MACOS=NO
    export IBSC_ERRORS=YES
    export IBSC_FLATTEN_NIBS=YES
    export IBSC_MODULE=Runner
    export IBSC_NOTICES=YES
    export IBSC_OTHER_FLAGS=
    export IBSC_REGIONS_AND_STRINGS_FILES=
    export IBSC_STRIP_NIBS=YES
    export IBSC_WARNINGS=YES
    export ICONV=/usr/bin/iconv
    export IIG_CXX_LANGUAGE_STANDARD=gnu++0x
    export IIG_DERIVED_FILE_DIR=/Users/runner/Library/Developer/Xcode/DerivedData/Runner-cxlsvnhjswijkndnlirzgjlztczd/Build/Intermediates.noindex/Runner.build/Release-iphoneos/Runner.build/DerivedSources/Runner
    export IIG_EXEC=iig
    export IIG_FRAMEWORK_NAME=Runner
    export IIG_HEADERS_DIR=/Users/runner/Library/Developer/Xcode/DerivedData/Runner-cxlsvnhjswijkndnlirzgjlztczd/Build/Intermediates.noindex/Runner.build/Release-iphoneos/Runner.build/DerivedSources/Runner
    export IIG_IMPLEMENTATION_DIR=/Users/runner/Library/Developer/Xcode/DerivedData/Runner-cxlsvnhjswijkndnlirzgjlztczd/Build/Intermediates.noindex/Runner.build/Release-iphoneos/Runner.build/DerivedSources/Runner
    export IIG_PREPROCESSOR_DEFINITIONS=__IIG=1
    export INCLUDED_RECURSIVE_SEARCH_PATH_SUBDIRECTORIES=
    export INCLUDED_SOURCE_FILE_NAMES=
    export INDEX_DATA_STORE_DIR=/Users/runner/Library/Developer/Xcode/DerivedData/Runner-cxlsvnhjswijkndnlirzgjlztczd/Index.noindex/DataStore
    export INDEX_ENABLE_DATA_STORE=YES
    export INDEX_PRECOMPS_DIR=/Users/runner/Library/Developer/Xcode/DerivedData/Runner-cxlsvnhjswijkndnlirzgjlztczd/Index.noindex/PrecompiledHeaders
    export INFOPATH="/opt/homebrew/share/info:"
    export INFOPLIST_ENABLE_CFBUNDLEICONS_MERGE=YES
    export INFOPLIST_EXPAND_BUILD_SETTINGS=YES
    export INFOPLIST_FILE=Runner/Info.plist
    export INFOPLIST_KEY_CFBundleDisplayName=
    export INFOPLIST_KEY_CLKComplicationPrincipalClass=
    export INFOPLIST_KEY_LSApplicationCategoryType=
    export INFOPLIST_KEY_LSBackgroundOnly=
    export INFOPLIST_KEY_LSSupportsOpeningDocumentsInPlace=
    export INFOPLIST_KEY_LSUIElement=
    export INFOPLIST_KEY_MetalCaptureEnabled=
    export INFOPLIST_KEY_NFCReaderUsageDescription=
    export INFOPLIST_KEY_NSAppleEventsUsageDescription=
    export INFOPLIST_KEY_NSAppleMusicUsageDescription=
    export INFOPLIST_KEY_NSBluetoothAlwaysUsageDescription=
    export INFOPLIST_KEY_NSBluetoothPeripheralUsageDescription=
    export INFOPLIST_KEY_NSBluetoothWhileInUseUsageDescription=
    export INFOPLIST_KEY_NSCalendarsUsageDescription=
    export INFOPLIST_KEY_NSCameraUsageDescription=
    export INFOPLIST_KEY_NSContactsUsageDescription=
    export INFOPLIST_KEY_NSDesktopFolderUsageDescription=
    export INFOPLIST_KEY_NSDocumentsFolderUsageDescription=
    export INFOPLIST_KEY_NSDownloadsFolderUsageDescription=
    export INFOPLIST_KEY_NSFaceIDUsageDescription=
    export INFOPLIST_KEY_NSFallDetectionUsageDescription=
    export INFOPLIST_KEY_NSFileProviderDomainUsageDescription=
    export INFOPLIST_KEY_NSFileProviderPresenceUsageDescription=
    export INFOPLIST_KEY_NSFocusStatusUsageDescription=
    export INFOPLIST_KEY_NSGKFriendListUsageDescription=
    export INFOPLIST_KEY_NSHealthClinicalHealthRecordsShareUsageDescription=
    export INFOPLIST_KEY_NSHealthShareUsageDescription=
    export INFOPLIST_KEY_NSHealthUpdateUsageDescription=
    export INFOPLIST_KEY_NSHomeKitUsageDescription=
    export INFOPLIST_KEY_NSHumanReadableCopyright=
    export INFOPLIST_KEY_NSLocalNetworkUsageDescription=
    export INFOPLIST_KEY_NSLocationAlwaysAndWhenInUseUsageDescription=
    export INFOPLIST_KEY_NSLocationAlwaysUsageDescription=
    export INFOPLIST_KEY_NSLocationTemporaryUsageDescriptionDictionary=
    export INFOPLIST_KEY_NSLocationUsageDescription=
    export INFOPLIST_KEY_NSLocationWhenInUseUsageDescription=
    export INFOPLIST_KEY_NSMainNibFile=
    export INFOPLIST_KEY_NSMainStoryboardFile=
    export INFOPLIST_KEY_NSMicrophoneUsageDescription=
    export INFOPLIST_KEY_NSMotionUsageDescription=
    export INFOPLIST_KEY_NSNearbyInteractionAllowOnceUsageDescription=
    export INFOPLIST_KEY_NSNearbyInteractionUsageDescription=
    export INFOPLIST_KEY_NSNetworkVolumesUsageDescription=
    export INFOPLIST_KEY_NSPhotoLibraryAddUsageDescription=
    export INFOPLIST_KEY_NSPhotoLibraryUsageDescription=
    export INFOPLIST_KEY_NSPrincipalClass=
    export INFOPLIST_KEY_NSRemindersUsageDescription=
    export INFOPLIST_KEY_NSRemovableVolumesUsageDescription=
    export INFOPLIST_KEY_NSSensorKitPrivacyPolicyURL=
    export INFOPLIST_KEY_NSSensorKitUsageDescription=
    export INFOPLIST_KEY_NSSiriUsageDescription=
    export INFOPLIST_KEY_NSSpeechRecognitionUsageDescription=
    export INFOPLIST_KEY_NSStickerSharingLevel=
    export INFOPLIST_KEY_NSSupportsLiveActivities=
    export INFOPLIST_KEY_NSSupportsLiveActivitiesFrequentUpdates=
    export INFOPLIST_KEY_NSSystemAdministrationUsageDescription=
    export INFOPLIST_KEY_NSSystemExtensionUsageDescription=
    export INFOPLIST_KEY_NSUserTrackingUsageDescription=
    export INFOPLIST_KEY_NSVideoSubscriberAccountUsageDescription=
    export INFOPLIST_KEY_NSVoIPUsageDescription=
    export INFOPLIST_KEY_OSBundleUsageDescription=
    export INFOPLIST_KEY_UIApplicationSceneManifest_Generation=
    export INFOPLIST_KEY_UIApplicationSupportsIndirectInputEvents=
    export INFOPLIST_KEY_UILaunchScreen_Generation=
    export INFOPLIST_KEY_UILaunchStoryboardName=
    export INFOPLIST_KEY_UIMainStoryboardFile=
    export INFOPLIST_KEY_UIRequiresFullScreen=
    export INFOPLIST_KEY_UIStatusBarHidden=
    export INFOPLIST_KEY_UIStatusBarStyle=
    export INFOPLIST_KEY_UISupportsDocumentBrowser=
    export INFOPLIST_KEY_UIUserInterfaceStyle=
    export INFOPLIST_KEY_WKCompanionAppBundleIdentifier=
    export INFOPLIST_KEY_WKExtensionDelegateClassName=
    export INFOPLIST_KEY_WKRunsIndependentlyOfCompanionApp=
    export INFOPLIST_KEY_WKWatchOnly=
    export INFOPLIST_OTHER_PREPROCESSOR_FLAGS=
    export INFOPLIST_OUTPUT_FORMAT=binary
    export INFOPLIST_PATH=Runner.app/Info.plist
    export INFOPLIST_PREFIX_HEADER=
    export INFOPLIST_PREPROCESS=NO
    export INFOPLIST_PREPROCESSOR_DEFINITIONS=
    export INFOSTRINGS_PATH=Runner.app/en.lproj/InfoPlist.strings
    export INIT_ROUTINE=
    export INLINE_PRIVATE_FRAMEWORKS=NO
    export INSTALLHDRS_COPY_PHASE=NO
    export INSTALLHDRS_SCRIPT_PHASE=NO
    export INSTALL_DIR=/tmp/Runner.dst/Applications
    export INSTALL_GROUP=staff
    export INSTALL_MODE_FLAG=u+w,go-w,a+rX
    export INSTALL_OWNER=runner
    export INSTALL_PATH=/Applications
    export INSTALL_ROOT=/tmp/Runner.dst
    export INSTRUMENTS_PACKAGE_BUILDER=instrumentbuilder
    export INSTRUMENTS_PACKAGE_BUILDER_DEPENDENCY_INFO_FILE=/Users/runner/Library/Developer/Xcode/DerivedData/Runner-cxlsvnhjswijkndnlirzgjlztczd/Build/Intermediates.noindex/Runner.build/Release-iphoneos/Runner.build/instruments-package-builder.dependencies
    export INSTRUMENTS_PACKAGE_BUILDER_LINKED_PACKAGES=
    export INSTRUMENTS_PACKAGE_BUILDER_NO_SYSTEM_SEARCH=NO
    export INSTRUMENTS_PACKAGE_BUILDER_SEARCH_PATHS=/Users/runner/Library/Developer/Xcode/DerivedData/Runner-cxlsvnhjswijkndnlirzgjlztczd/Build/Products/Release-iphoneos
    export INSTRUMENTS_PACKAGE_BUILDER_VERSION_OVERRIDE=
    export INTENTS_CODEGEN_LANGUAGE=Automatic
    export IPHONEOS_DEPLOYMENT_TARGET=13.0
    export IS_MACCATALYST=
    export ImageOS=macos14
    export ImageVersion=20260608.0118.1
    export InfoPlistPath=
    export JAVAC_DEFAULT_FLAGS="-J-Xms64m -J-XX:NewSize=4M -J-Dfile.encoding=UTF8"
    export JAVA_APP_STUB=/System/Library/Frameworks/JavaVM.framework/Resources/MacOS/JavaApplicationStub
    export JAVA_ARCHIVE_CLASSES=YES
    export JAVA_ARCHIVE_TYPE=JAR
    export JAVA_COMPILER=/usr/bin/javac
    export JAVA_FOLDER_PATH=Runner.app/Java
    export JAVA_FRAMEWORK_JARS=
    export JAVA_FRAMEWORK_RESOURCES_DIRS=Resources
    export JAVA_HOME=/Users/runner/hostedtoolcache/Java_Temurin-Hotspot_jdk/21.0.11-10.0/arm64/Contents/Home/
    export JAVA_HOME_11_arm64=/Users/runner/hostedtoolcache/Java_Temurin-Hotspot_jdk/11.0.31-11/arm64/Contents/Home/
    export JAVA_HOME_17_arm64=/Users/runner/hostedtoolcache/Java_Temurin-Hotspot_jdk/17.0.19-10/arm64/Contents/Home/
    export JAVA_HOME_21_arm64=/Users/runner/hostedtoolcache/Java_Temurin-Hotspot_jdk/21.0.11-10.0/arm64/Contents/Home/
    export JAVA_HOME_25_arm64=/Users/runner/hostedtoolcache/Java_Temurin-Hotspot_jdk/25.0.3-9.0/arm64/Contents/Home/
    export JAVA_JAR_FLAGS=cv
    export JAVA_SOURCE_SUBDIR=.
    export JAVA_USE_DEPENDENCIES=YES
    export JAVA_ZIP_FLAGS=-urg
    export JIKES_DEFAULT_FLAGS="+E +OLDCSO"
    export KASAN_CFLAGS_CLASSIC="-DKASAN=1 -DKASAN_CLASSIC=1 -fsanitize=address -mllvm -asan-globals-live-support -mllvm -asan-force-dynamic-shadow"
    export KASAN_CFLAGS_TBI="-DKASAN=1 -DKASAN_TBI=1 -fsanitize=kernel-hwaddress -mllvm -hwasan-recover=0 -mllvm -hwasan-instrument-atomics=0 -mllvm -hwasan-instrument-stack=1 -mllvm -hwasan-generate-tags-with-calls=1 -mllvm -hwasan-instrument-with-calls=1 -mllvm -hwasan-use-short-granules=0 -mllvm -hwasan-memory-access-callback-prefix=__asan_"
    export KASAN_DEFAULT_CFLAGS="-DKASAN=1 -DKASAN_CLASSIC=1 -fsanitize=address -mllvm -asan-globals-live-support -mllvm -asan-force-dynamic-shadow"
    export KEEP_PRIVATE_EXTERNS=NO
    export KEXT_CFLAGS=
    export KEXT_CPLUSPLUSFLAGS=
    export LANG=en_US.UTF-8
    export LAUNCH_CONSTRAINT_PARENT=
    export LAUNCH_CONSTRAINT_RESPONSIBLE=
    export LAUNCH_CONSTRAINT_SELF=
    export LC_ALL=en_US.UTF-8
    export LC_CTYPE=en_US.UTF-8
    export LD_BITCODE_GENERATION_MODE=marker
    export LD_DEBUG_VARIANT=YES
    export LD_DEPENDENCY_INFO_FILE=/undefined_arch/Runner_dependency_info.dat
    export LD_DETERMINISTIC_MODE=YES
    export LD_DONT_RUN_DEDUPLICATION=YES
    export LD_DYLIB_ALLOWABLE_CLIENTS=
    export LD_DYLIB_INSTALL_NAME=
    export LD_ENTITLEMENTS_SECTION=
    export LD_ENTITLEMENTS_SECTION_DER=
    export LD_ENTRY_POINT=
    export LD_EXPORT_GLOBAL_SYMBOLS=NO
    export LD_EXPORT_SYMBOLS=YES
    export LD_FINAL_OUTPUT_FILE=/Applications/Runner.app/Runner
    export LD_FLAGS=
    export LD_GENERATE_BITCODE_SYMBOL_MAP=YES
    export LD_GENERATE_MAP_FILE=NO
    export LD_HIDE_BITCODE_SYMBOLS=YES
    export LD_LTO_OBJECT_FILE=/undefined_arch/Runner_lto.o
    export LD_MAKE_MERGEABLE=NO
    export LD_MAP_FILE_PATH=/Users/runner/Library/Developer/Xcode/DerivedData/Runner-cxlsvnhjswijkndnlirzgjlztczd/Build/Intermediates.noindex/Runner.build/Release-iphoneos/Runner.build/Runner-LinkMap-normal-undefined_arch.txt
    export LD_NO_PIE=NO
    export LD_OBJC_ABI_VERSION=
    export LD_OPTIMIZATION_LEVEL=s
    export LD_QUOTE_LINKER_ARGUMENTS_FOR_COMPILER_DRIVER=YES
    export LD_RUNPATH_SEARCH_PATHS=" /usr/lib/swift '@executable_path/Frameworks' '@loader_path/Frameworks' @executable_path/Frameworks"
    export LD_RUNPATH_SEARCH_PATHS_YES="@loader_path/../Frameworks"
    export LD_SUPPRESS_WARNINGS=NO
    export LD_TARGET_TRIPLE_ARCHS=undefined_arch
    export LD_THREAD_SANITIZER=
    export LD_VERIFY_BITCODE=YES
    export LEGACY_DEVELOPER_DIR=/Applications/Xcode_15.4.app/Contents/Frameworks/Xcode3Core.framework/SharedSupport/Developer
    export LEX=lex
    export LEXFLAGS=
    export LEX_CASE_INSENSITIVE_SCANNER=NO
    export LEX_INSERT_LINE_DIRECTIVES=YES
    export LEX_SUPPRESS_DEFAULT_RULE=NO
    export LEX_SUPPRESS_WARNINGS=NO
    export LIBRARY_DEXT_INSTALL_PATH=/Library/DriverExtensions
    export LIBRARY_FLAG_NOSPACE=YES
    export LIBRARY_FLAG_PREFIX=-l
    export LIBRARY_KEXT_INSTALL_PATH=/Library/Extensions
    export LIBRARY_LOAD_CONSTRAINT=
    export LIBRARY_SEARCH_PATHS=" \"/Applications/Xcode_15.4.app/Contents/Developer/Toolchains/XcodeDefault.xctoolchain/usr/lib/swift/iphoneos\" /usr/lib/swift"
    export LIBTOOL=libtool
    export LIBTOOL_DEPENDENCY_INFO_FILE=/undefined_arch/Runner_libtool_dependency_info.dat
    export LIBTOOL_DEPLOYMENT_TARGET=13.0
    export LIBTOOL_DETERMINISTIC_MODE=YES
    export LINKER_DISPLAYS_MANGLED_NAMES=NO
    export LINKER_LIBRARY_FLAGS=
    export LINK_WITH_STANDARD_LIBRARIES=YES
    export LLVM_IMPLICIT_AGGRESSIVE_OPTIMIZATIONS=NO
    export LLVM_LTO=NO
    export LLVM_OPTIMIZATION_LEVEL_VAL_0=NO
    export LLVM_OPTIMIZATION_LEVEL_VAL_1=NO
    export LLVM_OPTIMIZATION_LEVEL_VAL_2=NO
    export LLVM_OPTIMIZATION_LEVEL_VAL_3=NO
    export LLVM_OPTIMIZATION_LEVEL_VAL_fast=YES
    export LLVM_OPTIMIZATION_LEVEL_VAL_s=NO
    export LLVM_OPTIMIZATION_LEVEL_VAL_z=NO
    export LLVM_TARGET_TRIPLE_OS_VERSION=ios13.0
    export LLVM_TARGET_TRIPLE_SUFFIX=
    export LLVM_TARGET_TRIPLE_VENDOR=apple
    export LM_AUX_CONST_METADATA_LIST_PATH=
    export LM_BINARY_PATH=
    export LM_COMPILE_TIME_EXTRACTION=YES
    export LM_DEPENDENCY_FILES=
    export LM_ENABLE_APP_NAME_OVERRIDE=NO
    export LM_ENABLE_LINK_GENERATION=YES
    export LM_ENABLE_STRING_VALIDATION=YES
    export LM_FORCE_LINK_GENERATION=NO
    export LM_IGNORE_QUERY_GENERICS_ERRORS=NO
    export LM_LEGACY_EXTRACTION_OVERRIDE=YES
    export LM_STRINGSDATA_FILES=
    export LOCALIZABLE_CONTENT_DIR=
    export LOCALIZATION_EXPORT_SUPPORTED=YES
    export LOCALIZATION_PREFERS_STRING_CATALOGS=NO
    export LOCALIZED_RESOURCES_FOLDER_PATH=Runner.app/en.lproj
    export LOCALIZED_STRING_MACRO_NAMES="NSLocalizedString CFCopyLocalizedString"
    export LOCALIZED_STRING_SWIFTUI_SUPPORT=YES
    export LOCAL_ADMIN_APPS_DIR=/Applications/Utilities
    export LOCAL_APPS_DIR=/Applications
    export LOCAL_DEVELOPER_DIR=/Library/Developer
    export LOCAL_DEVELOPER_EXECUTABLES_DIR=
    export LOCAL_LIBRARY_DIR=/Library
    export LOCROOT=
    export LOCSYMROOT=
    export LOGNAME=runner
    export MACH_O_TYPE=mh_execute
    export MACOSX_DEPLOYMENT_TARGET=14.5
    export MACOS_CREATOR=
    export MACOS_CREATOR_ARG=
    export MACOS_TYPE=
    export MACOS_TYPE_ARG=
    export MAC_OS_X_PRODUCT_BUILD_VERSION=23J520
    export MAC_OS_X_VERSION_ACTUAL=140807
    export MAC_OS_X_VERSION_MAJOR=140000
    export MAC_OS_X_VERSION_MAX_ALLOWED=
    export MAC_OS_X_VERSION_MINOR=140800
    export MAC_OS_X_VERSION_MIN_REQUIRED=
    export MAKE_MERGEABLE=NO
    export MANPATH="/Applications/Xcode_15.4.app/Contents/Developer/Platforms/MacOSX.platform/Developer/SDKs/MacOSX.sdk/usr/share/man:/Applications/Xcode_15.4.app/Contents/Developer/Platforms/MacOSX.platform/usr/share/man:/Applications/Xcode_15.4.app/Contents/Developer/usr/share/man:/Applications/Xcode_15.4.app/Contents/Developer/Toolchains/XcodeDefault.xctoolchain/usr/share/man:"
    export MAPC_MODULE=Runner
    export MAPC_NO_WARNINGS=NO
    export MARKETING_VERSION=
    export MERGEABLE_LIBRARY=NO
    export MERGED_BINARY_TYPE=none
    export MERGE_LINKED_LIBRARIES=NO
    export METAL_LIBRARY_FILE_BASE=default
    export METAL_LIBRARY_OUTPUT_DIR=/Users/runner/Library/Developer/Xcode/DerivedData/Runner-cxlsvnhjswijkndnlirzgjlztczd/Build/Products/Release-iphoneos/Runner.app
    export MIG_DEPLOYMENT_TARGET=13.0
    export MIG_EXEC=mig
    export MODULEMAP_FILE=
    export MODULEMAP_PRIVATE_FILE=
    export MODULES_FOLDER_PATH=Runner.app/Modules
    export MODULES_VERIFIER_EXEC=modules-verifier
    export MODULE_CACHE_DIR=/Users/runner/Library/Developer/Xcode/DerivedData/ModuleCache.noindex
    export MODULE_NAME=
    export MODULE_START=
    export MODULE_STOP=
    export MODULE_VERIFIER_LSV=NO
    export MODULE_VERIFIER_SUPPORTED_LANGUAGES=objective-c
    export MODULE_VERIFIER_TARGET_TRIPLE_ARCHS=arm64
    export MODULE_VERIFIER_VERBOSE=NO
    export MODULE_VERSION=
    export MOMC_MODULE=Runner
    export MOMC_NO_DELETE_RULE_WARNINGS=NO
    export MOMC_NO_INVERSE_RELATIONSHIP_WARNINGS=NO
    export MOMC_NO_MAX_PROPERTY_COUNT_WARNINGS=NO
    export MOMC_NO_WARNINGS=NO
    export MOMC_OUTPUT_SUFFIX=
    export MOMC_OUTPUT_SUFFIX__xcdatamodel=.mom
    export MOMC_OUTPUT_SUFFIX__xcdatamodeld=.momd
    export MOMC_SUPPRESS_INVERSE_TRANSIENT_ERROR=NO
    export MTLCOMPILER_DEPENDENCY_INFO_FILE=
    export MTLCOMPILER_OUTPUT_FILE=
    export MTLLINKER_ALTERNATE_LINKER=
    export MTLLINKER_INCLUDE_SOURCE=
    export MTLLINKER_OUTPUT_FILE=
    export MTLLINKER_TARGET_TRIPLE=
    export MTL_ENABLE_DEBUG_INFO=NO
    export MTL_ENABLE_INDEX_STORE=
    export MTL_ENABLE_MODULES=
    export MTL_FAST_MATH=
    export MTL_FRAMEWORK_SEARCH_PATH_BUILT_PRODUCTS_DIR=
    export MTL_HEADER_SEARCH_PATH_BUILT_PRODUCTS_DIR=
    export MTL_IGNORE_WARNINGS=
    export MTL_INDEX_STORE_PATH=
    export MTL_LANGUAGE_REVISION=
    export MTL_LANGUAGE_REVISION_dialect=
    export MTL_LANGUAGE_REVISION_dialect_macosx=
    export MTL_LANGUAGE_REVISION_optgen=
    export MTL_OPTIMIZATION_LEVEL=
    export MTL_TARGET_TRIPLE=
    export MTL_TREAT_WARNINGS_AS_ERRORS=
    export NASM_OTHER_FLAGS=
    export NASM_OUTPUT_FILE_FORMAT=macho
    export NASM_PREINCLUDE_FILE=
    export NATIVE_ARCH=arm64e
    export NATIVE_ARCH_32_BIT=i386
    export NATIVE_ARCH_64_BIT=arm64e
    export NATIVE_ARCH_ACTUAL=arm64e
    export NO_COMMON=YES
    export NUNIT3_PATH=/Library/Developer/nunit/3.6.0
    export NUNIT_BASE_PATH=/Library/Developer/nunit
    export OBJECT_FILE_DIR=/Users/runner/Library/Developer/Xcode/DerivedData/Runner-cxlsvnhjswijkndnlirzgjlztczd/Build/Intermediates.noindex/Runner.build/Release-iphoneos/Runner.build/Objects
    export OBJROOT=/Users/runner/Library/Developer/Xcode/DerivedData/Runner-cxlsvnhjswijkndnlirzgjlztczd/Build/Intermediates.noindex
    export OLDPWD=/Users/runner/work/anivault/anivault
    export ONLY_ACTIVE_ARCH=NO
    export OPENCLC=/System/Library/Frameworks/OpenCL.framework/Libraries/openclc
    export OPENCL_ARCHS="i386 x86_64 gpu_32 gpu_64"
    export OPENCL_AUTO_VECTORIZE_ENABLE=YES
    export OPENCL_COMPILER_VERSION=CL1.1
    export OPENCL_DENORMS_ARE_ZERO=NO
    export OPENCL_DOUBLE_AS_SINGLE=NO
    export OPENCL_FAST_RELAXED_MATH=NO
    export OPENCL_MAD_ENABLE=NO
    export OPENCL_OPTIMIZATION_LEVEL=s
    export OPTIMIZATION_CFLAGS=
    export ORDER_FILE=
    export OS=MACOS
    export OSAC=/usr/bin/osacompile
    export OSACOMPILE_EXECUTE_ONLY=NO
    export OTHER_CLANG_MODULES_VERIFIER_FLAGS=
    export OTHER_CODE_SIGN_FLAGS=
    export OTHER_CPLUSPLUSFLAGS=
    export OTHER_IIG_CFLAGS=
    export OTHER_IIG_FLAGS=
    export OTHER_LDFLAGS="-force_load /Users/runner/work/anivault/anivault/ios/../native/anivault_core/target/aarch64-apple-ios/release/libanivault_core.a -framework CoreML"
    export OTHER_LDRFLAGS="-force_load /Users/runner/work/anivault/anivault/ios/../native/anivault_core/target/aarch64-apple-ios/release/libanivault_core.a -framework CoreML"
    export OTHER_LIBTOOLFLAGS=
    export OTHER_MIGFLAGS=
    export OTHER_MODULE_VERIFIER_FLAGS=" \"-F/Users/runner/Library/Developer/Xcode/DerivedData/Runner-cxlsvnhjswijkndnlirzgjlztczd/Build/Products/Release-iphoneos/Flutter\" \"-F/Users/runner/Library/Developer/Xcode/DerivedData/Runner-cxlsvnhjswijkndnlirzgjlztczd/Build/Products/Release-iphoneos/media_kit_libs_ios_video\" \"-F/Users/runner/Library/Developer/Xcode/DerivedData/Runner-cxlsvnhjswijkndnlirzgjlztczd/Build/Products/Release-iphoneos/media_kit_video\""
    export OTHER_OSACOMPILEFLAGS=
    export OTHER_OSAFLAGS=
    export OTHER_PRECOMP_CFLAGS=
    export OTHER_RCPROJECT_FLAGS=
    export OTHER_REALITYASSET_FLAGS=
    export OTHER_RESMERGERFLAGS=
    export OTHER_REZFLAGS=
    export OTHER_SKYBOX_FLAGS=
    export OTHER_SWIFT_FLAGS=" -D COCOAPODS"
    export OTHER_SWIFT_STDLIB_TOOL_FLAGS=
    export OTHER_TAPI_FLAGS=
    export OTHER_USDZ_FLAGS=
    export OutputFormat=
    export PACKAGE_CONFIG=/Users/runner/work/anivault/anivault/.dart_tool/package_config.json
    export PACKAGE_TYPE=com.apple.package-type.wrapper.application
    export PASCAL_STRINGS=YES
    export PATH="/Applications/Xcode_15.4.app/Contents/Developer/usr/bin:/Users/runner/.pub-cache/bin:/Users/runner/hostedtoolcache/flutter/stable-3.44.4-arm64/flutter/bin/cache/dart-sdk/bin:/Users/runner/hostedtoolcache/flutter/stable-3.44.4-arm64/flutter/bin:/opt/homebrew/lib/ruby/gems/3.3.0/bin:/opt/homebrew/opt/ruby@3.3/bin:/Users/runner/.local/bin:/opt/homebrew/bin:/opt/homebrew/sbin:/Users/runner/.cargo/bin:/usr/local/opt/curl/bin:/usr/local/bin:/usr/local/sbin:/Users/runner/bin:/Users/runner/.yarn/bin:/Users/runner/Library/Android/sdk/tools:/Users/runner/Library/Android/sdk/platform-tools:/Library/Frameworks/Python.framework/Versions/Current/bin:/Library/Frameworks/Mono.framework/Versions/Current/Commands:/usr/bin:/bin:/usr/sbin:/sbin:/Users/runner/.dotnet/tools"
    export PATH_PREFIXES_EXCLUDED_FROM_HEADER_DEPENDENCIES="/usr/include /usr/local/include /System/Library/Frameworks /System/Library/PrivateFrameworks /Applications/Xcode_15.4.app/Contents/Developer/Headers /Applications/Xcode_15.4.app/Contents/Developer/SDKs /Applications/Xcode_15.4.app/Contents/Developer/Platforms"
    export PBDEVELOPMENTPLIST_PATH=Runner.app/pbdevelopment.plist
    export PBXCP_BITCODE_STRIP_MODE=
    export PBXCP_BITCODE_STRIP_TOOL=
    export PBXCP_EXCLUDE_SUBPATHS=
    export PBXCP_IGNORE_MISSING_INPUTS=NO
    export PBXCP_INCLUDE_ONLY_SUBPATHS=
    export PBXCP_STRIP_BITCODE=NO
    export PBXCP_STRIP_SUBPATHS=
    export PBXCP_STRIP_TOOL=
    export PBXCP_STRIP_UNSIGNED_BINARIES=NO
    export PER_STYLE_BUILD_DIRECTORIES=
    export PFE_FILE_C_DIALECTS=
    export PIPX_BIN_DIR=/Users/runner/.local/bin
    export PIPX_HOME=/Users/runner/.local/pipx
    export PKGINFO_PATH=Runner.app/PkgInfo
    export PLATFORM_DEVELOPER_APPLICATIONS_DIR=/Applications/Xcode_15.4.app/Contents/Developer/Platforms/iPhoneOS.platform/Developer/Applications
    export PLATFORM_DEVELOPER_BIN_DIR=/Applications/Xcode_15.4.app/Contents/Developer/Platforms/iPhoneOS.platform/Developer/usr/bin
    export PLATFORM_DEVELOPER_LIBRARY_DIR=/Applications/Xcode_15.4.app/Contents/Frameworks/Xcode3Core.framework/SharedSupport/Developer/Library
    export PLATFORM_DEVELOPER_SDK_DIR=/Applications/Xcode_15.4.app/Contents/Developer/Platforms/iPhoneOS.platform/Developer/SDKs
    export PLATFORM_DEVELOPER_TOOLS_DIR=/Applications/Xcode_15.4.app/Contents/Developer/Platforms/iPhoneOS.platform/Developer/Tools
    export PLATFORM_DEVELOPER_USR_DIR=/Applications/Xcode_15.4.app/Contents/Developer/Platforms/iPhoneOS.platform/Developer/usr
    export PLATFORM_DIR=/Applications/Xcode_15.4.app/Contents/Developer/Platforms/iPhoneOS.platform
    export PLATFORM_DISPLAY_NAME=iOS
    export PLATFORM_NAME=iphoneos
    export PLATFORM_PREFERRED_ARCH=undefined_arch
    export PLATFORM_PRODUCT_BUILD_VERSION=21F77
    export PLIST_FILE_OUTPUT_FORMAT=binary
    export PLUGINS_FOLDER_PATH=Runner.app/PlugIns
    export PODS_BUILD_DIR=/Users/runner/Library/Developer/Xcode/DerivedData/Runner-cxlsvnhjswijkndnlirzgjlztczd/Build/Products
    export PODS_CONFIGURATION_BUILD_DIR=/Users/runner/Library/Developer/Xcode/DerivedData/Runner-cxlsvnhjswijkndnlirzgjlztczd/Build/Products/Release-iphoneos
    export PODS_PODFILE_DIR_PATH=/Users/runner/work/anivault/anivault/ios/.
    export PODS_ROOT=/Users/runner/work/anivault/anivault/ios/Pods
    export PODS_XCFRAMEWORKS_BUILD_DIR=/Users/runner/Library/Developer/Xcode/DerivedData/Runner-cxlsvnhjswijkndnlirzgjlztczd/Build/Products/Release-iphoneos/XCFrameworkIntermediates
    export PRECOMPILE_PREFIX_HEADER=
    export PRECOMPS_INCLUDE_HEADERS_FROM_BUILT_PRODUCTS_DIR=YES
    export PRECOMP_DESTINATION_DIR=/Users/runner/Library/Developer/Xcode/DerivedData/Runner-cxlsvnhjswijkndnlirzgjlztczd/Build/Intermediates.noindex/Runner.build/Release-iphoneos/Runner.build/PrefixHeaders
    export PREFIX_CFLAG_BASE=
    export PREFIX_FLAGS=
    export PREFIX_HEADER=
    export PREFIX_REFERENCE=
    export PRELINK_FLAGS=
    export PRELINK_LIBS=
    export PRESERVE_DEAD_CODE_INITS_AND_TERMS=NO
    export PRIVATE_HEADERS_FOLDER_PATH=Runner.app/PrivateHeaders
    export PROCESSED_INFOPLIST_PATH=/Users/runner/Library/Developer/Xcode/DerivedData/Runner-cxlsvnhjswijkndnlirzgjlztczd/Build/Intermediates.noindex/Runner.build/Release-iphoneos/Runner.build/Objects-normal/undefined_arch/Processed-Info.plist
    export PRODUCT_BUNDLE_IDENTIFIER=com.anivault.anivault
    export PRODUCT_BUNDLE_PACKAGE_TYPE=APPL
    export PRODUCT_DEFINITION_PLIST=
    export PRODUCT_MODULE_NAME=Runner
    export PRODUCT_NAME=Runner
    export PRODUCT_TYPE=com.apple.product-type.application
    export PRODUCT_TYPE_SWIFT_STDLIB_TOOL_FLAGS=
    export PROFILING_CODE=NO
    export PROJECT=Runner
    export PROJECT_DERIVED_FILE_DIR=/Users/runner/Library/Developer/Xcode/DerivedData/Runner-cxlsvnhjswijkndnlirzgjlztczd/Build/Intermediates.noindex/Runner.build/DerivedSources
    export PROJECT_DIR=/Users/runner/work/anivault/anivault/ios
    export PROJECT_FILE_PATH=/Users/runner/work/anivault/anivault/ios/Runner.xcodeproj
    export PROJECT_NAME=Runner
    export PROJECT_TEMP_DIR=/Users/runner/Library/Developer/Xcode/DerivedData/Runner-cxlsvnhjswijkndnlirzgjlztczd/Build/Intermediates.noindex/Runner.build
    export PROJECT_TEMP_ROOT=/Users/runner/Library/Developer/Xcode/DerivedData/Runner-cxlsvnhjswijkndnlirzgjlztczd/Build/Intermediates.noindex
    export PROVISIONING_PROFILE=
    export PROVISIONING_PROFILE_DESTINATION_PATH=/Users/runner/Library/Developer/Xcode/DerivedData/Runner-cxlsvnhjswijkndnlirzgjlztczd/Build/Products/Release-iphoneos/Runner.app
    export PROVISIONING_PROFILE_REQUIRED=YES
    export PROVISIONING_PROFILE_REQUIRED_YES_YES=YES
    export PROVISIONING_PROFILE_SPECIFIER=
    export PROVISIONING_PROFILE_SUPPORTED=YES
    export PUBLIC_HEADERS_FOLDER_PATH=Runner.app/Headers
    export PUB_CACHE=/Users/runner/.pub-cache
    export PWD=/Users/runner/work/anivault/anivault/ios
    export RCPROJECT_CODEGEN_LANGUAGE=Swift
    export RCPROJECT_CODEGEN_SWIFT_VERSION=5.0
    export RCPROJECT_ENABLE_WARNINGS=Yes
    export RCT_NO_LAUNCH_PACKAGER=1
    export REALITYASSET_DEPLOYMENT_TARGET=13.0
    export REALITYASSET_ENABLE_WARNINGS=Yes
    export RECURSIVE_SEARCH_PATHS_FOLLOW_SYMLINKS=YES
    export REMOVE_CVS_FROM_RESOURCES=YES
    export REMOVE_GIT_FROM_RESOURCES=YES
    export REMOVE_HEADERS_FROM_EMBEDDED_BUNDLES=YES
    export REMOVE_HEADER_DIRECTORIES=NO
    export REMOVE_HG_FROM_RESOURCES=YES
    export REMOVE_STATIC_EXECUTABLES_FROM_EMBEDDED_BUNDLES=YES
    export REMOVE_SVN_FROM_RESOURCES=YES
    export RESMERGER_SOURCES_FORK=auto
    export RESOURCES_PLATFORM_NAME=
    export RESOURCES_UI_FRAMEWORK_FAMILY=
    export RESOURCE_RULES_PLIST_PATH=
    export RETAIN_RAW_BINARIES=
    export REZ_COLLECTOR_DIR=/Users/runner/Library/Developer/Xcode/DerivedData/Runner-cxlsvnhjswijkndnlirzgjlztczd/Build/Intermediates.noindex/Runner.build/Release-iphoneos/Runner.build/ResourceManagerResources
    export REZ_EXECUTABLE=
    export REZ_OBJECTS_DIR=/Users/runner/Library/Developer/Xcode/DerivedData/Runner-cxlsvnhjswijkndnlirzgjlztczd/Build/Intermediates.noindex/Runner.build/Release-iphoneos/Runner.build/ResourceManagerResources/Objects
    export REZ_PREFIX_FILE=
    export REZ_PREPROCESSOR_DEFINITIONS=
    export REZ_PREPROCESSOR_UNDEFINITIONS=
    export REZ_RESOLVE_ALIASES=Always
    export REZ_RESOURCE_MAP_READ_ONLY=NO
    export REZ_SCRIPT_TYPE=Roman
    export REZ_SEARCH_PATHS=
    export REZ_SHOW_DEBUG_OUTPUT=NO
    export REZ_SUPPRESS_REDECLARED_RESOURCE_TYPE_WARNINGS=NO
    export RUNNER_ARCH=ARM64
    export RUNNER_ENVIRONMENT=github-hosted
    export RUNNER_NAME="GitHub Actions 1000002678"
    export RUNNER_OS=macOS
    export RUNNER_TEMP=/Users/runner/work/_temp
    export RUNNER_TOOL_CACHE=/Users/runner/hostedtoolcache
    export RUNNER_TRACKING_ID=github_596916f8-b306-415e-9232-6efc00406749
    export RUNNER_WORKSPACE=/Users/runner/work/anivault
    export RUN_CLANG_STATIC_ANALYZER=NO
    export RUN_DESTINATION_DEVICE_MODEL=GenericiOS
    export RUN_DESTINATION_DEVICE_NAME="Any iOS Device"
    export RUN_DESTINATION_DEVICE_PLATFORM_IDENTIFIER=com.apple.platform.iphoneos
    export RUN_DESTINATION_DEVICE_PLATFORM_NAME=iphoneos
    export RUN_DESTINATION_DEVICE_UDID="dvtdevice-DVTiPhonePlaceholder-iphoneos:placeholder"
    export RUN_DOCUMENTATION_COMPILER=NO
    export RemoveFile=
    export SCAN_ALL_SOURCE_FILES_FOR_INCLUDES=NO
    export SCENEKIT_DEPLOYMENT_TARGET=13.0
    export SCHEME_ACTION_NAME="Run Prepare Flutter Framework Script"
    export SCHEME_NAME=Runner
    export SCRIPTS_FOLDER_PATH=Runner.app/Scripts
    export SDKDB_TO_SYMGRAPH_EXEC=/Applications/Xcode_15.4.app/Contents/Developer/../SharedFrameworks/CoreDocumentation.framework/Resources/sdkdb_to_symgraph
    export SDKROOT=iphoneos17.5
    export SDK_DIR=/Applications/Xcode_15.4.app/Contents/Developer/Platforms/iPhoneOS.platform/Developer/SDKs/iPhoneOS17.5.sdk
    export SDK_DIR_iphoneos17_5=/Applications/Xcode_15.4.app/Contents/Developer/Platforms/iPhoneOS.platform/Developer/SDKs/iPhoneOS17.5.sdk
    export SDK_NAME=iphoneos17.5
    export SDK_NAMES=iphoneos17.5
    export SDK_PRODUCT_BUILD_VERSION=21F77
    export SDK_STAT_CACHE_ENABLE=YES
    export SDK_STAT_CACHE_VERBOSE_LOGGING=NO
    export SDK_VERSION=17.5
    export SDK_VERSION_ACTUAL=170500
    export SDK_VERSION_MAJOR=170000
    export SDK_VERSION_MINOR=170500
    export SECTORDER_FLAGS=
    export SED=/usr/bin/sed
    export SEPARATE_STRIP=NO
    export SEPARATE_SYMBOL_EDIT=NO
    export SET_DIR_MODE_OWNER_GROUP=YES
    export SET_FILE_MODE_OWNER_GROUP=NO
    export SHALLOW_BUNDLE=YES
    export SHALLOW_BUNDLE_PLATFORM=
    export SHALLOW_BUNDLE_TRIPLE=ios
    export SHALLOW_BUNDLE_ios_macabi=NO
    export SHALLOW_BUNDLE_macos=NO
    export SHARED_DERIVED_FILE_DIR=/Users/runner/Library/Developer/Xcode/DerivedData/Runner-cxlsvnhjswijkndnlirzgjlztczd/Build/Products/Release-iphoneos/DerivedSources
    export SHARED_FRAMEWORKS_FOLDER_PATH=Runner.app/SharedFrameworks
    export SHARED_PRECOMPS_DIR=/Users/runner/Library/Developer/Xcode/DerivedData/Runner-cxlsvnhjswijkndnlirzgjlztczd/Build/Intermediates.noindex/PrecompiledHeaders
    export SHARED_SUPPORT_FOLDER_PATH=Runner.app/SharedSupport
    export SHELL=/bin/bash
    export SHLVL=2
    export SKIP_INSTALL=NO
    export SKYBOX_ENABLE_WARNINGS=Yes
    export SOURCE_ROOT=/Users/runner/work/anivault/anivault/ios
    export SRCROOT=/Users/runner/work/anivault/anivault/ios
    export SSH_AUTH_SOCK=/private/tmp/com.apple.launchd.8hAmISdMFR/Listeners
    export STORYBOARD_COMPILER_INFOPLIST_CONTENT_FILE=/Users/runner/Library/Developer/Xcode/DerivedData/Runner-cxlsvnhjswijkndnlirzgjlztczd/Build/Intermediates.noindex/Runner.build/Release-iphoneos/Runner.build/-SBPartialInfo.plist
    export STRINGSDATA_DIR=/undefined_arch
    export STRINGSDATA_ROOT=/Users/runner/Library/Developer/Xcode/DerivedData/Runner-cxlsvnhjswijkndnlirzgjlztczd/Build/Intermediates.noindex/Runner.build/Release-iphoneos/Runner.build
    export STRINGS_FILE_INFOPLIST_RENAME=YES
    export STRINGS_FILE_INPUT_ENCODING=
    export STRINGS_FILE_OUTPUT_ENCODING=binary
    export STRINGS_FILE_OUTPUT_FILENAME=
    export STRIPFLAGS=
    export STRIP_BITCODE_FROM_COPIED_FILES=NO
    export STRIP_DETERMINISTIC_MODE=YES
    export STRIP_INSTALLED_PRODUCT=YES
    export STRIP_PNG_TEXT=YES
    export STRIP_STYLE=all
    export STRIP_SWIFT_SYMBOLS=YES
    export SUPPORTED_DEVICE_FAMILIES=1,2
    export SUPPORTED_PLATFORMS=iphoneos
    export SUPPORTS_MACCATALYST=NO
    export SUPPORTS_MAC_DESIGNED_FOR_IPHONE_IPAD=YES
    export SUPPORTS_ON_DEMAND_RESOURCES=YES
    export SUPPORTS_TEXT_BASED_API=NO
    export SUPPORTS_XR_DESIGNED_FOR_IPHONE_IPAD=YES
    export SUPPRESS_WARNINGS=NO
    export SWIFT_ACTIVE_COMPILATION_CONDITIONS=
    export SWIFT_ADDRESS_SANITIZER=
    export SWIFT_ADDRESS_SANITIZER_ALLOW_ERROR_RECOVERY=
    export SWIFT_ALLOWABLE_CLIENTS=
    export SWIFT_BITCODE_GENERATION_MODE=marker
    export SWIFT_CLANG_CXX_LANGUAGE_STANDARD=objc-gnu++0x
    export SWIFT_COMPILATION_MODE=wholemodule
    export SWIFT_CROSS_MODULE_OPTIMIZATION=NO
    export SWIFT_DEPLOYMENT_TARGET=13.0
    export SWIFT_DISABLE_SAFETY_CHECKS=NO
    export SWIFT_EAGER_MODULE_EMISSION_IN_WMO=YES
    export SWIFT_EMIT_CONST_VALUE_PROTOCOLS="AppIntent EntityQuery AppEntity TransientEntity AppEnum AppShortcutProviding AppShortcutsProvider AnyResolverProviding AppIntentsPackage DynamicOptionsProvider"
    export SWIFT_EMIT_LOC_STRINGS=NO
    export SWIFT_EMIT_MODULE_INTERFACE=NO
    export SWIFT_ENABLE_APP_EXTENSION=NO
    export SWIFT_ENABLE_BARE_SLASH_REGEX=YES
    export SWIFT_ENABLE_BATCH_MODE=YES
    export SWIFT_ENABLE_EMIT_CONST_VALUES=YES
    export SWIFT_ENABLE_INCREMENTAL_COMPILATION=YES
    export SWIFT_ENABLE_LIBRARY_EVOLUTION=NO
    export SWIFT_ENABLE_OPAQUE_TYPE_ERASURE=YES
    export SWIFT_ENABLE_TESTABILITY=NO
    export SWIFT_ENFORCE_EXCLUSIVE_ACCESS=on
    export SWIFT_EXEC=swiftc
    export SWIFT_INDEX_STORE_ENABLE=YES
    export SWIFT_INDEX_STORE_PATH=/Users/runner/Library/Developer/Xcode/DerivedData/Runner-cxlsvnhjswijkndnlirzgjlztczd/Index.noindex/DataStore
    export SWIFT_INSTALL_MODULE=YES
    export SWIFT_INSTALL_OBJC_HEADER=YES
    export SWIFT_LIBRARIES_ONLY=NO
    export SWIFT_LIBRARY_PATH=
    export SWIFT_LINK_OBJC_RUNTIME=
    export SWIFT_MIGRATE_CODE=
    export SWIFT_MODULE_ALIASES=
    export SWIFT_MODULE_NAME=Runner
    export SWIFT_OBJC_BRIDGING_HEADER=Runner/Runner-Bridging-Header.h
    export SWIFT_OBJC_INTERFACE_HEADER_NAME=Runner-Swift.h
    export SWIFT_OBJC_INTEROP_MODE=objc
    export SWIFT_OPTIMIZATION_LEVEL=-O
    export SWIFT_PACKAGE_NAME=
    export SWIFT_PLATFORM_TARGET_PREFIX=ios
    export SWIFT_PRECOMPILE_BRIDGING_HEADER=YES
    export SWIFT_REFLECTION_METADATA_LEVEL=all
    export SWIFT_RESOURCE_DIR=
    export SWIFT_RESPONSE_FILE_PATH=
    export SWIFT_SERIALIZE_DEBUGGING_OPTIONS=YES
    export SWIFT_STDLIB=swiftCore
    export SWIFT_STDLIB_TOOL_ACTION=
    export SWIFT_STDLIB_TOOL_CODE_SIGN_IDENTITY=
    export SWIFT_STDLIB_TOOL_DESTINATION_DIR=/Users/runner/Library/Developer/Xcode/DerivedData/Runner-cxlsvnhjswijkndnlirzgjlztczd/Build/Products/Release-iphoneos/Runner.app/Frameworks
    export SWIFT_STDLIB_TOOL_EXECUTABLE_TO_SCAN=
    export SWIFT_STDLIB_TOOL_FOLDERS_TO_SCAN=
    export SWIFT_STDLIB_TOOL_KEYCHAIN=
    export SWIFT_STDLIB_TOOL_OTHER_CODE_SIGN_FLAGS=
    export SWIFT_STDLIB_TOOL_SOURCE_LIBRARIES=
    export SWIFT_STDLIB_TOOL_STRIP_BITCODE=YES
    export SWIFT_STDLIB_TOOL_TOOLCHAINS=/Applications/Xcode_15.4.app/Contents/Developer/Toolchains/XcodeDefault.xctoolchain
    export SWIFT_STDLIB_TOOL_UNSIGNED_DESTINATION_DIR=
    export SWIFT_STDLIB_TOOL_VERBOSITY=verbose
    export SWIFT_STRICT_CONCURRENCY=minimal
    export SWIFT_SUPPRESS_WARNINGS=NO
    export SWIFT_TARGET_TRIPLE=undefined_arch-apple-ios13.0
    export SWIFT_THREAD_SANITIZER=
    export SWIFT_TREAT_WARNINGS_AS_ERRORS=NO
    export SWIFT_USE_PARALLEL_WHOLE_MODULE_OPTIMIZATION=YES
    export SWIFT_USE_PARALLEL_WMO_TARGETS=YES
    export SWIFT_VALIDATE_CLANG_MODULES_ONCE_PER_BUILD_SESSION=YES
    export SWIFT_VERSION=5.0
    export SWIFT_WHOLE_MODULE_OPTIMIZATION=NO
    export SYMBOL_GRAPH_EXTRACTOR_EXEC=swift-symbolgraph-extract
    export SYMBOL_GRAPH_EXTRACTOR_MODULE_CACHE_PATH=/Users/runner/Library/Developer/Xcode/DerivedData/ModuleCache.noindex
    export SYMBOL_GRAPH_EXTRACTOR_MODULE_NAME=Runner
    export SYMBOL_GRAPH_EXTRACTOR_OUTPUT_BASE=/Users/runner/Library/Developer/Xcode/DerivedData/Runner-cxlsvnhjswijkndnlirzgjlztczd/Build/Intermediates.noindex/Runner.build/Release-iphoneos/Runner.build/symbol-graph
    export SYMBOL_GRAPH_EXTRACTOR_OUTPUT_DIR=/Users/runner/Library/Developer/Xcode/DerivedData/Runner-cxlsvnhjswijkndnlirzgjlztczd/Build/Intermediates.noindex/Runner.build/Release-iphoneos/Runner.build/symbol-graph/swift/undefined_arch-apple-ios13.0
    export SYMBOL_GRAPH_EXTRACTOR_SDK=iphoneos17.5
    export SYMBOL_GRAPH_EXTRACTOR_SEARCH_PATHS=
    export SYMBOL_GRAPH_EXTRACTOR_SWIFT_VERSION=5.0
    export SYMBOL_GRAPH_EXTRACTOR_TARGET_TRIPLE=undefined_arch-apple-ios13.0
    export SYMBOL_HEADER=
    export SYMROOT=/Users/runner/Library/Developer/Xcode/DerivedData/Runner-cxlsvnhjswijkndnlirzgjlztczd/Build/Products
    export SYSTEM_ADMIN_APPS_DIR=/Applications/Utilities
    export SYSTEM_APPS_DIR=/Applications
    export SYSTEM_CORE_SERVICES_DIR=/System/Library/CoreServices
    export SYSTEM_DEMOS_DIR=/Applications/Extras
    export SYSTEM_DEVELOPER_APPS_DIR=/Applications/Xcode_15.4.app/Contents/Developer/Applications
    export SYSTEM_DEVELOPER_BIN_DIR=/Applications/Xcode_15.4.app/Contents/Developer/usr/bin
    export SYSTEM_DEVELOPER_DEMOS_DIR="/Applications/Xcode_15.4.app/Contents/Developer/Applications/Utilities/Built Examples"
    export SYSTEM_DEVELOPER_DIR=/Applications/Xcode_15.4.app/Contents/Developer
    export SYSTEM_DEVELOPER_DOC_DIR="/Applications/Xcode_15.4.app/Contents/Developer/ADC Reference Library"
    export SYSTEM_DEVELOPER_EXECUTABLES_DIR=
    export SYSTEM_DEVELOPER_GRAPHICS_TOOLS_DIR="/Applications/Xcode_15.4.app/Contents/Developer/Applications/Graphics Tools"
    export SYSTEM_DEVELOPER_JAVA_TOOLS_DIR="/Applications/Xcode_15.4.app/Contents/Developer/Applications/Java Tools"
    export SYSTEM_DEVELOPER_PERFORMANCE_TOOLS_DIR="/Applications/Xcode_15.4.app/Contents/Developer/Applications/Performance Tools"
    export SYSTEM_DEVELOPER_RELEASENOTES_DIR="/Applications/Xcode_15.4.app/Contents/Developer/ADC Reference Library/releasenotes"
    export SYSTEM_DEVELOPER_TOOLS=/Applications/Xcode_15.4.app/Contents/Developer/Tools
    export SYSTEM_DEVELOPER_TOOLS_DOC_DIR="/Applications/Xcode_15.4.app/Contents/Developer/ADC Reference Library/documentation/DeveloperTools"
    export SYSTEM_DEVELOPER_TOOLS_RELEASENOTES_DIR="/Applications/Xcode_15.4.app/Contents/Developer/ADC Reference Library/releasenotes/DeveloperTools"
    export SYSTEM_DEVELOPER_USR_DIR=/Applications/Xcode_15.4.app/Contents/Developer/usr
    export SYSTEM_DEVELOPER_UTILITIES_DIR=/Applications/Xcode_15.4.app/Contents/Developer/Applications/Utilities
    export SYSTEM_DEXT_INSTALL_PATH=/System/Library/DriverExtensions
    export SYSTEM_DOCUMENTATION_DIR=/Library/Documentation
    export SYSTEM_EXTENSIONS_FOLDER_PATH=Runner.app/SystemExtensions
    export SYSTEM_EXTENSIONS_FOLDER_PATH_SHALLOW_BUNDLE_NO=Runner.app/Library/SystemExtensions
    export SYSTEM_EXTENSIONS_FOLDER_PATH_SHALLOW_BUNDLE_YES=Runner.app/SystemExtensions
    export SYSTEM_FRAMEWORK_SEARCH_PATHS=
    export SYSTEM_HEADER_SEARCH_PATHS=
    export SYSTEM_KEXT_INSTALL_PATH=/System/Library/Extensions
    export SYSTEM_LIBRARY_DIR=/System/Library
    export SYSTEM_LIBRARY_EXECUTABLES_DIR=
    export SigningCert=
    export TAPI_APPLICATION_EXTENSION_API_ONLY=NO
    export TAPI_DEMANGLE=YES
    export TAPI_DYLIB_ALLOWABLE_CLIENTS=
    export TAPI_DYLIB_COMPATIBILITY_VERSION=
    export TAPI_DYLIB_CURRENT_VERSION=
    export TAPI_DYLIB_INSTALL_NAME=
    export TAPI_EMIT_PROFILING_SYMBOLS=YES
    export TAPI_ENABLE_MODULES=NO
    export TAPI_ENABLE_PROJECT_HEADERS=NO
    export TAPI_ENABLE_VERIFICATION_MODE=YES
    export TAPI_EXCLUDE_PRIVATE_HEADERS=
    export TAPI_EXCLUDE_PROJECT_HEADERS=
    export TAPI_EXCLUDE_PUBLIC_HEADERS=
    export TAPI_EXEC=tapi
    export TAPI_EXTRACT_API_ENABLE_MODULES=YES
    export TAPI_EXTRACT_API_ENABLE_OBJC_ARC=YES
    export TAPI_EXTRACT_API_MODULE_CACHE_PATH=/Users/runner/Library/Developer/Xcode/DerivedData/ModuleCache.noindex
    export TAPI_EXTRACT_API_OUTPUT_DIR=/Users/runner/Library/Developer/Xcode/DerivedData/Runner-cxlsvnhjswijkndnlirzgjlztczd/Build/Intermediates.noindex/Runner.build/Release-iphoneos/Runner.build/symbol-graph/clang/undefined_arch-apple-ios13.0
    export TAPI_EXTRACT_API_SDKDB_OUTPUT_PATH=/Users/runner/Library/Developer/Xcode/DerivedData/Runner-cxlsvnhjswijkndnlirzgjlztczd/Build/Intermediates.noindex/Runner.build/Release-iphoneos/Runner.build/symbol-graph/clang/undefined_arch-apple-ios13.0/Runner.sdkdb
    export TAPI_EXTRACT_API_SEARCH_PATHS=
    export TAPI_EXTRACT_API_SYSTEM_ROOT=iphoneos17.5
    export TAPI_EXTRACT_API_TARGET_TRIPLE=undefined_arch-apple-ios13.0
    export TAPI_EXTRA_PRIVATE_HEADERS=
    export TAPI_EXTRA_PROJECT_HEADERS=
    export TAPI_EXTRA_PUBLIC_HEADERS=
    export TAPI_FRAMEWORK_SEARCH_PATHS=" \"/Users/runner/Library/Developer/Xcode/DerivedData/Runner-cxlsvnhjswijkndnlirzgjlztczd/Build/Products/Release-iphoneos/media_kit_libs_ios_video\" \"/Users/runner/Library/Developer/Xcode/DerivedData/Runner-cxlsvnhjswijkndnlirzgjlztczd/Build/Products/Release-iphoneos/media_kit_video\" \"/Users/runner/work/anivault/anivault/ios/Pods/../.symlinks/plugins/media_kit_libs_ios_video/ios/Frameworks\" \"/Users/runner/Library/Developer/Xcode/DerivedData/Runner-cxlsvnhjswijkndnlirzgjlztczd/Build/Products/Release-iphoneos/XCFrameworkIntermediates/media_kit_libs_ios_video\""
    export TAPI_HEADER_SEARCH_PATHS=" \"/Users/runner/Library/Developer/Xcode/DerivedData/Runner-cxlsvnhjswijkndnlirzgjlztczd/Build/Products/Release-iphoneos/media_kit_libs_ios_video/media_kit_libs_ios_video.framework/Headers\" \"/Users/runner/Library/Developer/Xcode/DerivedData/Runner-cxlsvnhjswijkndnlirzgjlztczd/Build/Products/Release-iphoneos/media_kit_video/media_kit_video.framework/Headers\""
    export TAPI_LANGUAGE=objective-c
    export TAPI_LANGUAGE_STANDARD=compiler-default
    export TAPI_LIBRARY_SEARCH_PATHS=" \"/Applications/Xcode_15.4.app/Contents/Developer/Toolchains/XcodeDefault.xctoolchain/usr/lib/swift/iphoneos\" /usr/lib/swift"
    export TAPI_MODULES_VALIDATE_SYSTEM_HEADERS=NO
    export TAPI_MODULE_CACHE_PATH=/Users/runner/Library/Developer/Xcode/DerivedData/ModuleCache.noindex
    export TAPI_PREPROCESSOR_DEFINITIONS=" COCOAPODS=1 "
    export TAPI_PRODUCT_TYPE=com.apple.product-type.application
    export TAPI_READ_DSYM=YES
    export TAPI_REEXPORTED_FRAMEWORK_INSTALL_NAMES=
    export TAPI_REEXPORTED_FRAMEWORK_NAMES=
    export TAPI_REEXPORTED_LIBRARY_INSTALL_NAMES=
    export TAPI_REEXPORTED_LIBRARY_NAMES=
    export TAPI_REEXPORTED_LIBRARY_PATHS=
    export TAPI_RUNPATH_SEARCH_PATHS=" /usr/lib/swift '@executable_path/Frameworks' '@loader_path/Frameworks' @executable_path/Frameworks"
    export TAPI_SYSTEM_FRAMEWORK_SEARCH_PATHS=
    export TAPI_SYSTEM_HEADER_SEARCH_PATHS=
    export TAPI_TARGET_TRIPLE_ARCHS=arm64
    export TAPI_USE_SRCROOT=YES
    export TAPI_VERIFY_AGAINST=
    export TAPI_VERIFY_MODE=Pedantic
    export TARGETED_DEVICE_FAMILY=1,2
    export TARGETNAME=Runner
    export TARGET_BUILD_DIR=/Users/runner/Library/Developer/Xcode/DerivedData/Runner-cxlsvnhjswijkndnlirzgjlztczd/Build/Products/Release-iphoneos
    export TARGET_BUILD_SUBPATH=
    export TARGET_NAME=Runner
    export TARGET_TEMP_DIR=/Users/runner/Library/Developer/Xcode/DerivedData/Runner-cxlsvnhjswijkndnlirzgjlztczd/Build/Intermediates.noindex/Runner.build/Release-iphoneos/Runner.build
    export TEMP_DIR=/Users/runner/Library/Developer/Xcode/DerivedData/Runner-cxlsvnhjswijkndnlirzgjlztczd/Build/Intermediates.noindex/Runner.build/Release-iphoneos/Runner.build
    export TEMP_FILES_DIR=/Users/runner/Library/Developer/Xcode/DerivedData/Runner-cxlsvnhjswijkndnlirzgjlztczd/Build/Intermediates.noindex/Runner.build/Release-iphoneos/Runner.build
    export TEMP_FILE_DIR=/Users/runner/Library/Developer/Xcode/DerivedData/Runner-cxlsvnhjswijkndnlirzgjlztczd/Build/Intermediates.noindex/Runner.build/Release-iphoneos/Runner.build
    export TEMP_ROOT=/Users/runner/Library/Developer/Xcode/DerivedData/Runner-cxlsvnhjswijkndnlirzgjlztczd/Build/Intermediates.noindex
    export TEST_FRAMEWORK_SEARCH_PATHS=" /Applications/Xcode_15.4.app/Contents/Developer/Platforms/iPhoneOS.platform/Developer/Library/Frameworks iphoneos17.5/Developer/Library/Frameworks"
    export TEST_HOST=
    export TEST_LIBRARY_SEARCH_PATHS=" /Applications/Xcode_15.4.app/Contents/Developer/Platforms/iPhoneOS.platform/Developer/usr/lib"
    export TEXTURE_ATLAS_ENABLE_WARNINGS=Yes
    export TEXTURE_ATLAS_FORMAT=RGBA8888_PNG
    export TEXTURE_ATLAS_MAXIMUM_SIZE=2048x2048
    export TMPDIR=/var/folders/dq/2t71w9pd3jx50vh3kp15_dt40000gn/T/
    export TOOLCHAINS=
    export TOOLCHAIN_DIR=/Applications/Xcode_15.4.app/Contents/Developer/Toolchains/XcodeDefault.xctoolchain
    export TRACK_WIDGET_CREATION=false
    export TREAT_MISSING_BASELINES_AS_TEST_FAILURES=NO
    export TREE_SHAKE_ICONS=true
    export TVOS_DEPLOYMENT_TARGET=17.5
    export UID=501
    export UNEXPORTED_SYMBOLS_FILE=
    export UNINSTALLED_PRODUCTS_DIR=/Users/runner/Library/Developer/Xcode/DerivedData/Runner-cxlsvnhjswijkndnlirzgjlztczd/Build/Intermediates.noindex/UninstalledProducts
    export UNLOCALIZED_RESOURCES_FOLDER_PATH=Runner.app
    export UNLOCALIZED_RESOURCES_FOLDER_PATH_SHALLOW_BUNDLE_NO=Runner.app/Resources
    export UNLOCALIZED_RESOURCES_FOLDER_PATH_SHALLOW_BUNDLE_YES=Runner.app
    export UNSTRIPPED_PRODUCT=NO
    export USDZ_ENABLE_WARNINGS=Yes
    export USER=runner
    export USER_APPS_DIR=/Users/runner/Applications
    export USER_LIBRARY_DIR=/Users/runner/Library
    export USE_DYNAMIC_NO_PIC=YES
    export USE_GCC3_PFE_SUPPORT=
    export USE_HEADERMAP=YES
    export USE_HEADER_SYMLINKS=NO
    export USE_RECURSIVE_SCRIPT_INPUTS_IN_SCRIPT_PHASES=YES
    export USE_SDK_TOOLCHAINS=YES
    export VALIDATE_PLIST_FILES_WHILE_COPYING=NO
    export VALIDATE_PRODUCT=YES
    export VALIDATE_STRINGS_FILES_WHILE_COPYING=YES
    export VALID_ARCHS="arm64e arm64"
    export VCPKG_INSTALLATION_ROOT=/usr/local/share/vcpkg
    export VERBOSE_PBXCP=NO
    export VERSIONING_STUB=
    export VERSIONING_SYSTEM=apple-generic
    export VERSIONPLIST_PATH=Runner.app/version.plist
    export VERSIONS_FOLDER_PATH=
    export VERSION_INFO_BUILDER=runner
    export VERSION_INFO_EXPORT_DECL=
    export VERSION_INFO_FILE=Runner_vers.c
    export VERSION_INFO_PREFIX=
    export VERSION_INFO_STRING="\"@(#)PROGRAM:Runner  PROJECT:Runner-1\""
    export VERSION_INFO_SUFFIX=
    export VM_ASSETS=/usr/local/opt/runner/scripts
    export ValidateForStore=YES
    export WARNING_CFLAGS=
    export WARNING_LDFLAGS=
    export WATCHOS_DEPLOYMENT_TARGET=10.5
    export WATCH_BUILT_PRODUCTS_DIR=/Users/runner/Library/Developer/Xcode/DerivedData/Runner-cxlsvnhjswijkndnlirzgjlztczd/Build/Products/Release-watchos
    export WORKSPACE_PATH=/Users/runner/work/anivault/anivault/ios/Runner.xcworkspace
    export WRAPPER_EXTENSION=app
    export WRAPPER_NAME=Runner.app
    export WRAPPER_PREFIX=
    export WRAPPER_SUFFIX=.app
    export WRAP_ASSET_PACKS_IN_SEPARATE_DIRECTORIES=NO
    export XCODE_15_DEVELOPER_DIR=/Applications/Xcode_15.4.app/Contents/Developer
    export XCODE_16_DEVELOPER_DIR=/Applications/Xcode_16.2.app/Contents/Developer
    export XCODE_APP_SUPPORT_DIR=/Applications/Xcode_15.4.app/Contents/Developer/Library/Xcode
    export XCODE_DEVELOPER_DIR_PATH=
    export XCODE_PRODUCT_BUILD_VERSION=15F31d
    export XCODE_VERSION_ACTUAL=1540
    export XCODE_VERSION_MAJOR=1500
    export XCODE_VERSION_MINOR=1540
    export XCSTRINGS_FORCE_BUILD_ALL_STRINGS=NO
    export XCSTRINGS_LANGUAGES_TO_COMPILE="[]"
    export XIB_COMPILER_INFOPLIST_CONTENT_FILE=/Users/runner/Library/Developer/Xcode/DerivedData/Runner-cxlsvnhjswijkndnlirzgjlztczd/Build/Intermediates.noindex/Runner.build/Release-iphoneos/Runner.build/-PartialInfo.plist
    export XPCSERVICES_FOLDER_PATH=Runner.app/XPCServices
    export XPC_FLAGS=0x0
    export XPC_SERVICE_NAME=0
    export XROS_DEPLOYMENT_TARGET=1.2
    export YACC=yacc
    export YACCFLAGS=
    export YACC_GENERATED_FILE_STEM=Standard
    export YACC_GENERATE_DEBUGGING_DIRECTIVES=NO
    export YACC_INSERT_LINE_DIRECTIVES=YES
    export _=/usr/bin/xcodebuild
    export _WRAPPER_CONTENTS_DIR=
    export _WRAPPER_CONTENTS_DIR_SHALLOW_BUNDLE_NO=/Contents
    export _WRAPPER_PARENT_PATH=
    export _WRAPPER_PARENT_PATH_SHALLOW_BUNDLE_NO=/..
    export _WRAPPER_RESOURCES_DIR=
    export _WRAPPER_RESOURCES_DIR_SHALLOW_BUNDLE_NO=/Resources
    export __CF_USER_TEXT_ENCODING="0x1F5:0x0:0x0"
    export __CLANG_ANALYZER_DIVIDE_BY_ZERO_NO_SILENCE_STRING=core.DivideZero
    export __CLANG_ANALYZER_DIVIDE_BY_ZERO_YES_SILENCE_STRING=.
    export __CLANG_ANALYZER_NULL_DEREFERENCE_NO_SILENCE_STRING=core.NullDereference
    export __CLANG_ANALYZER_NULL_DEREFERENCE_YES_SILENCE_STRING=.
    export __CLANG_ANALYZER_SILENCE_CHECKERS=YES
    export __CLANG_ANALYZER_SILENCE_CHECKERS_LIST=".;."
    export __CPP_PREFIX_HEADER=
    export __CREATE_INFOPLIST_SECTION_IN_BINARY=NO
    export __IIG_DEPLOYMENT_TARGET__=13.0
    export __IIG_FRAMEWORK_NAME__=com.apple.product-type.application
    export __INPUT_FILE_LIST_PATH__=
    export __IS_NOT_MACOS=YES
    export __IS_NOT_MACOS_macosx=NO
    export __IS_NOT_SIMULATOR=YES
    export __IS_NOT_SIMULATOR_simulator=NO
    export __OTHER_IIG_CFLAGS__=YES
    export __SWIFT_ENFORCE_EXCLUSIVE_ACCESS_DEBUG_ENFORCEMENT_DEBUG=YES
    export __SWIFT_ENFORCE_EXCLUSIVE_ACCESS_DEBUG_ENFORCEMENT_RELEASE=YES
    export _exclude_ds_store_files_=
    export _resolve_src_symlinks_=
    export arch=undefined_arch
    export build_file_compiler_flags=
    export diagnostic_message_length=0
    export mig_generate_client_sources=YES
    export mig_generate_server_sources=NO
    export print_note_include_stack=YES
    export variant=normal
    /bin/sh -c /var/folders/dq/2t71w9pd3jx50vh3kp15_dt40000gn/T/SchemeScriptAction-U5RtG7.sh

note: Using codesigning identity override: 
ComputeTargetDependencyGraph
note: Building targets in dependency order
note: Target dependency graph (21 targets)
    Target 'Runner' in project 'Runner'
        ➜ Implicit dependency on target 'Pods-Runner' in project 'Pods' via file 'Pods_Runner.framework' in build phase 'Link Binary'
        ➜ Explicit dependency on target 'FlutterGeneratedPluginSwiftPackage' in project 'FlutterGeneratedPluginSwiftPackage'
    Target 'FlutterGeneratedPluginSwiftPackage' in project 'FlutterGeneratedPluginSwiftPackage'
        ➜ Explicit dependency on target 'FlutterGeneratedPluginSwiftPackage' in project 'FlutterGeneratedPluginSwiftPackage'
        ➜ Explicit dependency on target 'file-selector-ios' in project 'file_selector_ios'
        ➜ Explicit dependency on target 'package-info-plus' in project 'package_info_plus'
        ➜ Explicit dependency on target 'shared-preferences-foundation' in project 'shared_preferences_foundation'
        ➜ Explicit dependency on target 'wakelock-plus' in project 'wakelock_plus'
        ➜ Explicit dependency on target 'FlutterFramework' in project 'FlutterFramework'
    Target 'FlutterGeneratedPluginSwiftPackage' in project 'FlutterGeneratedPluginSwiftPackage'
        ➜ Explicit dependency on target 'file-selector-ios' in project 'file_selector_ios'
        ➜ Explicit dependency on target 'package-info-plus' in project 'package_info_plus'
        ➜ Explicit dependency on target 'shared-preferences-foundation' in project 'shared_preferences_foundation'
        ➜ Explicit dependency on target 'wakelock-plus' in project 'wakelock_plus'
        ➜ Explicit dependency on target 'FlutterFramework' in project 'FlutterFramework'
    Target 'FlutterFramework' in project 'FlutterFramework'
        ➜ Explicit dependency on target 'FlutterFramework' in project 'FlutterFramework'
    Target 'FlutterFramework' in project 'FlutterFramework' (no dependencies)
    Target 'wakelock-plus' in project 'wakelock_plus'
        ➜ Explicit dependency on target 'wakelock_plus' in project 'wakelock_plus'
        ➜ Explicit dependency on target 'wakelock_plus_wakelock_plus' in project 'wakelock_plus'
    Target 'wakelock_plus' in project 'wakelock_plus'
        ➜ Explicit dependency on target 'wakelock_plus_wakelock_plus' in project 'wakelock_plus'
    Target 'wakelock_plus_wakelock_plus' in project 'wakelock_plus' (no dependencies)
    Target 'shared-preferences-foundation' in project 'shared_preferences_foundation'
        ➜ Explicit dependency on target 'shared_preferences_foundation' in project 'shared_preferences_foundation'
        ➜ Explicit dependency on target 'shared_preferences_foundation_shared_preferences_foundation' in project 'shared_preferences_foundation'
    Target 'shared_preferences_foundation' in project 'shared_preferences_foundation'
        ➜ Explicit dependency on target 'shared_preferences_foundation_shared_preferences_foundation' in project 'shared_preferences_foundation'
    Target 'shared_preferences_foundation_shared_preferences_foundation' in project 'shared_preferences_foundation' (no dependencies)
    Target 'package-info-plus' in project 'package_info_plus'
        ➜ Explicit dependency on target 'package_info_plus' in project 'package_info_plus'
        ➜ Explicit dependency on target 'package_info_plus_package_info_plus' in project 'package_info_plus'
    Target 'package_info_plus' in project 'package_info_plus'
        ➜ Explicit dependency on target 'package_info_plus_package_info_plus' in project 'package_info_plus'
    Target 'package_info_plus_package_info_plus' in project 'package_info_plus' (no dependencies)
    Target 'file-selector-ios' in project 'file_selector_ios'
        ➜ Explicit dependency on target 'file_selector_ios' in project 'file_selector_ios'
        ➜ Explicit dependency on target 'file_selector_ios_file_selector_ios' in project 'file_selector_ios'
    Target 'file_selector_ios' in project 'file_selector_ios'
        ➜ Explicit dependency on target 'file_selector_ios_file_selector_ios' in project 'file_selector_ios'
    Target 'file_selector_ios_file_selector_ios' in project 'file_selector_ios' (no dependencies)
    Target 'Pods-Runner' in project 'Pods'
        ➜ Explicit dependency on target 'Flutter' in project 'Pods'
        ➜ Explicit dependency on target 'media_kit_libs_ios_video' in project 'Pods'
        ➜ Explicit dependency on target 'media_kit_video' in project 'Pods'
    Target 'media_kit_video' in project 'Pods'
        ➜ Explicit dependency on target 'Flutter' in project 'Pods'
    Target 'media_kit_libs_ios_video' in project 'Pods'
        ➜ Explicit dependency on target 'Flutter' in project 'Pods'
    Target 'Flutter' in project 'Pods' (no dependencies)

GatherProvisioningInputs

CreateBuildDescription

ExecuteExternalTool /Applications/Xcode_15.4.app/Contents/Developer/Toolchains/XcodeDefault.xctoolchain/usr/bin/clang -v -E -dM -arch arm64 -isysroot /Applications/Xcode_15.4.app/Contents/Developer/Platforms/iPhoneOS.platform/Developer/SDKs/iPhoneOS17.5.sdk -x c -c /dev/null

ExecuteExternalTool /Applications/Xcode_15.4.app/Contents/Developer/Toolchains/XcodeDefault.xctoolchain/usr/bin/clang -v -E -dM -isysroot /Applications/Xcode_15.4.app/Contents/Developer/Platforms/iPhoneOS.platform/Developer/SDKs/iPhoneOS17.5.sdk -x c -c /dev/null

ExecuteExternalTool /Applications/Xcode_15.4.app/Contents/Developer/Toolchains/XcodeDefault.xctoolchain/usr/bin/swiftc -v

ExecuteExternalTool /Applications/Xcode_15.4.app/Contents/Developer/Toolchains/XcodeDefault.xctoolchain/usr/bin/clang -v -E -dM -arch arm64 -isysroot /Applications/Xcode_15.4.app/Contents/Developer/Platforms/iPhoneOS.platform/Developer/SDKs/iPhoneOS17.5.sdk -x objective-c -c /dev/null

ExecuteExternalTool /Applications/Xcode_15.4.app/Contents/Developer/Toolchains/XcodeDefault.xctoolchain/usr/bin/ld -version_details

ExecuteExternalTool /Applications/Xcode_15.4.app/Contents/Developer/usr/bin/ibtool --version --output-format xml1

ExecuteExternalTool /Applications/Xcode_15.4.app/Contents/Developer/usr/bin/actool --print-asset-tag-combinations --output-format xml1 /Users/runner/work/anivault/anivault/ios/Runner/Assets.xcassets

ExecuteExternalTool /Applications/Xcode_15.4.app/Contents/Developer/Toolchains/XcodeDefault.xctoolchain/usr/bin/libtool -V

ExecuteExternalTool /Applications/Xcode_15.4.app/Contents/Developer/usr/bin/actool --version --output-format xml1

Build description signature: 4aa009babbab3dca806dfb4b05c8a2d3
Build description path: /Users/runner/Library/Developer/Xcode/DerivedData/Runner-cxlsvnhjswijkndnlirzgjlztczd/Build/Intermediates.noindex/XCBuildData/4aa009babbab3dca806dfb4b05c8a2d3.xcbuilddata
ClangStatCache /Applications/Xcode_15.4.app/Contents/Developer/Toolchains/XcodeDefault.xctoolchain/usr/bin/clang-stat-cache /Applications/Xcode_15.4.app/Contents/Developer/Platforms/iPhoneOS.platform/Developer/SDKs/iPhoneOS17.5.sdk /Users/runner/Library/Developer/Xcode/DerivedData/SDKStatCaches.noindex/iphoneos17.5-21F77-f0fa7969d082b13145125136a829df3a.sdkstatcache
    cd /Users/runner/work/anivault/anivault/ios
    /Applications/Xcode_15.4.app/Contents/Developer/Toolchains/XcodeDefault.xctoolchain/usr/bin/clang-stat-cache /Applications/Xcode_15.4.app/Contents/Developer/Platforms/iPhoneOS.platform/Developer/SDKs/iPhoneOS17.5.sdk -o /Users/runner/Library/Developer/Xcode/DerivedData/SDKStatCaches.noindex/iphoneos17.5-21F77-f0fa7969d082b13145125136a829df3a.sdkstatcache

MkDir /Users/runner/Library/Developer/Xcode/DerivedData/Runner-cxlsvnhjswijkndnlirzgjlztczd/Build/Products/Release-iphoneos/wakelock_plus_wakelock_plus.bundle (in target 'wakelock_plus_wakelock_plus' from project 'wakelock_plus')
    cd /Users/runner/work/anivault/anivault/ios/Flutter/ephemeral/Packages/.packages/wakelock_plus-1.6.0
    /bin/mkdir -p /Users/runner/Library/Developer/Xcode/DerivedData/Runner-cxlsvnhjswijkndnlirzgjlztczd/Build/Products/Release-iphoneos/wakelock_plus_wakelock_plus.bundle

MkDir /Users/runner/Library/Developer/Xcode/DerivedData/Runner-cxlsvnhjswijkndnlirzgjlztczd/Build/Products/Release-iphoneos/shared_preferences_foundation_shared_preferences_foundation.bundle (in target 'shared_preferences_foundation_shared_preferences_foundation' from project 'shared_preferences_foundation')
    cd /Users/runner/work/anivault/anivault/ios/Flutter/ephemeral/Packages/.packages/shared_preferences_foundation-2.5.6
    /bin/mkdir -p /Users/runner/Library/Developer/Xcode/DerivedData/Runner-cxlsvnhjswijkndnlirzgjlztczd/Build/Products/Release-iphoneos/shared_preferences_foundation_shared_preferences_foundation.bundle

MkDir /Users/runner/Library/Developer/Xcode/DerivedData/Runner-cxlsvnhjswijkndnlirzgjlztczd/Build/Products/Release-iphoneos/package_info_plus_package_info_plus.bundle (in target 'package_info_plus_package_info_plus' from project 'package_info_plus')
    cd /Users/runner/work/anivault/anivault/ios/Flutter/ephemeral/Packages/.packages/package_info_plus-10.0.0
    /bin/mkdir -p /Users/runner/Library/Developer/Xcode/DerivedData/Runner-cxlsvnhjswijkndnlirzgjlztczd/Build/Products/Release-iphoneos/package_info_plus_package_info_plus.bundle

MkDir /Users/runner/Library/Developer/Xcode/DerivedData/Runner-cxlsvnhjswijkndnlirzgjlztczd/Build/Products/Release-iphoneos/media_kit_video/media_kit_video.framework (in target 'media_kit_video' from project 'Pods')
    cd /Users/runner/work/anivault/anivault/ios/Pods
    /bin/mkdir -p /Users/runner/Library/Developer/Xcode/DerivedData/Runner-cxlsvnhjswijkndnlirzgjlztczd/Build/Products/Release-iphoneos/media_kit_video/media_kit_video.framework

MkDir /Users/runner/Library/Developer/Xcode/DerivedData/Runner-cxlsvnhjswijkndnlirzgjlztczd/Build/Products/Release-iphoneos/media_kit_video/media_kit_video.framework/Headers (in target 'media_kit_video' from project 'Pods')
    cd /Users/runner/work/anivault/anivault/ios/Pods
    /bin/mkdir -p /Users/runner/Library/Developer/Xcode/DerivedData/Runner-cxlsvnhjswijkndnlirzgjlztczd/Build/Products/Release-iphoneos/media_kit_video/media_kit_video.framework/Headers

MkDir /Users/runner/Library/Developer/Xcode/DerivedData/Runner-cxlsvnhjswijkndnlirzgjlztczd/Build/Products/Release-iphoneos/media_kit_libs_ios_video/media_kit_libs_ios_video.framework/Headers (in target 'media_kit_libs_ios_video' from project 'Pods')
    cd /Users/runner/work/anivault/anivault/ios/Pods
    /bin/mkdir -p /Users/runner/Library/Developer/Xcode/DerivedData/Runner-cxlsvnhjswijkndnlirzgjlztczd/Build/Products/Release-iphoneos/media_kit_libs_ios_video/media_kit_libs_ios_video.framework/Headers

MkDir /Users/runner/Library/Developer/Xcode/DerivedData/Runner-cxlsvnhjswijkndnlirzgjlztczd/Build/Products/Release-iphoneos/media_kit_libs_ios_video/media_kit_libs_ios_video.framework (in target 'media_kit_libs_ios_video' from project 'Pods')
    cd /Users/runner/work/anivault/anivault/ios/Pods
    /bin/mkdir -p /Users/runner/Library/Developer/Xcode/DerivedData/Runner-cxlsvnhjswijkndnlirzgjlztczd/Build/Products/Release-iphoneos/media_kit_libs_ios_video/media_kit_libs_ios_video.framework

MkDir /Users/runner/Library/Developer/Xcode/DerivedData/Runner-cxlsvnhjswijkndnlirzgjlztczd/Build/Products/Release-iphoneos/file_selector_ios_file_selector_ios.bundle (in target 'file_selector_ios_file_selector_ios' from project 'file_selector_ios')
    cd /Users/runner/work/anivault/anivault/ios/Flutter/ephemeral/Packages/.packages/file_selector_ios-0.5.3+5
    /bin/mkdir -p /Users/runner/Library/Developer/Xcode/DerivedData/Runner-cxlsvnhjswijkndnlirzgjlztczd/Build/Products/Release-iphoneos/file_selector_ios_file_selector_ios.bundle

WriteAuxiliaryFile /Users/runner/Library/Developer/Xcode/DerivedData/Runner-cxlsvnhjswijkndnlirzgjlztczd/Build/Intermediates.noindex/wakelock_plus.build/Release-iphoneos/wakelock_plus.build/Objects-normal/arm64/e6072d4f65d7061329687fe24e3d63a7-common-args.resp (in target 'wakelock_plus' from project 'wakelock_plus')
    cd /Users/runner/work/anivault/anivault/ios/Flutter/ephemeral/Packages/.packages/wakelock_plus-1.6.0
    write-file /Users/runner/Library/Developer/Xcode/DerivedData/Runner-cxlsvnhjswijkndnlirzgjlztczd/Build/Intermediates.noindex/wakelock_plus.build/Release-iphoneos/wakelock_plus.build/Objects-normal/arm64/e6072d4f65d7061329687fe24e3d63a7-common-args.resp
-target arm64-apple-ios12.0 -fobjc-arc -fmodules -gmodules '-fmodules-cache-path=/Users/runner/Library/Developer/Xcode/DerivedData/ModuleCache.noindex' '-fmodule-name=wakelock_plus' -fpascal-strings -Os -DSWIFT_PACKAGE '-DOBJC_OLD_DISPATCH_PROTOTYPES=1' -isysroot /Applications/Xcode_15.4.app/Contents/Developer/Platforms/iPhoneOS.platform/Developer/SDKs/iPhoneOS17.5.sdk -g -I/Users/runner/Library/Developer/Xcode/DerivedData/Runner-cxlsvnhjswijkndnlirzgjlztczd/Build/Products/Release-iphoneos/include -I/Users/runner/work/anivault/anivault/ios/Flutter/ephemeral/Packages/.packages/wakelock_plus-1.6.0/Sources/wakelock_plus/include -I/Users/runner/work/anivault/anivault/ios/Flutter/ephemeral/Packages/.packages/wakelock_plus-1.6.0/Sources/wakelock_plus/include/wakelock_plus -I/Users/runner/Library/Developer/Xcode/DerivedData/Runner-cxlsvnhjswijkndnlirzgjlztczd/Build/Intermediates.noindex/wakelock_plus.build/Release-iphoneos/wakelock_plus.build/DerivedSources-normal/arm64 -I/Users/runner/Library/Developer/Xcode/DerivedData/Runner-cxlsvnhjswijkndnlirzgjlztczd/Build/Intermediates.noindex/wakelock_plus.build/Release-iphoneos/wakelock_plus.build/DerivedSources/arm64 -I/Users/runner/Library/Developer/Xcode/DerivedData/Runner-cxlsvnhjswijkndnlirzgjlztczd/Build/Intermediates.noindex/wakelock_plus.build/Release-iphoneos/wakelock_plus.build/DerivedSources -F/Users/runner/Library/Developer/Xcode/DerivedData/Runner-cxlsvnhjswijkndnlirzgjlztczd/Build/Products/Release-iphoneos -iframework /Applications/Xcode_15.4.app/Contents/Developer/Platforms/iPhoneOS.platform/Developer/Library/Frameworks -iframework /Applications/Xcode_15.4.app/Contents/Developer/Platforms/iPhoneOS.platform/Developer/SDKs/iPhoneOS17.5.sdk/Developer/Library/Frameworks -DXcode

MkDir /Users/runner/Library/Developer/Xcode/DerivedData/Runner-cxlsvnhjswijkndnlirzgjlztczd/Build/Products/Release-iphoneos/Runner.app/Frameworks (in target 'Runner' from project 'Runner')
    cd /Users/runner/work/anivault/anivault/ios
    /bin/mkdir -p /Users/runner/Library/Developer/Xcode/DerivedData/Runner-cxlsvnhjswijkndnlirzgjlztczd/Build/Products/Release-iphoneos/Runner.app/Frameworks

MkDir /Users/runner/Library/Developer/Xcode/DerivedData/Runner-cxlsvnhjswijkndnlirzgjlztczd/Build/Products/Release-iphoneos/Runner.app (in target 'Runner' from project 'Runner')
    cd /Users/runner/work/anivault/anivault/ios
    /bin/mkdir -p /Users/runner/Library/Developer/Xcode/DerivedData/Runner-cxlsvnhjswijkndnlirzgjlztczd/Build/Products/Release-iphoneos/Runner.app

MkDir /Users/runner/Library/Developer/Xcode/DerivedData/Runner-cxlsvnhjswijkndnlirzgjlztczd/Build/Products/Release-iphoneos/Pods_Runner.framework/Headers (in target 'Pods-Runner' from project 'Pods')
    cd /Users/runner/work/anivault/anivault/ios/Pods
    /bin/mkdir -p /Users/runner/Library/Developer/Xcode/DerivedData/Runner-cxlsvnhjswijkndnlirzgjlztczd/Build/Products/Release-iphoneos/Pods_Runner.framework/Headers

MkDir /Users/runner/Library/Developer/Xcode/DerivedData/Runner-cxlsvnhjswijkndnlirzgjlztczd/Build/Products/Release-iphoneos/Pods_Runner.framework (in target 'Pods-Runner' from project 'Pods')
    cd /Users/runner/work/anivault/anivault/ios/Pods
    /bin/mkdir -p /Users/runner/Library/Developer/Xcode/DerivedData/Runner-cxlsvnhjswijkndnlirzgjlztczd/Build/Products/Release-iphoneos/Pods_Runner.framework

WriteAuxiliaryFile /Users/runner/Library/Developer/Xcode/DerivedData/Runner-cxlsvnhjswijkndnlirzgjlztczd/Build/Intermediates.noindex/package_info_plus.build/Release-iphoneos/package_info_plus.build/Objects-normal/arm64/e6072d4f65d7061329687fe24e3d63a7-common-args.resp (in target 'package_info_plus' from project 'package_info_plus')
    cd /Users/runner/work/anivault/anivault/ios/Flutter/ephemeral/Packages/.packages/package_info_plus-10.0.0
    write-file /Users/runner/Library/Developer/Xcode/DerivedData/Runner-cxlsvnhjswijkndnlirzgjlztczd/Build/Intermediates.noindex/package_info_plus.build/Release-iphoneos/package_info_plus.build/Objects-normal/arm64/e6072d4f65d7061329687fe24e3d63a7-common-args.resp
-target arm64-apple-ios12.0 -fobjc-arc -fmodules -gmodules '-fmodules-cache-path=/Users/runner/Library/Developer/Xcode/DerivedData/ModuleCache.noindex' '-fmodule-name=package_info_plus' -fpascal-strings -Os -DSWIFT_PACKAGE '-DOBJC_OLD_DISPATCH_PROTOTYPES=1' -isysroot /Applications/Xcode_15.4.app/Contents/Developer/Platforms/iPhoneOS.platform/Developer/SDKs/iPhoneOS17.5.sdk -g -I/Users/runner/Library/Developer/Xcode/DerivedData/Runner-cxlsvnhjswijkndnlirzgjlztczd/Build/Products/Release-iphoneos/include -I/Users/runner/work/anivault/anivault/ios/Flutter/ephemeral/Packages/.packages/package_info_plus-10.0.0/Sources/package_info_plus/include -I/Users/runner/work/anivault/anivault/ios/Flutter/ephemeral/Packages/.packages/package_info_plus-10.0.0/Sources/package_info_plus/include/package_info_plus -I/Users/runner/Library/Developer/Xcode/DerivedData/Runner-cxlsvnhjswijkndnlirzgjlztczd/Build/Intermediates.noindex/package_info_plus.build/Release-iphoneos/package_info_plus.build/DerivedSources-normal/arm64 -I/Users/runner/Library/Developer/Xcode/DerivedData/Runner-cxlsvnhjswijkndnlirzgjlztczd/Build/Intermediates.noindex/package_info_plus.build/Release-iphoneos/package_info_plus.build/DerivedSources/arm64 -I/Users/runner/Library/Developer/Xcode/DerivedData/Runner-cxlsvnhjswijkndnlirzgjlztczd/Build/Intermediates.noindex/package_info_plus.build/Release-iphoneos/package_info_plus.build/DerivedSources -F/Users/runner/Library/Developer/Xcode/DerivedData/Runner-cxlsvnhjswijkndnlirzgjlztczd/Build/Products/Release-iphoneos -iframework /Applications/Xcode_15.4.app/Contents/Developer/Platforms/iPhoneOS.platform/Developer/Library/Frameworks -iframework /Applications/Xcode_15.4.app/Contents/Developer/Platforms/iPhoneOS.platform/Developer/SDKs/iPhoneOS17.5.sdk/Developer/Library/Frameworks -DXcode

ProcessInfoPlistFile /Users/runner/Library/Developer/Xcode/DerivedData/Runner-cxlsvnhjswijkndnlirzgjlztczd/Build/Products/Release-iphoneos/wakelock_plus_wakelock_plus.bundle/Info.plist /Users/runner/Library/Developer/Xcode/DerivedData/Runner-cxlsvnhjswijkndnlirzgjlztczd/Build/Intermediates.noindex/wakelock_plus.build/Release-iphoneos/wakelock_plus_wakelock_plus.build/empty-wakelock_plus_wakelock_plus.plist (in target 'wakelock_plus_wakelock_plus' from project 'wakelock_plus')
    cd /Users/runner/work/anivault/anivault/ios/Flutter/ephemeral/Packages/.packages/wakelock_plus-1.6.0
    builtin-infoPlistUtility /Users/runner/Library/Developer/Xcode/DerivedData/Runner-cxlsvnhjswijkndnlirzgjlztczd/Build/Intermediates.noindex/wakelock_plus.build/Release-iphoneos/wakelock_plus_wakelock_plus.build/empty-wakelock_plus_wakelock_plus.plist -producttype com.apple.product-type.bundle -expandbuildsettings -format binary -platform iphoneos -requiredArchitecture arm64 -o /Users/runner/Library/Developer/Xcode/DerivedData/Runner-cxlsvnhjswijkndnlirzgjlztczd/Build/Products/Release-iphoneos/wakelock_plus_wakelock_plus.bundle/Info.plist

CpResource /Users/runner/Library/Developer/Xcode/DerivedData/Runner-cxlsvnhjswijkndnlirzgjlztczd/Build/Products/Release-iphoneos/shared_preferences_foundation_shared_preferences_foundation.bundle/PrivacyInfo.xcprivacy /Users/runner/work/anivault/anivault/ios/Flutter/ephemeral/Packages/.packages/shared_preferences_foundation-2.5.6/Sources/shared_preferences_foundation/Resources/PrivacyInfo.xcprivacy (in target 'shared_preferences_foundation_shared_preferences_foundation' from project 'shared_preferences_foundation')
    cd /Users/runner/work/anivault/anivault/ios/Flutter/ephemeral/Packages/.packages/shared_preferences_foundation-2.5.6
    builtin-copy -exclude .DS_Store -exclude CVS -exclude .svn -exclude .git -exclude .hg -strip-unsigned-binaries -strip-deterministic -strip-tool /Applications/Xcode_15.4.app/Contents/Developer/Toolchains/XcodeDefault.xctoolchain/usr/bin/strip -resolve-src-symlinks /Users/runner/work/anivault/anivault/ios/Flutter/ephemeral/Packages/.packages/shared_preferences_foundation-2.5.6/Sources/shared_preferences_foundation/Resources/PrivacyInfo.xcprivacy /Users/runner/Library/Developer/Xcode/DerivedData/Runner-cxlsvnhjswijkndnlirzgjlztczd/Build/Products/Release-iphoneos/shared_preferences_foundation_shared_preferences_foundation.bundle

CpResource /Users/runner/Library/Developer/Xcode/DerivedData/Runner-cxlsvnhjswijkndnlirzgjlztczd/Build/Products/Release-iphoneos/wakelock_plus_wakelock_plus.bundle/PrivacyInfo.xcprivacy /Users/runner/work/anivault/anivault/ios/Flutter/ephemeral/Packages/.packages/wakelock_plus-1.6.0/Sources/wakelock_plus/Resources/PrivacyInfo.xcprivacy (in target 'wakelock_plus_wakelock_plus' from project 'wakelock_plus')
    cd /Users/runner/work/anivault/anivault/ios/Flutter/ephemeral/Packages/.packages/wakelock_plus-1.6.0
    builtin-copy -exclude .DS_Store -exclude CVS -exclude .svn -exclude .git -exclude .hg -strip-unsigned-binaries -strip-deterministic -strip-tool /Applications/Xcode_15.4.app/Contents/Developer/Toolchains/XcodeDefault.xctoolchain/usr/bin/strip -resolve-src-symlinks /Users/runner/work/anivault/anivault/ios/Flutter/ephemeral/Packages/.packages/wakelock_plus-1.6.0/Sources/wakelock_plus/Resources/PrivacyInfo.xcprivacy /Users/runner/Library/Developer/Xcode/DerivedData/Runner-cxlsvnhjswijkndnlirzgjlztczd/Build/Products/Release-iphoneos/wakelock_plus_wakelock_plus.bundle

ProcessInfoPlistFile /Users/runner/Library/Developer/Xcode/DerivedData/Runner-cxlsvnhjswijkndnlirzgjlztczd/Build/Products/Release-iphoneos/shared_preferences_foundation_shared_preferences_foundation.bundle/Info.plist /Users/runner/Library/Developer/Xcode/DerivedData/Runner-cxlsvnhjswijkndnlirzgjlztczd/Build/Intermediates.noindex/shared_preferences_foundation.build/Release-iphoneos/shared_preferences_foundation_shared_preferences_foundation.build/empty-shared_preferences_foundation_shared_preferences_foundation.plist (in target 'shared_preferences_foundation_shared_preferences_foundation' from project 'shared_preferences_foundation')
    cd /Users/runner/work/anivault/anivault/ios/Flutter/ephemeral/Packages/.packages/shared_preferences_foundation-2.5.6
    builtin-infoPlistUtility /Users/runner/Library/Developer/Xcode/DerivedData/Runner-cxlsvnhjswijkndnlirzgjlztczd/Build/Intermediates.noindex/shared_preferences_foundation.build/Release-iphoneos/shared_preferences_foundation_shared_preferences_foundation.build/empty-shared_preferences_foundation_shared_preferences_foundation.plist -producttype com.apple.product-type.bundle -expandbuildsettings -format binary -platform iphoneos -requiredArchitecture arm64 -o /Users/runner/Library/Developer/Xcode/DerivedData/Runner-cxlsvnhjswijkndnlirzgjlztczd/Build/Products/Release-iphoneos/shared_preferences_foundation_shared_preferences_foundation.bundle/Info.plist

ProcessInfoPlistFile /Users/runner/Library/Developer/Xcode/DerivedData/Runner-cxlsvnhjswijkndnlirzgjlztczd/Build/Products/Release-iphoneos/package_info_plus_package_info_plus.bundle/Info.plist /Users/runner/Library/Developer/Xcode/DerivedData/Runner-cxlsvnhjswijkndnlirzgjlztczd/Build/Intermediates.noindex/package_info_plus.build/Release-iphoneos/package_info_plus_package_info_plus.build/empty-package_info_plus_package_info_plus.plist (in target 'package_info_plus_package_info_plus' from project 'package_info_plus')
    cd /Users/runner/work/anivault/anivault/ios/Flutter/ephemeral/Packages/.packages/package_info_plus-10.0.0
    builtin-infoPlistUtility /Users/runner/Library/Developer/Xcode/DerivedData/Runner-cxlsvnhjswijkndnlirzgjlztczd/Build/Intermediates.noindex/package_info_plus.build/Release-iphoneos/package_info_plus_package_info_plus.build/empty-package_info_plus_package_info_plus.plist -producttype com.apple.product-type.bundle -expandbuildsettings -format binary -platform iphoneos -requiredArchitecture arm64 -o /Users/runner/Library/Developer/Xcode/DerivedData/Runner-cxlsvnhjswijkndnlirzgjlztczd/Build/Products/Release-iphoneos/package_info_plus_package_info_plus.bundle/Info.plist

CpResource /Users/runner/Library/Developer/Xcode/DerivedData/Runner-cxlsvnhjswijkndnlirzgjlztczd/Build/Products/Release-iphoneos/package_info_plus_package_info_plus.bundle/PrivacyInfo.xcprivacy /Users/runner/work/anivault/anivault/ios/Flutter/ephemeral/Packages/.packages/package_info_plus-10.0.0/Sources/package_info_plus/PrivacyInfo.xcprivacy (in target 'package_info_plus_package_info_plus' from project 'package_info_plus')
    cd /Users/runner/work/anivault/anivault/ios/Flutter/ephemeral/Packages/.packages/package_info_plus-10.0.0
    builtin-copy -exclude .DS_Store -exclude CVS -exclude .svn -exclude .git -exclude .hg -strip-unsigned-binaries -strip-deterministic -strip-tool /Applications/Xcode_15.4.app/Contents/Developer/Toolchains/XcodeDefault.xctoolchain/usr/bin/strip -resolve-src-symlinks /Users/runner/work/anivault/anivault/ios/Flutter/ephemeral/Packages/.packages/package_info_plus-10.0.0/Sources/package_info_plus/PrivacyInfo.xcprivacy /Users/runner/Library/Developer/Xcode/DerivedData/Runner-cxlsvnhjswijkndnlirzgjlztczd/Build/Products/Release-iphoneos/package_info_plus_package_info_plus.bundle

WriteAuxiliaryFile /Users/runner/Library/Developer/Xcode/DerivedData/Runner-cxlsvnhjswijkndnlirzgjlztczd/Build/Intermediates.noindex/Pods.build/Release-iphoneos/media_kit_video.build/all-product-headers.yaml (in target 'media_kit_video' from project 'Pods')
    cd /Users/runner/work/anivault/anivault/ios/Pods
    write-file /Users/runner/Library/Developer/Xcode/DerivedData/Runner-cxlsvnhjswijkndnlirzgjlztczd/Build/Intermediates.noindex/Pods.build/Release-iphoneos/media_kit_video.build/all-product-headers.yaml

WriteAuxiliaryFile /Users/runner/Library/Developer/Xcode/DerivedData/Runner-cxlsvnhjswijkndnlirzgjlztczd/Build/Intermediates.noindex/Pods.build/Release-iphoneos/media_kit_libs_ios_video.build/all-product-headers.yaml (in target 'media_kit_libs_ios_video' from project 'Pods')
    cd /Users/runner/work/anivault/anivault/ios/Pods
    write-file /Users/runner/Library/Developer/Xcode/DerivedData/Runner-cxlsvnhjswijkndnlirzgjlztczd/Build/Intermediates.noindex/Pods.build/Release-iphoneos/media_kit_libs_ios_video.build/all-product-headers.yaml

WriteAuxiliaryFile /Users/runner/Library/Developer/Xcode/DerivedData/Runner-cxlsvnhjswijkndnlirzgjlztczd/Build/Intermediates.noindex/Pods.build/Release-iphoneos/media_kit_video.build/unextended-module-overlay.yaml (in target 'media_kit_video' from project 'Pods')
    cd /Users/runner/work/anivault/anivault/ios/Pods
    write-file /Users/runner/Library/Developer/Xcode/DerivedData/Runner-cxlsvnhjswijkndnlirzgjlztczd/Build/Intermediates.noindex/Pods.build/Release-iphoneos/media_kit_video.build/unextended-module-overlay.yaml

Copy /Users/runner/Library/Developer/Xcode/DerivedData/Runner-cxlsvnhjswijkndnlirzgjlztczd/Build/Products/Release-iphoneos/media_kit_video/media_kit_video.framework/Modules/module.modulemap /Users/runner/Library/Developer/Xcode/DerivedData/Runner-cxlsvnhjswijkndnlirzgjlztczd/Build/Intermediates.noindex/Pods.build/Release-iphoneos/media_kit_video.build/module.modulemap (in target 'media_kit_video' from project 'Pods')
    cd /Users/runner/work/anivault/anivault/ios/Pods
    builtin-copy -exclude .DS_Store -exclude CVS -exclude .svn -exclude .git -exclude .hg -resolve-src-symlinks /Users/runner/Library/Developer/Xcode/DerivedData/Runner-cxlsvnhjswijkndnlirzgjlztczd/Build/Intermediates.noindex/Pods.build/Release-iphoneos/media_kit_video.build/module.modulemap /Users/runner/Library/Developer/Xcode/DerivedData/Runner-cxlsvnhjswijkndnlirzgjlztczd/Build/Products/Release-iphoneos/media_kit_video/media_kit_video.framework/Modules

WriteAuxiliaryFile /Users/runner/Library/Developer/Xcode/DerivedData/Runner-cxlsvnhjswijkndnlirzgjlztczd/Build/Intermediates.noindex/Pods.build/Release-iphoneos/media_kit_libs_ios_video.build/unextended-module-overlay.yaml (in target 'media_kit_libs_ios_video' from project 'Pods')
    cd /Users/runner/work/anivault/anivault/ios/Pods
    write-file /Users/runner/Library/Developer/Xcode/DerivedData/Runner-cxlsvnhjswijkndnlirzgjlztczd/Build/Intermediates.noindex/Pods.build/Release-iphoneos/media_kit_libs_ios_video.build/unextended-module-overlay.yaml

Copy /Users/runner/Library/Developer/Xcode/DerivedData/Runner-cxlsvnhjswijkndnlirzgjlztczd/Build/Products/Release-iphoneos/media_kit_libs_ios_video/media_kit_libs_ios_video.framework/Modules/module.modulemap /Users/runner/Library/Developer/Xcode/DerivedData/Runner-cxlsvnhjswijkndnlirzgjlztczd/Build/Intermediates.noindex/Pods.build/Release-iphoneos/media_kit_libs_ios_video.build/module.modulemap (in target 'media_kit_libs_ios_video' from project 'Pods')
    cd /Users/runner/work/anivault/anivault/ios/Pods
    builtin-copy -exclude .DS_Store -exclude CVS -exclude .svn -exclude .git -exclude .hg -resolve-src-symlinks /Users/runner/Library/Developer/Xcode/DerivedData/Runner-cxlsvnhjswijkndnlirzgjlztczd/Build/Intermediates.noindex/Pods.build/Release-iphoneos/media_kit_libs_ios_video.build/module.modulemap /Users/runner/Library/Developer/Xcode/DerivedData/Runner-cxlsvnhjswijkndnlirzgjlztczd/Build/Products/Release-iphoneos/media_kit_libs_ios_video/media_kit_libs_ios_video.framework/Modules

RegisterExecutionPolicyException /Users/runner/Library/Developer/Xcode/DerivedData/Runner-cxlsvnhjswijkndnlirzgjlztczd/Build/Products/Release-iphoneos/wakelock_plus_wakelock_plus.bundle (in target 'wakelock_plus_wakelock_plus' from project 'wakelock_plus')
    cd /Users/runner/work/anivault/anivault/ios/Flutter/ephemeral/Packages/.packages/wakelock_plus-1.6.0
    builtin-RegisterExecutionPolicyException /Users/runner/Library/Developer/Xcode/DerivedData/Runner-cxlsvnhjswijkndnlirzgjlztczd/Build/Products/Release-iphoneos/wakelock_plus_wakelock_plus.bundle

RegisterExecutionPolicyException /Users/runner/Library/Developer/Xcode/DerivedData/Runner-cxlsvnhjswijkndnlirzgjlztczd/Build/Products/Release-iphoneos/shared_preferences_foundation_shared_preferences_foundation.bundle (in target 'shared_preferences_foundation_shared_preferences_foundation' from project 'shared_preferences_foundation')
    cd /Users/runner/work/anivault/anivault/ios/Flutter/ephemeral/Packages/.packages/shared_preferences_foundation-2.5.6
    builtin-RegisterExecutionPolicyException /Users/runner/Library/Developer/Xcode/DerivedData/Runner-cxlsvnhjswijkndnlirzgjlztczd/Build/Products/Release-iphoneos/shared_preferences_foundation_shared_preferences_foundation.bundle

ProcessInfoPlistFile /Users/runner/Library/Developer/Xcode/DerivedData/Runner-cxlsvnhjswijkndnlirzgjlztczd/Build/Products/Release-iphoneos/file_selector_ios_file_selector_ios.bundle/Info.plist /Users/runner/Library/Developer/Xcode/DerivedData/Runner-cxlsvnhjswijkndnlirzgjlztczd/Build/Intermediates.noindex/file_selector_ios.build/Release-iphoneos/file_selector_ios_file_selector_ios.build/empty-file_selector_ios_file_selector_ios.plist (in target 'file_selector_ios_file_selector_ios' from project 'file_selector_ios')
    cd /Users/runner/work/anivault/anivault/ios/Flutter/ephemeral/Packages/.packages/file_selector_ios-0.5.3+5
    builtin-infoPlistUtility /Users/runner/Library/Developer/Xcode/DerivedData/Runner-cxlsvnhjswijkndnlirzgjlztczd/Build/Intermediates.noindex/file_selector_ios.build/Release-iphoneos/file_selector_ios_file_selector_ios.build/empty-file_selector_ios_file_selector_ios.plist -producttype com.apple.product-type.bundle -expandbuildsettings -format binary -platform iphoneos -requiredArchitecture arm64 -o /Users/runner/Library/Developer/Xcode/DerivedData/Runner-cxlsvnhjswijkndnlirzgjlztczd/Build/Products/Release-iphoneos/file_selector_ios_file_selector_ios.bundle/Info.plist

CpResource /Users/runner/Library/Developer/Xcode/DerivedData/Runner-cxlsvnhjswijkndnlirzgjlztczd/Build/Products/Release-iphoneos/file_selector_ios_file_selector_ios.bundle/PrivacyInfo.xcprivacy /Users/runner/work/anivault/anivault/ios/Flutter/ephemeral/Packages/.packages/file_selector_ios-0.5.3+5/Sources/file_selector_ios/Resources/PrivacyInfo.xcprivacy (in target 'file_selector_ios_file_selector_ios' from project 'file_selector_ios')
    cd /Users/runner/work/anivault/anivault/ios/Flutter/ephemeral/Packages/.packages/file_selector_ios-0.5.3+5
    builtin-copy -exclude .DS_Store -exclude CVS -exclude .svn -exclude .git -exclude .hg -strip-unsigned-binaries -strip-deterministic -strip-tool /Applications/Xcode_15.4.app/Contents/Developer/Toolchains/XcodeDefault.xctoolchain/usr/bin/strip -resolve-src-symlinks /Users/runner/work/anivault/anivault/ios/Flutter/ephemeral/Packages/.packages/file_selector_ios-0.5.3+5/Sources/file_selector_ios/Resources/PrivacyInfo.xcprivacy /Users/runner/Library/Developer/Xcode/DerivedData/Runner-cxlsvnhjswijkndnlirzgjlztczd/Build/Products/Release-iphoneos/file_selector_ios_file_selector_ios.bundle

Touch /Users/runner/Library/Developer/Xcode/DerivedData/Runner-cxlsvnhjswijkndnlirzgjlztczd/Build/Products/Release-iphoneos/wakelock_plus_wakelock_plus.bundle (in target 'wakelock_plus_wakelock_plus' from project 'wakelock_plus')
    cd /Users/runner/work/anivault/anivault/ios/Flutter/ephemeral/Packages/.packages/wakelock_plus-1.6.0
    /usr/bin/touch -c /Users/runner/Library/Developer/Xcode/DerivedData/Runner-cxlsvnhjswijkndnlirzgjlztczd/Build/Products/Release-iphoneos/wakelock_plus_wakelock_plus.bundle

Touch /Users/runner/Library/Developer/Xcode/DerivedData/Runner-cxlsvnhjswijkndnlirzgjlztczd/Build/Products/Release-iphoneos/shared_preferences_foundation_shared_preferences_foundation.bundle (in target 'shared_preferences_foundation_shared_preferences_foundation' from project 'shared_preferences_foundation')
    cd /Users/runner/work/anivault/anivault/ios/Flutter/ephemeral/Packages/.packages/shared_preferences_foundation-2.5.6
    /usr/bin/touch -c /Users/runner/Library/Developer/Xcode/DerivedData/Runner-cxlsvnhjswijkndnlirzgjlztczd/Build/Products/Release-iphoneos/shared_preferences_foundation_shared_preferences_foundation.bundle

RegisterExecutionPolicyException /Users/runner/Library/Developer/Xcode/DerivedData/Runner-cxlsvnhjswijkndnlirzgjlztczd/Build/Products/Release-iphoneos/package_info_plus_package_info_plus.bundle (in target 'package_info_plus_package_info_plus' from project 'package_info_plus')
    cd /Users/runner/work/anivault/anivault/ios/Flutter/ephemeral/Packages/.packages/package_info_plus-10.0.0
    builtin-RegisterExecutionPolicyException /Users/runner/Library/Developer/Xcode/DerivedData/Runner-cxlsvnhjswijkndnlirzgjlztczd/Build/Products/Release-iphoneos/package_info_plus_package_info_plus.bundle

CpHeader /Users/runner/Library/Developer/Xcode/DerivedData/Runner-cxlsvnhjswijkndnlirzgjlztczd/Build/Products/Release-iphoneos/media_kit_video/media_kit_video.framework/Headers/stream_cb.h /Users/runner/work/anivault/anivault/third_party/media_kit_video/ios/Headers/mpv/stream_cb.h (in target 'media_kit_video' from project 'Pods')
    cd /Users/runner/work/anivault/anivault/ios/Pods
    builtin-copy -exclude .DS_Store -exclude CVS -exclude .svn -exclude .git -exclude .hg -resolve-src-symlinks /Users/runner/work/anivault/anivault/third_party/media_kit_video/ios/Headers/mpv/stream_cb.h /Users/runner/Library/Developer/Xcode/DerivedData/Runner-cxlsvnhjswijkndnlirzgjlztczd/Build/Products/Release-iphoneos/media_kit_video/media_kit_video.framework/Headers

CpHeader /Users/runner/Library/Developer/Xcode/DerivedData/Runner-cxlsvnhjswijkndnlirzgjlztczd/Build/Products/Release-iphoneos/media_kit_video/media_kit_video.framework/Headers/render_gl.h /Users/runner/work/anivault/anivault/third_party/media_kit_video/ios/Headers/mpv/render_gl.h (in target 'media_kit_video' from project 'Pods')
    cd /Users/runner/work/anivault/anivault/ios/Pods
    builtin-copy -exclude .DS_Store -exclude CVS -exclude .svn -exclude .git -exclude .hg -resolve-src-symlinks /Users/runner/work/anivault/anivault/third_party/media_kit_video/ios/Headers/mpv/render_gl.h /Users/runner/Library/Developer/Xcode/DerivedData/Runner-cxlsvnhjswijkndnlirzgjlztczd/Build/Products/Release-iphoneos/media_kit_video/media_kit_video.framework/Headers

CpHeader /Users/runner/Library/Developer/Xcode/DerivedData/Runner-cxlsvnhjswijkndnlirzgjlztczd/Build/Products/Release-iphoneos/media_kit_video/media_kit_video.framework/Headers/render.h /Users/runner/work/anivault/anivault/third_party/media_kit_video/ios/Headers/mpv/render.h (in target 'media_kit_video' from project 'Pods')
    cd /Users/runner/work/anivault/anivault/ios/Pods
    builtin-copy -exclude .DS_Store -exclude CVS -exclude .svn -exclude .git -exclude .hg -resolve-src-symlinks /Users/runner/work/anivault/anivault/third_party/media_kit_video/ios/Headers/mpv/render.h /Users/runner/Library/Developer/Xcode/DerivedData/Runner-cxlsvnhjswijkndnlirzgjlztczd/Build/Products/Release-iphoneos/media_kit_video/media_kit_video.framework/Headers

CpHeader /Users/runner/Library/Developer/Xcode/DerivedData/Runner-cxlsvnhjswijkndnlirzgjlztczd/Build/Products/Release-iphoneos/media_kit_video/media_kit_video.framework/Headers/media_kit_video-umbrella.h /Users/runner/work/anivault/anivault/ios/Pods/Target\ Support\ Files/media_kit_video/media_kit_video-umbrella.h (in target 'media_kit_video' from project 'Pods')
    cd /Users/runner/work/anivault/anivault/ios/Pods
    builtin-copy -exclude .DS_Store -exclude CVS -exclude .svn -exclude .git -exclude .hg -resolve-src-symlinks /Users/runner/work/anivault/anivault/ios/Pods/Target\ Support\ Files/media_kit_video/media_kit_video-umbrella.h /Users/runner/Library/Developer/Xcode/DerivedData/Runner-cxlsvnhjswijkndnlirzgjlztczd/Build/Products/Release-iphoneos/media_kit_video/media_kit_video.framework/Headers

CpHeader /Users/runner/Library/Developer/Xcode/DerivedData/Runner-cxlsvnhjswijkndnlirzgjlztczd/Build/Products/Release-iphoneos/media_kit_video/media_kit_video.framework/Headers/client.h /Users/runner/work/anivault/anivault/third_party/media_kit_video/ios/Headers/mpv/client.h (in target 'media_kit_video' from project 'Pods')
    cd /Users/runner/work/anivault/anivault/ios/Pods
    builtin-copy -exclude .DS_Store -exclude CVS -exclude .svn -exclude .git -exclude .hg -resolve-src-symlinks /Users/runner/work/anivault/anivault/third_party/media_kit_video/ios/Headers/mpv/client.h /Users/runner/Library/Developer/Xcode/DerivedData/Runner-cxlsvnhjswijkndnlirzgjlztczd/Build/Products/Release-iphoneos/media_kit_video/media_kit_video.framework/Headers

CpHeader /Users/runner/Library/Developer/Xcode/DerivedData/Runner-cxlsvnhjswijkndnlirzgjlztczd/Build/Products/Release-iphoneos/media_kit_libs_ios_video/media_kit_libs_ios_video.framework/Headers/media_kit_libs_ios_video-umbrella.h /Users/runner/work/anivault/anivault/ios/Pods/Target\ Support\ Files/media_kit_libs_ios_video/media_kit_libs_ios_video-umbrella.h (in target 'media_kit_libs_ios_video' from project 'Pods')
    cd /Users/runner/work/anivault/anivault/ios/Pods
    builtin-copy -exclude .DS_Store -exclude CVS -exclude .svn -exclude .git -exclude .hg -resolve-src-symlinks /Users/runner/work/anivault/anivault/ios/Pods/Target\ Support\ Files/media_kit_libs_ios_video/media_kit_libs_ios_video-umbrella.h /Users/runner/Library/Developer/Xcode/DerivedData/Runner-cxlsvnhjswijkndnlirzgjlztczd/Build/Products/Release-iphoneos/media_kit_libs_ios_video/media_kit_libs_ios_video.framework/Headers

ProcessInfoPlistFile /Users/runner/Library/Developer/Xcode/DerivedData/Runner-cxlsvnhjswijkndnlirzgjlztczd/Build/Products/Release-iphoneos/media_kit_video/media_kit_video.framework/Info.plist /Users/runner/work/anivault/anivault/ios/Pods/Target\ Support\ Files/media_kit_video/media_kit_video-Info.plist (in target 'media_kit_video' from project 'Pods')
    cd /Users/runner/work/anivault/anivault/ios/Pods
    builtin-infoPlistUtility /Users/runner/work/anivault/anivault/ios/Pods/Target\ Support\ Files/media_kit_video/media_kit_video-Info.plist -producttype com.apple.product-type.framework -expandbuildsettings -format binary -platform iphoneos -requiredArchitecture arm64 -o /Users/runner/Library/Developer/Xcode/DerivedData/Runner-cxlsvnhjswijkndnlirzgjlztczd/Build/Products/Release-iphoneos/media_kit_video/media_kit_video.framework/Info.plist

ProcessInfoPlistFile /Users/runner/Library/Developer/Xcode/DerivedData/Runner-cxlsvnhjswijkndnlirzgjlztczd/Build/Products/Release-iphoneos/media_kit_libs_ios_video/media_kit_libs_ios_video.framework/Info.plist /Users/runner/work/anivault/anivault/ios/Pods/Target\ Support\ Files/media_kit_libs_ios_video/media_kit_libs_ios_video-Info.plist (in target 'media_kit_libs_ios_video' from project 'Pods')
    cd /Users/runner/work/anivault/anivault/ios/Pods
    builtin-infoPlistUtility /Users/runner/work/anivault/anivault/ios/Pods/Target\ Support\ Files/media_kit_libs_ios_video/media_kit_libs_ios_video-Info.plist -producttype com.apple.product-type.framework -expandbuildsettings -format binary -platform iphoneos -requiredArchitecture arm64 -o /Users/runner/Library/Developer/Xcode/DerivedData/Runner-cxlsvnhjswijkndnlirzgjlztczd/Build/Products/Release-iphoneos/media_kit_libs_ios_video/media_kit_libs_ios_video.framework/Info.plist

RegisterExecutionPolicyException /Users/runner/Library/Developer/Xcode/DerivedData/Runner-cxlsvnhjswijkndnlirzgjlztczd/Build/Products/Release-iphoneos/file_selector_ios_file_selector_ios.bundle (in target 'file_selector_ios_file_selector_ios' from project 'file_selector_ios')
    cd /Users/runner/work/anivault/anivault/ios/Flutter/ephemeral/Packages/.packages/file_selector_ios-0.5.3+5
    builtin-RegisterExecutionPolicyException /Users/runner/Library/Developer/Xcode/DerivedData/Runner-cxlsvnhjswijkndnlirzgjlztczd/Build/Products/Release-iphoneos/file_selector_ios_file_selector_ios.bundle

Touch /Users/runner/Library/Developer/Xcode/DerivedData/Runner-cxlsvnhjswijkndnlirzgjlztczd/Build/Products/Release-iphoneos/package_info_plus_package_info_plus.bundle (in target 'package_info_plus_package_info_plus' from project 'package_info_plus')
    cd /Users/runner/work/anivault/anivault/ios/Flutter/ephemeral/Packages/.packages/package_info_plus-10.0.0
    /usr/bin/touch -c /Users/runner/Library/Developer/Xcode/DerivedData/Runner-cxlsvnhjswijkndnlirzgjlztczd/Build/Products/Release-iphoneos/package_info_plus_package_info_plus.bundle

WriteAuxiliaryFile /Users/runner/Library/Developer/Xcode/DerivedData/Runner-cxlsvnhjswijkndnlirzgjlztczd/Build/Intermediates.noindex/Pods.build/Release-iphoneos/media_kit_video.build/Objects-normal/arm64/e6072d4f65d7061329687fe24e3d63a7-common-args.resp (in target 'media_kit_video' from project 'Pods')
    cd /Users/runner/work/anivault/anivault/ios/Pods
    write-file /Users/runner/Library/Developer/Xcode/DerivedData/Runner-cxlsvnhjswijkndnlirzgjlztczd/Build/Intermediates.noindex/Pods.build/Release-iphoneos/media_kit_video.build/Objects-normal/arm64/e6072d4f65d7061329687fe24e3d63a7-common-args.resp
-target arm64-apple-ios13.0 '-std=gnu11' -fobjc-arc -fobjc-weak -fmodules -gmodules '-fmodules-cache-path=/Users/runner/Library/Developer/Xcode/DerivedData/ModuleCache.noindex' '-fmodule-name=media_kit_video' -fpascal-strings -Os -fno-common '-DPOD_CONFIGURATION_RELEASE=1' '-DCOCOAPODS=1' '-DPOD_CONFIGURATION_RELEASE=1 ' -DGL_SILENCE_DEPRECATION -DCOREVIDEO_SILENCE_GL_DEPRECATION '-DNS_BLOCK_ASSERTIONS=1' '-DOBJC_OLD_DISPATCH_PROTOTYPES=0' -isysroot /Applications/Xcode_15.4.app/Contents/Developer/Platforms/iPhoneOS.platform/Developer/SDKs/iPhoneOS17.5.sdk -g -iquote /Users/runner/Library/Developer/Xcode/DerivedData/Runner-cxlsvnhjswijkndnlirzgjlztczd/Build/Intermediates.noindex/Pods.build/Release-iphoneos/media_kit_video.build/media_kit_video-generated-files.hmap -I/Users/runner/Library/Developer/Xcode/DerivedData/Runner-cxlsvnhjswijkndnlirzgjlztczd/Build/Intermediates.noindex/Pods.build/Release-iphoneos/media_kit_video.build/media_kit_video-own-target-headers.hmap -I/Users/runner/Library/Developer/Xcode/DerivedData/Runner-cxlsvnhjswijkndnlirzgjlztczd/Build/Intermediates.noindex/Pods.build/Release-iphoneos/media_kit_video.build/media_kit_video-all-non-framework-target-headers.hmap -ivfsoverlay /Users/runner/Library/Developer/Xcode/DerivedData/Runner-cxlsvnhjswijkndnlirzgjlztczd/Build/Intermediates.noindex/Pods.build/Release-iphoneos/media_kit_video.build/all-product-headers.yaml -iquote /Users/runner/Library/Developer/Xcode/DerivedData/Runner-cxlsvnhjswijkndnlirzgjlztczd/Build/Intermediates.noindex/Pods.build/Release-iphoneos/media_kit_video.build/media_kit_video-project-headers.hmap -I/Users/runner/Library/Developer/Xcode/DerivedData/Runner-cxlsvnhjswijkndnlirzgjlztczd/Build/Products/Release-iphoneos/media_kit_video/include -I/Users/runner/Library/Developer/Xcode/DerivedData/Runner-cxlsvnhjswijkndnlirzgjlztczd/Build/Intermediates.noindex/Pods.build/Release-iphoneos/media_kit_video.build/DerivedSources-normal/arm64 -I/Users/runner/Library/Developer/Xcode/DerivedData/Runner-cxlsvnhjswijkndnlirzgjlztczd/Build/Intermediates.noindex/Pods.build/Release-iphoneos/media_kit_video.build/DerivedSources/arm64 -I/Users/runner/Library/Developer/Xcode/DerivedData/Runner-cxlsvnhjswijkndnlirzgjlztczd/Build/Intermediates.noindex/Pods.build/Release-iphoneos/media_kit_video.build/DerivedSources -F/Users/runner/Library/Developer/Xcode/DerivedData/Runner-cxlsvnhjswijkndnlirzgjlztczd/Build/Products/Release-iphoneos/media_kit_video -F/Users/runner/hostedtoolcache/flutter/stable-3.44.4-arm64/flutter/bin/cache/artifacts/engine/ios-release/Flutter.xcframework/ios-arm64 -F/Users/runner/work/anivault/anivault/ios/.symlinks/plugins/media_kit_libs_ios_video/ios/Frameworks/.symlinks/mpv/ios

WriteAuxiliaryFile /Users/runner/Library/Developer/Xcode/DerivedData/Runner-cxlsvnhjswijkndnlirzgjlztczd/Build/Intermediates.noindex/Pods.build/Release-iphoneos/media_kit_video.build/Objects-normal/arm64/7187679823f38a2a940e0043cdf9d637-common-args.resp (in target 'media_kit_video' from project 'Pods')
    cd /Users/runner/work/anivault/anivault/ios/Pods
    write-file /Users/runner/Library/Developer/Xcode/DerivedData/Runner-cxlsvnhjswijkndnlirzgjlztczd/Build/Intermediates.noindex/Pods.build/Release-iphoneos/media_kit_video.build/Objects-normal/arm64/7187679823f38a2a940e0043cdf9d637-common-args.resp
-target arm64-apple-ios13.0 '-std=gnu11' -fmodules -gmodules '-fmodules-cache-path=/Users/runner/Library/Developer/Xcode/DerivedData/ModuleCache.noindex' '-fmodule-name=media_kit_video' -fpascal-strings -Os -fno-common '-DPOD_CONFIGURATION_RELEASE=1' '-DCOCOAPODS=1' '-DPOD_CONFIGURATION_RELEASE=1 ' -DGL_SILENCE_DEPRECATION -DCOREVIDEO_SILENCE_GL_DEPRECATION -isysroot /Applications/Xcode_15.4.app/Contents/Developer/Platforms/iPhoneOS.platform/Developer/SDKs/iPhoneOS17.5.sdk -g -iquote /Users/runner/Library/Developer/Xcode/DerivedData/Runner-cxlsvnhjswijkndnlirzgjlztczd/Build/Intermediates.noindex/Pods.build/Release-iphoneos/media_kit_video.build/media_kit_video-generated-files.hmap -I/Users/runner/Library/Developer/Xcode/DerivedData/Runner-cxlsvnhjswijkndnlirzgjlztczd/Build/Intermediates.noindex/Pods.build/Release-iphoneos/media_kit_video.build/media_kit_video-own-target-headers.hmap -I/Users/runner/Library/Developer/Xcode/DerivedData/Runner-cxlsvnhjswijkndnlirzgjlztczd/Build/Intermediates.noindex/Pods.build/Release-iphoneos/media_kit_video.build/media_kit_video-all-non-framework-target-headers.hmap -ivfsoverlay /Users/runner/Library/Developer/Xcode/DerivedData/Runner-cxlsvnhjswijkndnlirzgjlztczd/Build/Intermediates.noindex/Pods.build/Release-iphoneos/media_kit_video.build/all-product-headers.yaml -iquote /Users/runner/Library/Developer/Xcode/DerivedData/Runner-cxlsvnhjswijkndnlirzgjlztczd/Build/Intermediates.noindex/Pods.build/Release-iphoneos/media_kit_video.build/media_kit_video-project-headers.hmap -I/Users/runner/Library/Developer/Xcode/DerivedData/Runner-cxlsvnhjswijkndnlirzgjlztczd/Build/Products/Release-iphoneos/media_kit_video/include -I/Users/runner/Library/Developer/Xcode/DerivedData/Runner-cxlsvnhjswijkndnlirzgjlztczd/Build/Intermediates.noindex/Pods.build/Release-iphoneos/media_kit_video.build/DerivedSources-normal/arm64 -I/Users/runner/Library/Developer/Xcode/DerivedData/Runner-cxlsvnhjswijkndnlirzgjlztczd/Build/Intermediates.noindex/Pods.build/Release-iphoneos/media_kit_video.build/DerivedSources/arm64 -I/Users/runner/Library/Developer/Xcode/DerivedData/Runner-cxlsvnhjswijkndnlirzgjlztczd/Build/Intermediates.noindex/Pods.build/Release-iphoneos/media_kit_video.build/DerivedSources -F/Users/runner/Library/Developer/Xcode/DerivedData/Runner-cxlsvnhjswijkndnlirzgjlztczd/Build/Products/Release-iphoneos/media_kit_video -F/Users/runner/hostedtoolcache/flutter/stable-3.44.4-arm64/flutter/bin/cache/artifacts/engine/ios-release/Flutter.xcframework/ios-arm64 -F/Users/runner/work/anivault/anivault/ios/.symlinks/plugins/media_kit_libs_ios_video/ios/Frameworks/.symlinks/mpv/ios

WriteAuxiliaryFile /Users/runner/Library/Developer/Xcode/DerivedData/Runner-cxlsvnhjswijkndnlirzgjlztczd/Build/Intermediates.noindex/Pods.build/Release-iphoneos/media_kit_libs_ios_video.build/OutputFileList-6BB565C43CC56D42E8325F859FAC72E6-media_kit_libs_ios_video-xcframeworks-output-files-90015584367950bfdccf569b9df1c299-resolved.xcfilelist (in target 'media_kit_libs_ios_video' from project 'Pods')
    cd /Users/runner/work/anivault/anivault/ios/Pods
    write-file /Users/runner/Library/Developer/Xcode/DerivedData/Runner-cxlsvnhjswijkndnlirzgjlztczd/Build/Intermediates.noindex/Pods.build/Release-iphoneos/media_kit_libs_ios_video.build/OutputFileList-6BB565C43CC56D42E8325F859FAC72E6-media_kit_libs_ios_video-xcframeworks-output-files-90015584367950bfdccf569b9df1c299-resolved.xcfilelist

Touch /Users/runner/Library/Developer/Xcode/DerivedData/Runner-cxlsvnhjswijkndnlirzgjlztczd/Build/Products/Release-iphoneos/file_selector_ios_file_selector_ios.bundle (in target 'file_selector_ios_file_selector_ios' from project 'file_selector_ios')
    cd /Users/runner/work/anivault/anivault/ios/Flutter/ephemeral/Packages/.packages/file_selector_ios-0.5.3+5
    /usr/bin/touch -c /Users/runner/Library/Developer/Xcode/DerivedData/Runner-cxlsvnhjswijkndnlirzgjlztczd/Build/Products/Release-iphoneos/file_selector_ios_file_selector_ios.bundle

PhaseScriptExecution [CP]\ Copy\ XCFrameworks /Users/runner/Library/Developer/Xcode/DerivedData/Runner-cxlsvnhjswijkndnlirzgjlztczd/Build/Intermediates.noindex/Pods.build/Release-iphoneos/media_kit_libs_ios_video.build/Script-6BB565C43CC56D42E8325F859FAC72E6.sh (in target 'media_kit_libs_ios_video' from project 'Pods')
    cd /Users/runner/work/anivault/anivault/ios/Pods
    /bin/sh -c /Users/runner/Library/Developer/Xcode/DerivedData/Runner-cxlsvnhjswijkndnlirzgjlztczd/Build/Intermediates.noindex/Pods.build/Release-iphoneos/media_kit_libs_ios_video.build/Script-6BB565C43CC56D42E8325F859FAC72E6.sh
Selected xcframework slice ios-arm64
rsync --delete -av --filter P .*.?????? --links --filter "- CVS/" --filter "- .svn/" --filter "- .git/" --filter "- .hg/" "/Users/runner/work/anivault/anivault/ios/Pods/../.symlinks/plugins/media_kit_libs_ios_video/ios/Frameworks/Ass.xcframework/ios-arm64/*" "/Users/runner/Library/Developer/Xcode/DerivedData/Runner-cxlsvnhjswijkndnlirzgjlztczd/Build/Products/Release-iphoneos/XCFrameworkIntermediates/media_kit_libs_ios_video"
building file list ... done
Ass.framework/
Ass.framework/Ass
Ass.framework/Info.plist

sent 325375 bytes  received 70 bytes  650890.00 bytes/sec
total size is 325120  speedup is 1.00
Copied /Users/runner/work/anivault/anivault/ios/Pods/../.symlinks/plugins/media_kit_libs_ios_video/ios/Frameworks/Ass.xcframework/ios-arm64 to /Users/runner/Library/Developer/Xcode/DerivedData/Runner-cxlsvnhjswijkndnlirzgjlztczd/Build/Products/Release-iphoneos/XCFrameworkIntermediates/media_kit_libs_ios_video
Selected xcframework slice ios-arm64
rsync --delete -av --filter P .*.?????? --links --filter "- CVS/" --filter "- .svn/" --filter "- .git/" --filter "- .hg/" "/Users/runner/work/anivault/anivault/ios/Pods/../.symlinks/plugins/media_kit_libs_ios_video/ios/Frameworks/Avcodec.xcframework/ios-arm64/*" "/Users/runner/Library/Developer/Xcode/DerivedData/Runner-cxlsvnhjswijkndnlirzgjlztczd/Build/Products/Release-iphoneos/XCFrameworkIntermediates/media_kit_libs_ios_video"
building file list ... done
Avcodec.framework/
Avcodec.framework/Avcodec
Avcodec.framework/Info.plist

sent 3520679 bytes  received 70 bytes  7041498.00 bytes/sec
total size is 3520024  speedup is 1.00
Copied /Users/runner/work/anivault/anivault/ios/Pods/../.symlinks/plugins/media_kit_libs_ios_video/ios/Frameworks/Avcodec.xcframework/ios-arm64 to /Users/runner/Library/Developer/Xcode/DerivedData/Runner-cxlsvnhjswijkndnlirzgjlztczd/Build/Products/Release-iphoneos/XCFrameworkIntermediates/media_kit_libs_ios_video
Selected xcframework slice ios-arm64
rsync --delete -av --filter P .*.?????? --links --filter "- CVS/" --filter "- .svn/" --filter "- .git/" --filter "- .hg/" "/Users/runner/work/anivault/anivault/ios/Pods/../.symlinks/plugins/media_kit_libs_ios_video/ios/Frameworks/Avfilter.xcframework/ios-arm64/*" "/Users/runner/Library/Developer/Xcode/DerivedData/Runner-cxlsvnhjswijkndnlirzgjlztczd/Build/Products/Release-iphoneos/XCFrameworkIntermediates/media_kit_libs_ios_video"
building file list ... done
Avfilter.framework/
Avfilter.framework/Avfilter
Avfilter.framework/Info.plist

sent 183443 bytes  received 70 bytes  367026.00 bytes/sec
total size is 183194  speedup is 1.00
Copied /Users/runner/work/anivault/anivault/ios/Pods/../.symlinks/plugins/media_kit_libs_ios_video/ios/Frameworks/Avfilter.xcframework/ios-arm64 to /Users/runner/Library/Developer/Xcode/DerivedData/Runner-cxlsvnhjswijkndnlirzgjlztczd/Build/Products/Release-iphoneos/XCFrameworkIntermediates/media_kit_libs_ios_video
Selected xcframework slice ios-arm64
rsync --delete -av --filter P .*.?????? --links --filter "- CVS/" --filter "- .svn/" --filter "- .git/" --filter "- .hg/" "/Users/runner/work/anivault/anivault/ios/Pods/../.symlinks/plugins/media_kit_libs_ios_video/ios/Frameworks/Avformat.xcframework/ios-arm64/*" "/Users/runner/Library/Developer/Xcode/DerivedData/Runner-cxlsvnhjswijkndnlirzgjlztczd/Build/Products/Release-iphoneos/XCFrameworkIntermediates/media_kit_libs_ios_video"
building file list ... done
Avformat.framework/
Avformat.framework/Avformat
Avformat.framework/Info.plist

sent 865047 bytes  received 70 bytes  1730234.00 bytes/sec
total size is 864714  speedup is 1.00
Copied /Users/runner/work/anivault/anivault/ios/Pods/../.symlinks/plugins/media_kit_libs_ios_video/ios/Frameworks/Avformat.xcframework/ios-arm64 to /Users/runner/Library/Developer/Xcode/DerivedData/Runner-cxlsvnhjswijkndnlirzgjlztczd/Build/Products/Release-iphoneos/XCFrameworkIntermediates/media_kit_libs_ios_video
Selected xcframework slice ios-arm64
rsync --delete -av --filter P .*.?????? --links --filter "- CVS/" --filter "- .svn/" --filter "- .git/" --filter "- .hg/" "/Users/runner/work/anivault/anivault/ios/Pods/../.symlinks/plugins/media_kit_libs_ios_video/ios/Frameworks/Avutil.xcframework/ios-arm64/*" "/Users/runner/Library/Developer/Xcode/DerivedData/Runner-cxlsvnhjswijkndnlirzgjlztczd/Build/Products/Release-iphoneos/XCFrameworkIntermediates/media_kit_libs_ios_video"
building file list ... done
Avutil.framework/
Avutil.framework/Avutil
Avutil.framework/Info.plist

sent 504883 bytes  received 70 bytes  1009906.00 bytes/sec
total size is 504598  speedup is 1.00
Copied /Users/runner/work/anivault/anivault/ios/Pods/../.symlinks/plugins/media_kit_libs_ios_video/ios/Frameworks/Avutil.xcframework/ios-arm64 to /Users/runner/Library/Developer/Xcode/DerivedData/Runner-cxlsvnhjswijkndnlirzgjlztczd/Build/Products/Release-iphoneos/XCFrameworkIntermediates/media_kit_libs_ios_video
Selected xcframework slice ios-arm64
rsync --delete -av --filter P .*.?????? --links --filter "- CVS/" --filter "- .svn/" --filter "- .git/" --filter "- .hg/" "/Users/runner/work/anivault/anivault/ios/Pods/../.symlinks/plugins/media_kit_libs_ios_video/ios/Frameworks/Dav1d.xcframework/ios-arm64/*" "/Users/runner/Library/Developer/Xcode/DerivedData/Runner-cxlsvnhjswijkndnlirzgjlztczd/Build/Products/Release-iphoneos/XCFrameworkIntermediates/media_kit_libs_ios_video"
building file list ... done
Dav1d.framework/
Dav1d.framework/Dav1d
Dav1d.framework/Info.plist

sent 674035 bytes  received 70 bytes  1348210.00 bytes/sec
total size is 673732  speedup is 1.00
Copied /Users/runner/work/anivault/anivault/ios/Pods/../.symlinks/plugins/media_kit_libs_ios_video/ios/Frameworks/Dav1d.xcframework/ios-arm64 to /Users/runner/Library/Developer/Xcode/DerivedData/Runner-cxlsvnhjswijkndnlirzgjlztczd/Build/Products/Release-iphoneos/XCFrameworkIntermediates/media_kit_libs_ios_video
Selected xcframework slice ios-arm64
rsync --delete -av --filter P .*.?????? --links --filter "- CVS/" --filter "- .svn/" --filter "- .git/" --filter "- .hg/" "/Users/runner/work/anivault/anivault/ios/Pods/../.symlinks/plugins/media_kit_libs_ios_video/ios/Frameworks/Freetype.xcframework/ios-arm64/*" "/Users/runner/Library/Developer/Xcode/DerivedData/Runner-cxlsvnhjswijkndnlirzgjlztczd/Build/Products/Release-iphoneos/XCFrameworkIntermediates/media_kit_libs_ios_video"
building file list ... done
Freetype.framework/
Freetype.framework/Freetype
Freetype.framework/Info.plist

sent 1354451 bytes  received 70 bytes  2709042.00 bytes/sec
total size is 1354058  speedup is 1.00
Copied /Users/runner/work/anivault/anivault/ios/Pods/../.symlinks/plugins/media_kit_libs_ios_video/ios/Frameworks/Freetype.xcframework/ios-arm64 to /Users/runner/Library/Developer/Xcode/DerivedData/Runner-cxlsvnhjswijkndnlirzgjlztczd/Build/Products/Release-iphoneos/XCFrameworkIntermediates/media_kit_libs_ios_video
Selected xcframework slice ios-arm64
rsync --delete -av --filter P .*.?????? --links --filter "- CVS/" --filter "- .svn/" --filter "- .git/" --filter "- .hg/" "/Users/runner/work/anivault/anivault/ios/Pods/../.symlinks/plugins/media_kit_libs_ios_video/ios/Frameworks/Fribidi.xcframework/ios-arm64/*" "/Users/runner/Library/Developer/Xcode/DerivedData/Runner-cxlsvnhjswijkndnlirzgjlztczd/Build/Products/Release-iphoneos/XCFrameworkIntermediates/media_kit_libs_ios_video"
building file list ... done
Fribidi.framework/
Fribidi.framework/Fribidi
Fribidi.framework/Info.plist

sent 198787 bytes  received 70 bytes  397714.00 bytes/sec
total size is 198536  speedup is 1.00
Copied /Users/runner/work/anivault/anivault/ios/Pods/../.symlinks/plugins/media_kit_libs_ios_video/ios/Frameworks/Fribidi.xcframework/ios-arm64 to /Users/runner/Library/Developer/Xcode/DerivedData/Runner-cxlsvnhjswijkndnlirzgjlztczd/Build/Products/Release-iphoneos/XCFrameworkIntermediates/media_kit_libs_ios_video
Selected xcframework slice ios-arm64
rsync --delete -av --filter P .*.?????? --links --filter "- CVS/" --filter "- .svn/" --filter "- .git/" --filter "- .hg/" "/Users/runner/work/anivault/anivault/ios/Pods/../.symlinks/plugins/media_kit_libs_ios_video/ios/Frameworks/Harfbuzz.xcframework/ios-arm64/*" "/Users/runner/Library/Developer/Xcode/DerivedData/Runner-cxlsvnhjswijkndnlirzgjlztczd/Build/Products/Release-iphoneos/XCFrameworkIntermediates/media_kit_libs_ios_video"
building file list ... done
Harfbuzz.framework/
Harfbuzz.framework/Harfbuzz
Harfbuzz.framework/Info.plist

sent 6746339 bytes  received 70 bytes  13492818.00 bytes/sec
total size is 6745290  speedup is 1.00
Copied /Users/runner/work/anivault/anivault/ios/Pods/../.symlinks/plugins/media_kit_libs_ios_video/ios/Frameworks/Harfbuzz.xcframework/ios-arm64 to /Users/runner/Library/Developer/Xcode/DerivedData/Runner-cxlsvnhjswijkndnlirzgjlztczd/Build/Products/Release-iphoneos/XCFrameworkIntermediates/media_kit_libs_ios_video
Selected xcframework slice ios-arm64
rsync --delete -av --filter P .*.?????? --links --filter "- CVS/" --filter "- .svn/" --filter "- .git/" --filter "- .hg/" "/Users/runner/work/anivault/anivault/ios/Pods/../.symlinks/plugins/media_kit_libs_ios_video/ios/Frameworks/Mbedcrypto.xcframework/ios-arm64/*" "/Users/runner/Library/Developer/Xcode/DerivedData/Runner-cxlsvnhjswijkndnlirzgjlztczd/Build/Products/Release-iphoneos/XCFrameworkIntermediates/media_kit_libs_ios_video"
building file list ... done
Mbedcrypto.framework/
Mbedcrypto.framework/Info.plist
Mbedcrypto.framework/Mbedcrypto

sent 974795 bytes  received 70 bytes  1949730.00 bytes/sec
total size is 974446  speedup is 1.00
Copied /Users/runner/work/anivault/anivault/ios/Pods/../.symlinks/plugins/media_kit_libs_ios_video/ios/Frameworks/Mbedcrypto.xcframework/ios-arm64 to /Users/runner/Library/Developer/Xcode/DerivedData/Runner-cxlsvnhjswijkndnlirzgjlztczd/Build/Products/Release-iphoneos/XCFrameworkIntermediates/media_kit_libs_ios_video
Selected xcframework slice ios-arm64
rsync --delete -av --filter P .*.?????? --links --filter "- CVS/" --filter "- .svn/" --filter "- .git/" --filter "- .hg/" "/Users/runner/work/anivault/anivault/ios/Pods/../.symlinks/plugins/media_kit_libs_ios_video/ios/Frameworks/Mbedtls.xcframework/ios-arm64/*" "/Users/runner/Library/Developer/Xcode/DerivedData/Runner-cxlsvnhjswijkndnlirzgjlztczd/Build/Products/Release-iphoneos/XCFrameworkIntermediates/media_kit_libs_ios_video"
building file list ... done
Mbedtls.framework/
Mbedtls.framework/Info.plist
Mbedtls.framework/Mbedtls

sent 347491 bytes  received 70 bytes  695122.00 bytes/sec
total size is 347224  speedup is 1.00
Copied /Users/runner/work/anivault/anivault/ios/Pods/../.symlinks/plugins/media_kit_libs_ios_video/ios/Frameworks/Mbedtls.xcframework/ios-arm64 to /Users/runner/Library/Developer/Xcode/DerivedData/Runner-cxlsvnhjswijkndnlirzgjlztczd/Build/Products/Release-iphoneos/XCFrameworkIntermediates/media_kit_libs_ios_video
Selected xcframework slice ios-arm64
rsync --delete -av --filter P .*.?????? --links --filter "- CVS/" --filter "- .svn/" --filter "- .git/" --filter "- .hg/" "/Users/runner/work/anivault/anivault/ios/Pods/../.symlinks/plugins/media_kit_libs_ios_video/ios/Frameworks/Mbedx509.xcframework/ios-arm64/*" "/Users/runner/Library/Developer/Xcode/DerivedData/Runner-cxlsvnhjswijkndnlirzgjlztczd/Build/Products/Release-iphoneos/XCFrameworkIntermediates/media_kit_libs_ios_video"
building file list ... done
Mbedx509.framework/
Mbedx509.framework/Info.plist
Mbedx509.framework/Mbedx509

sent 163983 bytes  received 70 bytes  328106.00 bytes/sec
total size is 163738  speedup is 1.00
Copied /Users/runner/work/anivault/anivault/ios/Pods/../.symlinks/plugins/media_kit_libs_ios_video/ios/Frameworks/Mbedx509.xcframework/ios-arm64 to /Users/runner/Library/Developer/Xcode/DerivedData/Runner-cxlsvnhjswijkndnlirzgjlztczd/Build/Products/Release-iphoneos/XCFrameworkIntermediates/media_kit_libs_ios_video
Selected xcframework slice ios-arm64
rsync --delete -av --filter P .*.?????? --links --filter "- CVS/" --filter "- .svn/" --filter "- .git/" --filter "- .hg/" "/Users/runner/work/anivault/anivault/ios/Pods/../.symlinks/plugins/media_kit_libs_ios_video/ios/Frameworks/Mpv.xcframework/ios-arm64/*" "/Users/runner/Library/Developer/Xcode/DerivedData/Runner-cxlsvnhjswijkndnlirzgjlztczd/Build/Products/Release-iphoneos/XCFrameworkIntermediates/media_kit_libs_ios_video"
building file list ... done
Mpv.framework/
Mpv.framework/Info.plist
Mpv.framework/Mpv

sent 1915955 bytes  received 70 bytes  3832050.00 bytes/sec
total size is 1915504  speedup is 1.00
Copied /Users/runner/work/anivault/anivault/ios/Pods/../.symlinks/plugins/media_kit_libs_ios_video/ios/Frameworks/Mpv.xcframework/ios-arm64 to /Users/runner/Library/Developer/Xcode/DerivedData/Runner-cxlsvnhjswijkndnlirzgjlztczd/Build/Products/Release-iphoneos/XCFrameworkIntermediates/media_kit_libs_ios_video
Selected xcframework slice ios-arm64
rsync --delete -av --filter P .*.?????? --links --filter "- CVS/" --filter "- .svn/" --filter "- .git/" --filter "- .hg/" "/Users/runner/work/anivault/anivault/ios/Pods/../.symlinks/plugins/media_kit_libs_ios_video/ios/Frameworks/Png16.xcframework/ios-arm64/*" "/Users/runner/Library/Developer/Xcode/DerivedData/Runner-cxlsvnhjswijkndnlirzgjlztczd/Build/Products/Release-iphoneos/XCFrameworkIntermediates/media_kit_libs_ios_video"
building file list ... done
Png16.framework/
Png16.framework/Info.plist
Png16.framework/Png16

sent 395507 bytes  received 70 bytes  791154.00 bytes/sec
total size is 395236  speedup is 1.00
Copied /Users/runner/work/anivault/anivault/ios/Pods/../.symlinks/plugins/media_kit_libs_ios_video/ios/Frameworks/Png16.xcframework/ios-arm64 to /Users/runner/Library/Developer/Xcode/DerivedData/Runner-cxlsvnhjswijkndnlirzgjlztczd/Build/Products/Release-iphoneos/XCFrameworkIntermediates/media_kit_libs_ios_video
Selected xcframework slice ios-arm64
rsync --delete -av --filter P .*.?????? --links --filter "- CVS/" --filter "- .svn/" --filter "- .git/" --filter "- .hg/" "/Users/runner/work/anivault/anivault/ios/Pods/../.symlinks/plugins/media_kit_libs_ios_video/ios/Frameworks/Swresample.xcframework/ios-arm64/*" "/Users/runner/Library/Developer/Xcode/DerivedData/Runner-cxlsvnhjswijkndnlirzgjlztczd/Build/Products/Release-iphoneos/XCFrameworkIntermediates/media_kit_libs_ios_video"
building file list ... done
Swresample.framework/
Swresample.framework/Info.plist
Swresample.framework/Swresample

sent 103443 bytes  received 70 bytes  207026.00 bytes/sec
total size is 103198  speedup is 1.00
Copied /Users/runner/work/anivault/anivault/ios/Pods/../.symlinks/plugins/media_kit_libs_ios_video/ios/Frameworks/Swresample.xcframework/ios-arm64 to /Users/runner/Library/Developer/Xcode/DerivedData/Runner-cxlsvnhjswijkndnlirzgjlztczd/Build/Products/Release-iphoneos/XCFrameworkIntermediates/media_kit_libs_ios_video
Selected xcframework slice ios-arm64
rsync --delete -av --filter P .*.?????? --links --filter "- CVS/" --filter "- .svn/" --filter "- .git/" --filter "- .hg/" "/Users/runner/work/anivault/anivault/ios/Pods/../.symlinks/plugins/media_kit_libs_ios_video/ios/Frameworks/Swscale.xcframework/ios-arm64/*" "/Users/runner/Library/Developer/Xcode/DerivedData/Runner-cxlsvnhjswijkndnlirzgjlztczd/Build/Products/Release-iphoneos/XCFrameworkIntermediates/media_kit_libs_ios_video"
building file list ... done
Swscale.framework/
Swscale.framework/Info.plist
Swscale.framework/Swscale

sent 334467 bytes  received 70 bytes  669074.00 bytes/sec
total size is 334200  speedup is 1.00
Copied /Users/runner/work/anivault/anivault/ios/Pods/../.symlinks/plugins/media_kit_libs_ios_video/ios/Frameworks/Swscale.xcframework/ios-arm64 to /Users/runner/Library/Developer/Xcode/DerivedData/Runner-cxlsvnhjswijkndnlirzgjlztczd/Build/Products/Release-iphoneos/XCFrameworkIntermediates/media_kit_libs_ios_video
Selected xcframework slice ios-arm64
rsync --delete -av --filter P .*.?????? --links --filter "- CVS/" --filter "- .svn/" --filter "- .git/" --filter "- .hg/" "/Users/runner/work/anivault/anivault/ios/Pods/../.symlinks/plugins/media_kit_libs_ios_video/ios/Frameworks/Uchardet.xcframework/ios-arm64/*" "/Users/runner/Library/Developer/Xcode/DerivedData/Runner-cxlsvnhjswijkndnlirzgjlztczd/Build/Products/Release-iphoneos/XCFrameworkIntermediates/media_kit_libs_ios_video"
building file list ... done
Uchardet.framework/
Uchardet.framework/Info.plist
Uchardet.framework/Uchardet

sent 288879 bytes  received 70 bytes  577898.00 bytes/sec
total size is 288618  speedup is 1.00
Copied /Users/runner/work/anivault/anivault/ios/Pods/../.symlinks/plugins/media_kit_libs_ios_video/ios/Frameworks/Uchardet.xcframework/ios-arm64 to /Users/runner/Library/Developer/Xcode/DerivedData/Runner-cxlsvnhjswijkndnlirzgjlztczd/Build/Products/Release-iphoneos/XCFrameworkIntermediates/media_kit_libs_ios_video
Selected xcframework slice ios-arm64
rsync --delete -av --filter P .*.?????? --links --filter "- CVS/" --filter "- .svn/" --filter "- .git/" --filter "- .hg/" "/Users/runner/work/anivault/anivault/ios/Pods/../.symlinks/plugins/media_kit_libs_ios_video/ios/Frameworks/Xml2.xcframework/ios-arm64/*" "/Users/runner/Library/Developer/Xcode/DerivedData/Runner-cxlsvnhjswijkndnlirzgjlztczd/Build/Products/Release-iphoneos/XCFrameworkIntermediates/media_kit_libs_ios_video"
building file list ... done
Xml2.framework/
Xml2.framework/Info.plist
Xml2.framework/Xml2

sent 2036231 bytes  received 70 bytes  4072602.00 bytes/sec
total size is 2035762  speedup is 1.00
Copied /Users/runner/work/anivault/anivault/ios/Pods/../.symlinks/plugins/media_kit_libs_ios_video/ios/Frameworks/Xml2.xcframework/ios-arm64 to /Users/runner/Library/Developer/Xcode/DerivedData/Runner-cxlsvnhjswijkndnlirzgjlztczd/Build/Products/Release-iphoneos/XCFrameworkIntermediates/media_kit_libs_ios_video

CompileC /Users/runner/Library/Developer/Xcode/DerivedData/Runner-cxlsvnhjswijkndnlirzgjlztczd/Build/Intermediates.noindex/wakelock_plus.build/Release-iphoneos/wakelock_plus.build/Objects-normal/arm64/resource_bundle_accessor.o /Users/runner/Library/Developer/Xcode/DerivedData/Runner-cxlsvnhjswijkndnlirzgjlztczd/Build/Intermediates.noindex/wakelock_plus.build/Release-iphoneos/wakelock_plus.build/DerivedSources/resource_bundle_accessor.m normal arm64 objective-c com.apple.compilers.llvm.clang.1_0.compiler (in target 'wakelock_plus' from project 'wakelock_plus')
    cd /Users/runner/work/anivault/anivault/ios/Flutter/ephemeral/Packages/.packages/wakelock_plus-1.6.0
    /Applications/Xcode_15.4.app/Contents/Developer/Toolchains/XcodeDefault.xctoolchain/usr/bin/clang -x objective-c -ivfsstatcache /Users/runner/Library/Developer/Xcode/DerivedData/SDKStatCaches.noindex/iphoneos17.5-21F77-f0fa7969d082b13145125136a829df3a.sdkstatcache -fmessage-length\=0 -fdiagnostics-show-note-include-stack -fmacro-backtrace-limit\=0 -fno-color-diagnostics -fmodules-prune-interval\=86400 -fmodules-prune-after\=345600 -fbuild-session-file\=/Users/runner/Library/Developer/Xcode/DerivedData/ModuleCache.noindex/Session.modulevalidation -fmodules-validate-once-per-build-session -Wnon-modular-include-in-framework-module -Werror\=non-modular-include-in-framework-module -Wno-trigraphs -Wno-missing-field-initializers -Wno-missing-prototypes -Wno-return-type -Wno-implicit-atomic-properties -Wno-objc-interface-ivars -Wno-arc-repeated-use-of-weak -Wno-missing-braces -Wparentheses -Wswitch -Wno-unused-function -Wno-unused-label -Wno-unused-parameter -Wno-unused-variable -Wunused-value -Wno-empty-body -Wno-uninitialized -Wno-unknown-pragmas -w -Wno-shadow -Wno-four-char-constants -Wno-conversion -Wno-constant-conversion -Wno-int-conversion -Wno-bool-conversion -Wno-enum-conversion -Wno-float-conversion -Wno-non-literal-null-conversion -Wno-objc-literal-conversion -Wshorten-64-to-32 -Wpointer-sign -Wno-newline-eof -Wno-selector -Wno-strict-selector-match -Wno-undeclared-selector -Wno-deprecated-implementations -Wno-implicit-fallthrough -fstrict-aliasing -Wprotocol -Wdeprecated-declarations -Wno-sign-conversion -Wno-infinite-recursion -Wno-comma -Wno-block-capture-autoreleasing -Wno-strict-prototypes -Wno-semicolon-before-method-body @/Users/runner/Library/Developer/Xcode/DerivedData/Runner-cxlsvnhjswijkndnlirzgjlztczd/Build/Intermediates.noindex/wakelock_plus.build/Release-iphoneos/wakelock_plus.build/Objects-normal/arm64/e6072d4f65d7061329687fe24e3d63a7-common-args.resp -include /Users/runner/Library/Developer/Xcode/DerivedData/Runner-cxlsvnhjswijkndnlirzgjlztczd/Build/Intermediates.noindex/wakelock_plus.build/Release-iphoneos/wakelock_plus.build/DerivedSources/resource_bundle_accessor.h -MMD -MT dependencies -MF /Users/runner/Library/Developer/Xcode/DerivedData/Runner-cxlsvnhjswijkndnlirzgjlztczd/Build/Intermediates.noindex/wakelock_plus.build/Release-iphoneos/wakelock_plus.build/Objects-normal/arm64/resource_bundle_accessor.d --serialize-diagnostics /Users/runner/Library/Developer/Xcode/DerivedData/Runner-cxlsvnhjswijkndnlirzgjlztczd/Build/Intermediates.noindex/wakelock_plus.build/Release-iphoneos/wakelock_plus.build/Objects-normal/arm64/resource_bundle_accessor.dia -c /Users/runner/Library/Developer/Xcode/DerivedData/Runner-cxlsvnhjswijkndnlirzgjlztczd/Build/Intermediates.noindex/wakelock_plus.build/Release-iphoneos/wakelock_plus.build/DerivedSources/resource_bundle_accessor.m -o /Users/runner/Library/Developer/Xcode/DerivedData/Runner-cxlsvnhjswijkndnlirzgjlztczd/Build/Intermediates.noindex/wakelock_plus.build/Release-iphoneos/wakelock_plus.build/Objects-normal/arm64/resource_bundle_accessor.o

CompileC /Users/runner/Library/Developer/Xcode/DerivedData/Runner-cxlsvnhjswijkndnlirzgjlztczd/Build/Intermediates.noindex/wakelock_plus.build/Release-iphoneos/wakelock_plus.build/Objects-normal/arm64/messages.g.o /Users/runner/.pub-cache/hosted/pub.dev/wakelock_plus-1.6.0/ios/wakelock_plus/Sources/wakelock_plus/messages.g.m normal arm64 objective-c com.apple.compilers.llvm.clang.1_0.compiler (in target 'wakelock_plus' from project 'wakelock_plus')
    cd /Users/runner/work/anivault/anivault/ios/Flutter/ephemeral/Packages/.packages/wakelock_plus-1.6.0
    /Applications/Xcode_15.4.app/Contents/Developer/Toolchains/XcodeDefault.xctoolchain/usr/bin/clang -x objective-c -ivfsstatcache /Users/runner/Library/Developer/Xcode/DerivedData/SDKStatCaches.noindex/iphoneos17.5-21F77-f0fa7969d082b13145125136a829df3a.sdkstatcache -fmessage-length\=0 -fdiagnostics-show-note-include-stack -fmacro-backtrace-limit\=0 -fno-color-diagnostics -fmodules-prune-interval\=86400 -fmodules-prune-after\=345600 -fbuild-session-file\=/Users/runner/Library/Developer/Xcode/DerivedData/ModuleCache.noindex/Session.modulevalidation -fmodules-validate-once-per-build-session -Wnon-modular-include-in-framework-module -Werror\=non-modular-include-in-framework-module -Wno-trigraphs -Wno-missing-field-initializers -Wno-missing-prototypes -Wno-return-type -Wno-implicit-atomic-properties -Wno-objc-interface-ivars -Wno-arc-repeated-use-of-weak -Wno-missing-braces -Wparentheses -Wswitch -Wno-unused-function -Wno-unused-label -Wno-unused-parameter -Wno-unused-variable -Wunused-value -Wno-empty-body -Wno-uninitialized -Wno-unknown-pragmas -w -Wno-shadow -Wno-four-char-constants -Wno-conversion -Wno-constant-conversion -Wno-int-conversion -Wno-bool-conversion -Wno-enum-conversion -Wno-float-conversion -Wno-non-literal-null-conversion -Wno-objc-literal-conversion -Wshorten-64-to-32 -Wpointer-sign -Wno-newline-eof -Wno-selector -Wno-strict-selector-match -Wno-undeclared-selector -Wno-deprecated-implementations -Wno-implicit-fallthrough -fstrict-aliasing -Wprotocol -Wdeprecated-declarations -Wno-sign-conversion -Wno-infinite-recursion -Wno-comma -Wno-block-capture-autoreleasing -Wno-strict-prototypes -Wno-semicolon-before-method-body @/Users/runner/Library/Developer/Xcode/DerivedData/Runner-cxlsvnhjswijkndnlirzgjlztczd/Build/Intermediates.noindex/wakelock_plus.build/Release-iphoneos/wakelock_plus.build/Objects-normal/arm64/e6072d4f65d7061329687fe24e3d63a7-common-args.resp -include /Users/runner/Library/Developer/Xcode/DerivedData/Runner-cxlsvnhjswijkndnlirzgjlztczd/Build/Intermediates.noindex/wakelock_plus.build/Release-iphoneos/wakelock_plus.build/DerivedSources/resource_bundle_accessor.h -MMD -MT dependencies -MF /Users/runner/Library/Developer/Xcode/DerivedData/Runner-cxlsvnhjswijkndnlirzgjlztczd/Build/Intermediates.noindex/wakelock_plus.build/Release-iphoneos/wakelock_plus.build/Objects-normal/arm64/messages.g.d --serialize-diagnostics /Users/runner/Library/Developer/Xcode/DerivedData/Runner-cxlsvnhjswijkndnlirzgjlztczd/Build/Intermediates.noindex/wakelock_plus.build/Release-iphoneos/wakelock_plus.build/Objects-normal/arm64/messages.g.dia -c /Users/runner/.pub-cache/hosted/pub.dev/wakelock_plus-1.6.0/ios/wakelock_plus/Sources/wakelock_plus/messages.g.m -o /Users/runner/Library/Developer/Xcode/DerivedData/Runner-cxlsvnhjswijkndnlirzgjlztczd/Build/Intermediates.noindex/wakelock_plus.build/Release-iphoneos/wakelock_plus.build/Objects-normal/arm64/messages.g.o

SwiftDriver shared_preferences_foundation normal arm64 com.apple.xcode.tools.swift.compiler (in target 'shared_preferences_foundation' from project 'shared_preferences_foundation')
    cd /Users/runner/work/anivault/anivault/ios/Flutter/ephemeral/Packages/.packages/shared_preferences_foundation-2.5.6
    builtin-SwiftDriver -- /Applications/Xcode_15.4.app/Contents/Developer/Toolchains/XcodeDefault.xctoolchain/usr/bin/swiftc -module-name shared_preferences_foundation -O -whole-module-optimization -enforce-exclusivity\=checked @/Users/runner/Library/Developer/Xcode/DerivedData/Runner-cxlsvnhjswijkndnlirzgjlztczd/Build/Intermediates.noindex/shared_preferences_foundation.build/Release-iphoneos/shared_preferences_foundation.build/Objects-normal/arm64/shared_preferences_foundation.SwiftFileList -DSWIFT_PACKAGE -DXcode -sdk /Applications/Xcode_15.4.app/Contents/Developer/Platforms/iPhoneOS.platform/Developer/SDKs/iPhoneOS17.5.sdk -target arm64-apple-ios13.0 -g -module-cache-path /Users/runner/Library/Developer/Xcode/DerivedData/ModuleCache.noindex -Xfrontend -serialize-debugging-options -suppress-warnings -swift-version 5 -I /Users/runner/Library/Developer/Xcode/DerivedData/Runner-cxlsvnhjswijkndnlirzgjlztczd/Build/Products/Release-iphoneos -I /Applications/Xcode_15.4.app/Contents/Developer/Platforms/iPhoneOS.platform/Developer/usr/lib -F /Users/runner/Library/Developer/Xcode/DerivedData/Runner-cxlsvnhjswijkndnlirzgjlztczd/Build/Products/Release-iphoneos -F /Applications/Xcode_15.4.app/Contents/Developer/Platforms/iPhoneOS.platform/Developer/Library/Frameworks -F /Applications/Xcode_15.4.app/Contents/Developer/Platforms/iPhoneOS.platform/Developer/SDKs/iPhoneOS17.5.sdk/Developer/Library/Frameworks -c -num-threads 3 -Xcc -ivfsstatcache -Xcc /Users/runner/Library/Developer/Xcode/DerivedData/SDKStatCaches.noindex/iphoneos17.5-21F77-f0fa7969d082b13145125136a829df3a.sdkstatcache -output-file-map /Users/runner/Library/Developer/Xcode/DerivedData/Runner-cxlsvnhjswijkndnlirzgjlztczd/Build/Intermediates.noindex/shared_preferences_foundation.build/Release-iphoneos/shared_preferences_foundation.build/Objects-normal/arm64/shared_preferences_foundation-OutputFileMap.json -use-frontend-parseable-output -save-temps -no-color-diagnostics -serialize-diagnostics -emit-dependencies -emit-module -emit-module-path /Users/runner/Library/Developer/Xcode/DerivedData/Runner-cxlsvnhjswijkndnlirzgjlztczd/Build/Intermediates.noindex/shared_preferences_foundation.build/Release-iphoneos/shared_preferences_foundation.build/Objects-normal/arm64/shared_preferences_foundation.swiftmodule -validate-clang-modules-once -clang-build-session-file /Users/runner/Library/Developer/Xcode/DerivedData/ModuleCache.noindex/Session.modulevalidation -Xfrontend -package-name -Xfrontend shared_preferences_foundation_2_5_6 -Xcc -I/Users/runner/Library/Developer/Xcode/DerivedData/Runner-cxlsvnhjswijkndnlirzgjlztczd/Build/Intermediates.noindex/shared_preferences_foundation.build/Release-iphoneos/shared_preferences_foundation.build/swift-overrides.hmap -emit-const-values -Xfrontend -const-gather-protocols-file -Xfrontend /Users/runner/Library/Developer/Xcode/DerivedData/Runner-cxlsvnhjswijkndnlirzgjlztczd/Build/Intermediates.noindex/shared_preferences_foundation.build/Release-iphoneos/shared_preferences_foundation.build/Objects-normal/arm64/shared_preferences_foundation_const_extract_protocols.json -Xcc -I/Users/runner/Library/Developer/Xcode/DerivedData/Runner-cxlsvnhjswijkndnlirzgjlztczd/Build/Products/Release-iphoneos/include -Xcc -I/Users/runner/Library/Developer/Xcode/DerivedData/Runner-cxlsvnhjswijkndnlirzgjlztczd/Build/Intermediates.noindex/shared_preferences_foundation.build/Release-iphoneos/shared_preferences_foundation.build/DerivedSources-normal/arm64 -Xcc -I/Users/runner/Library/Developer/Xcode/DerivedData/Runner-cxlsvnhjswijkndnlirzgjlztczd/Build/Intermediates.noindex/shared_preferences_foundation.build/Release-iphoneos/shared_preferences_foundation.build/DerivedSources/arm64 -Xcc -I/Users/runner/Library/Developer/Xcode/DerivedData/Runner-cxlsvnhjswijkndnlirzgjlztczd/Build/Intermediates.noindex/shared_preferences_foundation.build/Release-iphoneos/shared_preferences_foundation.build/DerivedSources -Xcc -DSWIFT_PACKAGE -emit-objc-header -emit-objc-header-path /Users/runner/Library/Developer/Xcode/DerivedData/Runner-cxlsvnhjswijkndnlirzgjlztczd/Build/Intermediates.noindex/shared_preferences_foundation.build/Release-iphoneos/shared_preferences_foundation.build/Objects-normal/arm64/shared_preferences_foundation-Swift.h -working-directory /Users/runner/work/anivault/anivault/ios/Flutter/ephemeral/Packages/.packages/shared_preferences_foundation-2.5.6 -no-emit-module-separately-wmo

SwiftDriver media_kit_video normal arm64 com.apple.xcode.tools.swift.compiler (in target 'media_kit_video' from project 'Pods')
    cd /Users/runner/work/anivault/anivault/ios/Pods
    builtin-SwiftDriver -- /Applications/Xcode_15.4.app/Contents/Developer/Toolchains/XcodeDefault.xctoolchain/usr/bin/swiftc -module-name media_kit_video -O -whole-module-optimization -enforce-exclusivity\=checked @/Users/runner/Library/Developer/Xcode/DerivedData/Runner-cxlsvnhjswijkndnlirzgjlztczd/Build/Intermediates.noindex/Pods.build/Release-iphoneos/media_kit_video.build/Objects-normal/arm64/media_kit_video.SwiftFileList -D COCOAPODS -sdk /Applications/Xcode_15.4.app/Contents/Developer/Platforms/iPhoneOS.platform/Developer/SDKs/iPhoneOS17.5.sdk -target arm64-apple-ios13.0 -enable-bare-slash-regex -g -module-cache-path /Users/runner/Library/Developer/Xcode/DerivedData/ModuleCache.noindex -Xfrontend -serialize-debugging-options -swift-version 5 -I /Users/runner/Library/Developer/Xcode/DerivedData/Runner-cxlsvnhjswijkndnlirzgjlztczd/Build/Products/Release-iphoneos/media_kit_video -F /Users/runner/Library/Developer/Xcode/DerivedData/Runner-cxlsvnhjswijkndnlirzgjlztczd/Build/Products/Release-iphoneos/media_kit_video -F /Users/runner/hostedtoolcache/flutter/stable-3.44.4-arm64/flutter/bin/cache/artifacts/engine/ios-release/Flutter.xcframework/ios-arm64 -F /Users/runner/work/anivault/anivault/ios/.symlinks/plugins/media_kit_libs_ios_video/ios/Frameworks/.symlinks/mpv/ios -c -num-threads 3 -Xcc -ivfsstatcache -Xcc /Users/runner/Library/Developer/Xcode/DerivedData/SDKStatCaches.noindex/iphoneos17.5-21F77-f0fa7969d082b13145125136a829df3a.sdkstatcache -output-file-map /Users/runner/Library/Developer/Xcode/DerivedData/Runner-cxlsvnhjswijkndnlirzgjlztczd/Build/Intermediates.noindex/Pods.build/Release-iphoneos/media_kit_video.build/Objects-normal/arm64/media_kit_video-OutputFileMap.json -use-frontend-parseable-output -save-temps -no-color-diagnostics -serialize-diagnostics -emit-dependencies -emit-module -emit-module-path /Users/runner/Library/Developer/Xcode/DerivedData/Runner-cxlsvnhjswijkndnlirzgjlztczd/Build/Intermediates.noindex/Pods.build/Release-iphoneos/media_kit_video.build/Objects-normal/arm64/media_kit_video.swiftmodule -validate-clang-modules-once -clang-build-session-file /Users/runner/Library/Developer/Xcode/DerivedData/ModuleCache.noindex/Session.modulevalidation -Xcc -I/Users/runner/Library/Developer/Xcode/DerivedData/Runner-cxlsvnhjswijkndnlirzgjlztczd/Build/Intermediates.noindex/Pods.build/Release-iphoneos/media_kit_video.build/swift-overrides.hmap -emit-const-values -Xfrontend -const-gather-protocols-file -Xfrontend /Users/runner/Library/Developer/Xcode/DerivedData/Runner-cxlsvnhjswijkndnlirzgjlztczd/Build/Intermediates.noindex/Pods.build/Release-iphoneos/media_kit_video.build/Objects-normal/arm64/media_kit_video_const_extract_protocols.json -Xcc -iquote -Xcc /Users/runner/Library/Developer/Xcode/DerivedData/Runner-cxlsvnhjswijkndnlirzgjlztczd/Build/Intermediates.noindex/Pods.build/Release-iphoneos/media_kit_video.build/media_kit_video-generated-files.hmap -Xcc -I/Users/runner/Library/Developer/Xcode/DerivedData/Runner-cxlsvnhjswijkndnlirzgjlztczd/Build/Intermediates.noindex/Pods.build/Release-iphoneos/media_kit_video.build/media_kit_video-own-target-headers.hmap -Xcc -I/Users/runner/Library/Developer/Xcode/DerivedData/Runner-cxlsvnhjswijkndnlirzgjlztczd/Build/Intermediates.noindex/Pods.build/Release-iphoneos/media_kit_video.build/media_kit_video-all-non-framework-target-headers.hmap -Xcc -ivfsoverlay -Xcc /Users/runner/Library/Developer/Xcode/DerivedData/Runner-cxlsvnhjswijkndnlirzgjlztczd/Build/Intermediates.noindex/Pods.build/Release-iphoneos/media_kit_video.build/all-product-headers.yaml -Xcc -iquote -Xcc /Users/runner/Library/Developer/Xcode/DerivedData/Runner-cxlsvnhjswijkndnlirzgjlztczd/Build/Intermediates.noindex/Pods.build/Release-iphoneos/media_kit_video.build/media_kit_video-project-headers.hmap -Xcc -I/Users/runner/Library/Developer/Xcode/DerivedData/Runner-cxlsvnhjswijkndnlirzgjlztczd/Build/Products/Release-iphoneos/media_kit_video/include -Xcc -I/Users/runner/Library/Developer/Xcode/DerivedData/Runner-cxlsvnhjswijkndnlirzgjlztczd/Build/Intermediates.noindex/Pods.build/Release-iphoneos/media_kit_video.build/DerivedSources-normal/arm64 -Xcc -I/Users/runner/Library/Developer/Xcode/DerivedData/Runner-cxlsvnhjswijkndnlirzgjlztczd/Build/Intermediates.noindex/Pods.build/Release-iphoneos/media_kit_video.build/DerivedSources/arm64 -Xcc -I/Users/runner/Library/Developer/Xcode/DerivedData/Runner-cxlsvnhjswijkndnlirzgjlztczd/Build/Intermediates.noindex/Pods.build/Release-iphoneos/media_kit_video.build/DerivedSources -Xcc -DPOD_CONFIGURATION_RELEASE\=1 -Xcc -DCOCOAPODS\=1 -Xcc -DPOD_CONFIGURATION_RELEASE\=1\  -Xcc -DGL_SILENCE_DEPRECATION -Xcc -DCOREVIDEO_SILENCE_GL_DEPRECATION -emit-objc-header -emit-objc-header-path /Users/runner/Library/Developer/Xcode/DerivedData/Runner-cxlsvnhjswijkndnlirzgjlztczd/Build/Intermediates.noindex/Pods.build/Release-iphoneos/media_kit_video.build/Objects-normal/arm64/media_kit_video-Swift.h -import-underlying-module -Xcc -ivfsoverlay -Xcc /Users/runner/Library/Developer/Xcode/DerivedData/Runner-cxlsvnhjswijkndnlirzgjlztczd/Build/Intermediates.noindex/Pods.build/Release-iphoneos/media_kit_video.build/unextended-module-overlay.yaml -working-directory /Users/runner/work/anivault/anivault/ios/Pods -no-emit-module-separately-wmo

SwiftDriver file_selector_ios normal arm64 com.apple.xcode.tools.swift.compiler (in target 'file_selector_ios' from project 'file_selector_ios')
    cd /Users/runner/work/anivault/anivault/ios/Flutter/ephemeral/Packages/.packages/file_selector_ios-0.5.3+5
    builtin-SwiftDriver -- /Applications/Xcode_15.4.app/Contents/Developer/Toolchains/XcodeDefault.xctoolchain/usr/bin/swiftc -module-name file_selector_ios -O -whole-module-optimization -enforce-exclusivity\=checked @/Users/runner/Library/Developer/Xcode/DerivedData/Runner-cxlsvnhjswijkndnlirzgjlztczd/Build/Intermediates.noindex/file_selector_ios.build/Release-iphoneos/file_selector_ios.build/Objects-normal/arm64/file_selector_ios.SwiftFileList -DSWIFT_PACKAGE -DXcode -sdk /Applications/Xcode_15.4.app/Contents/Developer/Platforms/iPhoneOS.platform/Developer/SDKs/iPhoneOS17.5.sdk -target arm64-apple-ios13.0 -g -module-cache-path /Users/runner/Library/Developer/Xcode/DerivedData/ModuleCache.noindex -Xfrontend -serialize-debugging-options -suppress-warnings -swift-version 5 -I /Users/runner/Library/Developer/Xcode/DerivedData/Runner-cxlsvnhjswijkndnlirzgjlztczd/Build/Products/Release-iphoneos -I /Applications/Xcode_15.4.app/Contents/Developer/Platforms/iPhoneOS.platform/Developer/usr/lib -F /Users/runner/Library/Developer/Xcode/DerivedData/Runner-cxlsvnhjswijkndnlirzgjlztczd/Build/Products/Release-iphoneos -F /Applications/Xcode_15.4.app/Contents/Developer/Platforms/iPhoneOS.platform/Developer/Library/Frameworks -F /Applications/Xcode_15.4.app/Contents/Developer/Platforms/iPhoneOS.platform/Developer/SDKs/iPhoneOS17.5.sdk/Developer/Library/Frameworks -c -num-threads 3 -Xcc -ivfsstatcache -Xcc /Users/runner/Library/Developer/Xcode/DerivedData/SDKStatCaches.noindex/iphoneos17.5-21F77-f0fa7969d082b13145125136a829df3a.sdkstatcache -output-file-map /Users/runner/Library/Developer/Xcode/DerivedData/Runner-cxlsvnhjswijkndnlirzgjlztczd/Build/Intermediates.noindex/file_selector_ios.build/Release-iphoneos/file_selector_ios.build/Objects-normal/arm64/file_selector_ios-OutputFileMap.json -use-frontend-parseable-output -save-temps -no-color-diagnostics -serialize-diagnostics -emit-dependencies -emit-module -emit-module-path /Users/runner/Library/Developer/Xcode/DerivedData/Runner-cxlsvnhjswijkndnlirzgjlztczd/Build/Intermediates.noindex/file_selector_ios.build/Release-iphoneos/file_selector_ios.build/Objects-normal/arm64/file_selector_ios.swiftmodule -validate-clang-modules-once -clang-build-session-file /Users/runner/Library/Developer/Xcode/DerivedData/ModuleCache.noindex/Session.modulevalidation -Xfrontend -package-name -Xfrontend file_selector_ios_0_5_3_5 -Xcc -I/Users/runner/Library/Developer/Xcode/DerivedData/Runner-cxlsvnhjswijkndnlirzgjlztczd/Build/Intermediates.noindex/file_selector_ios.build/Release-iphoneos/file_selector_ios.build/swift-overrides.hmap -emit-const-values -Xfrontend -const-gather-protocols-file -Xfrontend /Users/runner/Library/Developer/Xcode/DerivedData/Runner-cxlsvnhjswijkndnlirzgjlztczd/Build/Intermediates.noindex/file_selector_ios.build/Release-iphoneos/file_selector_ios.build/Objects-normal/arm64/file_selector_ios_const_extract_protocols.json -Xcc -I/Users/runner/Library/Developer/Xcode/DerivedData/Runner-cxlsvnhjswijkndnlirzgjlztczd/Build/Products/Release-iphoneos/include -Xcc -I/Users/runner/work/anivault/anivault/ios/Flutter/ephemeral/Packages/.packages/file_selector_ios-0.5.3+5/Sources/file_selector_ios/include/file_selector_ios -Xcc -I/Users/runner/Library/Developer/Xcode/DerivedData/Runner-cxlsvnhjswijkndnlirzgjlztczd/Build/Intermediates.noindex/file_selector_ios.build/Release-iphoneos/file_selector_ios.build/DerivedSources-normal/arm64 -Xcc -I/Users/runner/Library/Developer/Xcode/DerivedData/Runner-cxlsvnhjswijkndnlirzgjlztczd/Build/Intermediates.noindex/file_selector_ios.build/Release-iphoneos/file_selector_ios.build/DerivedSources/arm64 -Xcc -I/Users/runner/Library/Developer/Xcode/DerivedData/Runner-cxlsvnhjswijkndnlirzgjlztczd/Build/Intermediates.noindex/file_selector_ios.build/Release-iphoneos/file_selector_ios.build/DerivedSources -Xcc -DSWIFT_PACKAGE -emit-objc-header -emit-objc-header-path /Users/runner/Library/Developer/Xcode/DerivedData/Runner-cxlsvnhjswijkndnlirzgjlztczd/Build/Intermediates.noindex/file_selector_ios.build/Release-iphoneos/file_selector_ios.build/Objects-normal/arm64/file_selector_ios-Swift.h -working-directory /Users/runner/work/anivault/anivault/ios/Flutter/ephemeral/Packages/.packages/file_selector_ios-0.5.3+5 -no-emit-module-separately-wmo

SwiftDriver FlutterFramework normal arm64 com.apple.xcode.tools.swift.compiler (in target 'FlutterFramework' from project 'FlutterFramework')
    cd /Users/runner/work/anivault/anivault/ios/Flutter/ephemeral/Packages/.packages/FlutterFramework
    builtin-SwiftDriver -- /Applications/Xcode_15.4.app/Contents/Developer/Toolchains/XcodeDefault.xctoolchain/usr/bin/swiftc -module-name FlutterFramework -O -whole-module-optimization -enforce-exclusivity\=checked @/Users/runner/Library/Developer/Xcode/DerivedData/Runner-cxlsvnhjswijkndnlirzgjlztczd/Build/Intermediates.noindex/FlutterFramework.build/Release-iphoneos/FlutterFramework.build/Objects-normal/arm64/FlutterFramework.SwiftFileList -DSWIFT_PACKAGE -DXcode -sdk /Applications/Xcode_15.4.app/Contents/Developer/Platforms/iPhoneOS.platform/Developer/SDKs/iPhoneOS17.5.sdk -target arm64-apple-ios12.0 -g -module-cache-path /Users/runner/Library/Developer/Xcode/DerivedData/ModuleCache.noindex -Xfrontend -serialize-debugging-options -suppress-warnings -swift-version 5 -I /Users/runner/Library/Developer/Xcode/DerivedData/Runner-cxlsvnhjswijkndnlirzgjlztczd/Build/Products/Release-iphoneos -I /Applications/Xcode_15.4.app/Contents/Developer/Platforms/iPhoneOS.platform/Developer/usr/lib -F /Users/runner/Library/Developer/Xcode/DerivedData/Runner-cxlsvnhjswijkndnlirzgjlztczd/Build/Products/Release-iphoneos -F /Applications/Xcode_15.4.app/Contents/Developer/Platforms/iPhoneOS.platform/Developer/Library/Frameworks -F /Applications/Xcode_15.4.app/Contents/Developer/Platforms/iPhoneOS.platform/Developer/SDKs/iPhoneOS17.5.sdk/Developer/Library/Frameworks -parse-as-library -c -num-threads 3 -Xcc -ivfsstatcache -Xcc /Users/runner/Library/Developer/Xcode/DerivedData/SDKStatCaches.noindex/iphoneos17.5-21F77-f0fa7969d082b13145125136a829df3a.sdkstatcache -output-file-map /Users/runner/Library/Developer/Xcode/DerivedData/Runner-cxlsvnhjswijkndnlirzgjlztczd/Build/Intermediates.noindex/FlutterFramework.build/Release-iphoneos/FlutterFramework.build/Objects-normal/arm64/FlutterFramework-OutputFileMap.json -use-frontend-parseable-output -save-temps -no-color-diagnostics -serialize-diagnostics -emit-dependencies -emit-module -emit-module-path /Users/runner/Library/Developer/Xcode/DerivedData/Runner-cxlsvnhjswijkndnlirzgjlztczd/Build/Intermediates.noindex/FlutterFramework.build/Release-iphoneos/FlutterFramework.build/Objects-normal/arm64/FlutterFramework.swiftmodule -validate-clang-modules-once -clang-build-session-file /Users/runner/Library/Developer/Xcode/DerivedData/ModuleCache.noindex/Session.modulevalidation -Xfrontend -package-name -Xfrontend flutterframework -Xcc -I/Users/runner/Library/Developer/Xcode/DerivedData/Runner-cxlsvnhjswijkndnlirzgjlztczd/Build/Intermediates.noindex/FlutterFramework.build/Release-iphoneos/FlutterFramework.build/swift-overrides.hmap -emit-const-values -Xfrontend -const-gather-protocols-file -Xfrontend /Users/runner/Library/Developer/Xcode/DerivedData/Runner-cxlsvnhjswijkndnlirzgjlztczd/Build/Intermediates.noindex/FlutterFramework.build/Release-iphoneos/FlutterFramework.build/Objects-normal/arm64/FlutterFramework_const_extract_protocols.json -Xcc -I/Users/runner/Library/Developer/Xcode/DerivedData/Runner-cxlsvnhjswijkndnlirzgjlztczd/Build/Products/Release-iphoneos/include -Xcc -I/Users/runner/Library/Developer/Xcode/DerivedData/Runner-cxlsvnhjswijkndnlirzgjlztczd/Build/Intermediates.noindex/FlutterFramework.build/Release-iphoneos/FlutterFramework.build/DerivedSources-normal/arm64 -Xcc -I/Users/runner/Library/Developer/Xcode/DerivedData/Runner-cxlsvnhjswijkndnlirzgjlztczd/Build/Intermediates.noindex/FlutterFramework.build/Release-iphoneos/FlutterFramework.build/DerivedSources/arm64 -Xcc -I/Users/runner/Library/Developer/Xcode/DerivedData/Runner-cxlsvnhjswijkndnlirzgjlztczd/Build/Intermediates.noindex/FlutterFramework.build/Release-iphoneos/FlutterFramework.build/DerivedSources -Xcc -DSWIFT_PACKAGE -emit-objc-header -emit-objc-header-path /Users/runner/Library/Developer/Xcode/DerivedData/Runner-cxlsvnhjswijkndnlirzgjlztczd/Build/Intermediates.noindex/FlutterFramework.build/Release-iphoneos/FlutterFramework.build/Objects-normal/arm64/FlutterFramework-Swift.h -working-directory /Users/runner/work/anivault/anivault/ios/Flutter/ephemeral/Packages/.packages/FlutterFramework -no-emit-module-separately-wmo

SwiftCompile normal arm64 Compiling\ resource_bundle_accessor.swift,\ SharedPreferencesPlugin.swift,\ messages.g.swift /Users/runner/Library/Developer/Xcode/DerivedData/Runner-cxlsvnhjswijkndnlirzgjlztczd/Build/Intermediates.noindex/shared_preferences_foundation.build/Release-iphoneos/shared_preferences_foundation.build/DerivedSources/resource_bundle_accessor.swift /Users/runner/.pub-cache/hosted/pub.dev/shared_preferences_foundation-2.5.6/darwin/shared_preferences_foundation/Sources/shared_preferences_foundation/SharedPreferencesPlugin.swift /Users/runner/.pub-cache/hosted/pub.dev/shared_preferences_foundation-2.5.6/darwin/shared_preferences_foundation/Sources/shared_preferences_foundation/messages.g.swift (in target 'shared_preferences_foundation' from project 'shared_preferences_foundation')
    cd /Users/runner/work/anivault/anivault/ios/Flutter/ephemeral/Packages/.packages/shared_preferences_foundation-2.5.6
    builtin-swiftTaskExecution -- /Applications/Xcode_15.4.app/Contents/Developer/Toolchains/XcodeDefault.xctoolchain/usr/bin/swift-frontend -frontend -c /Users/runner/Library/Developer/Xcode/DerivedData/Runner-cxlsvnhjswijkndnlirzgjlztczd/Build/Intermediates.noindex/shared_preferences_foundation.build/Release-iphoneos/shared_preferences_foundation.build/DerivedSources/resource_bundle_accessor.swift /Users/runner/.pub-cache/hosted/pub.dev/shared_preferences_foundation-2.5.6/darwin/shared_preferences_foundation/Sources/shared_preferences_foundation/SharedPreferencesPlugin.swift /Users/runner/.pub-cache/hosted/pub.dev/shared_preferences_foundation-2.5.6/darwin/shared_preferences_foundation/Sources/shared_preferences_foundation/messages.g.swift -supplementary-output-file-map /Users/runner/Library/Developer/Xcode/DerivedData/Runner-cxlsvnhjswijkndnlirzgjlztczd/Build/Intermediates.noindex/shared_preferences_foundation.build/Release-iphoneos/shared_preferences_foundation.build/Objects-normal/arm64/supplementaryOutputs-1 -target arm64-apple-ios13.0 -Xllvm -aarch64-use-tbi -enable-objc-interop -stack-check -sdk /Applications/Xcode_15.4.app/Contents/Developer/Platforms/iPhoneOS.platform/Developer/SDKs/iPhoneOS17.5.sdk -I /Users/runner/Library/Developer/Xcode/DerivedData/Runner-cxlsvnhjswijkndnlirzgjlztczd/Build/Products/Release-iphoneos -I /Applications/Xcode_15.4.app/Contents/Developer/Platforms/iPhoneOS.platform/Developer/usr/lib -F /Users/runner/Library/Developer/Xcode/DerivedData/Runner-cxlsvnhjswijkndnlirzgjlztczd/Build/Products/Release-iphoneos -F /Applications/Xcode_15.4.app/Contents/Developer/Platforms/iPhoneOS.platform/Developer/Library/Frameworks -F /Applications/Xcode_15.4.app/Contents/Developer/Platforms/iPhoneOS.platform/Developer/SDKs/iPhoneOS17.5.sdk/Developer/Library/Frameworks -no-color-diagnostics -g -module-cache-path /Users/runner/Library/Developer/Xcode/DerivedData/ModuleCache.noindex -suppress-warnings -swift-version 5 -enforce-exclusivity\=checked -O -D SWIFT_PACKAGE -D Xcode -serialize-debugging-options -package-name shared_preferences_foundation_2_5_6 -const-gather-protocols-file /Users/runner/Library/Developer/Xcode/DerivedData/Runner-cxlsvnhjswijkndnlirzgjlztczd/Build/Intermediates.noindex/shared_preferences_foundation.build/Release-iphoneos/shared_preferences_foundation.build/Objects-normal/arm64/shared_preferences_foundation_const_extract_protocols.json -empty-abi-descriptor -validate-clang-modules-once -clang-build-session-file /Users/runner/Library/Developer/Xcode/DerivedData/ModuleCache.noindex/Session.modulevalidation -Xcc -working-directory -Xcc /Users/runner/work/anivault/anivault/ios/Flutter/ephemeral/Packages/.packages/shared_preferences_foundation-2.5.6 -resource-dir /Applications/Xcode_15.4.app/Contents/Developer/Toolchains/XcodeDefault.xctoolchain/usr/lib/swift -Xcc -ivfsstatcache -Xcc /Users/runner/Library/Developer/Xcode/DerivedData/SDKStatCaches.noindex/iphoneos17.5-21F77-f0fa7969d082b13145125136a829df3a.sdkstatcache -Xcc -I/Users/runner/Library/Developer/Xcode/DerivedData/Runner-cxlsvnhjswijkndnlirzgjlztczd/Build/Intermediates.noindex/shared_preferences_foundation.build/Release-iphoneos/shared_preferences_foundation.build/swift-overrides.hmap -Xcc -I/Users/runner/Library/Developer/Xcode/DerivedData/Runner-cxlsvnhjswijkndnlirzgjlztczd/Build/Products/Release-iphoneos/include -Xcc -I/Users/runner/Library/Developer/Xcode/DerivedData/Runner-cxlsvnhjswijkndnlirzgjlztczd/Build/Intermediates.noindex/shared_preferences_foundation.build/Release-iphoneos/shared_preferences_foundation.build/DerivedSources-normal/arm64 -Xcc -I/Users/runner/Library/Developer/Xcode/DerivedData/Runner-cxlsvnhjswijkndnlirzgjlztczd/Build/Intermediates.noindex/shared_preferences_foundation.build/Release-iphoneos/shared_preferences_foundation.build/DerivedSources/arm64 -Xcc -I/Users/runner/Library/Developer/Xcode/DerivedData/Runner-cxlsvnhjswijkndnlirzgjlztczd/Build/Intermediates.noindex/shared_preferences_foundation.build/Release-iphoneos/shared_preferences_foundation.build/DerivedSources -Xcc -DSWIFT_PACKAGE -module-name shared_preferences_foundation -frontend-parseable-output -disable-clang-spi -target-sdk-version 17.5 -target-sdk-name iphoneos17.5 -external-plugin-path /Applications/Xcode_15.4.app/Contents/Developer/Platforms/iPhoneOS.platform/Developer/SDKs/iPhoneOS17.5.sdk/usr/lib/swift/host/plugins\#/Applications/Xcode_15.4.app/Contents/Developer/Platforms/iPhoneOS.platform/Developer/SDKs/iPhoneOS17.5.sdk/usr/bin/swift-plugin-server -external-plugin-path /Applications/Xcode_15.4.app/Contents/Developer/Platforms/iPhoneOS.platform/Developer/SDKs/iPhoneOS17.5.sdk/usr/local/lib/swift/host/plugins\#/Applications/Xcode_15.4.app/Contents/Developer/Platforms/iPhoneOS.platform/Developer/SDKs/iPhoneOS17.5.sdk/usr/bin/swift-plugin-server -external-plugin-path /Applications/Xcode_15.4.app/Contents/Developer/Platforms/iPhoneOS.platform/Developer/usr/lib/swift/host/plugins\#/Applications/Xcode_15.4.app/Contents/Developer/Platforms/iPhoneOS.platform/Developer/usr/bin/swift-plugin-server -external-plugin-path /Applications/Xcode_15.4.app/Contents/Developer/Platforms/iPhoneOS.platform/Developer/usr/local/lib/swift/host/plugins\#/Applications/Xcode_15.4.app/Contents/Developer/Platforms/iPhoneOS.platform/Developer/usr/bin/swift-plugin-server -plugin-path /Applications/Xcode_15.4.app/Contents/Developer/Toolchains/XcodeDefault.xctoolchain/usr/lib/swift/host/plugins -plugin-path /Applications/Xcode_15.4.app/Contents/Developer/Toolchains/XcodeDefault.xctoolchain/usr/local/lib/swift/host/plugins -enable-default-cmo -num-threads 3 -o /Users/runner/Library/Developer/Xcode/DerivedData/Runner-cxlsvnhjswijkndnlirzgjlztczd/Build/Intermediates.noindex/shared_preferences_foundation.build/Release-iphoneos/shared_preferences_foundation.build/Objects-normal/arm64/resource_bundle_accessor.o -o /Users/runner/Library/Developer/Xcode/DerivedData/Runner-cxlsvnhjswijkndnlirzgjlztczd/Build/Intermediates.noindex/shared_preferences_foundation.build/Release-iphoneos/shared_preferences_foundation.build/Objects-normal/arm64/SharedPreferencesPlugin.o -o /Users/runner/Library/Developer/Xcode/DerivedData/Runner-cxlsvnhjswijkndnlirzgjlztczd/Build/Intermediates.noindex/shared_preferences_foundation.build/Release-iphoneos/shared_preferences_foundation.build/Objects-normal/arm64/messages.g.o -index-unit-output-path /shared_preferences_foundation.build/Release-iphoneos/shared_preferences_foundation.build/Objects-normal/arm64/resource_bundle_accessor.o -index-unit-output-path /shared_preferences_foundation.build/Release-iphoneos/shared_preferences_foundation.build/Objects-normal/arm64/SharedPreferencesPlugin.o -index-unit-output-path /shared_preferences_foundation.build/Release-iphoneos/shared_preferences_foundation.build/Objects-normal/arm64/messages.g.o
CompileSwift normal arm64 (in target 'shared_preferences_foundation' from project 'shared_preferences_foundation')
    cd /Users/runner/work/anivault/anivault/ios/Flutter/ephemeral/Packages/.packages/shared_preferences_foundation-2.5.6
    /Applications/Xcode_15.4.app/Contents/Developer/Toolchains/XcodeDefault.xctoolchain/usr/bin/swift-frontend -c /Users/runner/Library/Developer/Xcode/DerivedData/Runner-cxlsvnhjswijkndnlirzgjlztczd/Build/Intermediates.noindex/shared_preferences_foundation.build/Release-iphoneos/shared_preferences_foundation.build/DerivedSources/resource_bundle_accessor.swift /Users/runner/.pub-cache/hosted/pub.dev/shared_preferences_foundation-2.5.6/darwin/shared_preferences_foundation/Sources/shared_preferences_foundation/SharedPreferencesPlugin.swift /Users/runner/.pub-cache/hosted/pub.dev/shared_preferences_foundation-2.5.6/darwin/shared_preferences_foundation/Sources/shared_preferences_foundation/messages.g.swift -supplementary-output-file-map /Users/runner/Library/Developer/Xcode/DerivedData/Runner-cxlsvnhjswijkndnlirzgjlztczd/Build/Intermediates.noindex/shared_preferences_foundation.build/Release-iphoneos/shared_preferences_foundation.build/Objects-normal/arm64/supplementaryOutputs-1 -target arm64-apple-ios13.0 -Xllvm -aarch64-use-tbi -enable-objc-interop -stack-check -sdk /Applications/Xcode_15.4.app/Contents/Developer/Platforms/iPhoneOS.platform/Developer/SDKs/iPhoneOS17.5.sdk -I /Users/runner/Library/Developer/Xcode/DerivedData/Runner-cxlsvnhjswijkndnlirzgjlztczd/Build/Products/Release-iphoneos -I /Applications/Xcode_15.4.app/Contents/Developer/Platforms/iPhoneOS.platform/Developer/usr/lib -F /Users/runner/Library/Developer/Xcode/DerivedData/Runner-cxlsvnhjswijkndnlirzgjlztczd/Build/Products/Release-iphoneos -F /Applications/Xcode_15.4.app/Contents/Developer/Platforms/iPhoneOS.platform/Developer/Library/Frameworks -F /Applications/Xcode_15.4.app/Contents/Developer/Platforms/iPhoneOS.platform/Developer/SDKs/iPhoneOS17.5.sdk/Developer/Library/Frameworks -no-color-diagnostics -g -module-cache-path /Users/runner/Library/Developer/Xcode/DerivedData/ModuleCache.noindex -suppress-warnings -swift-version 5 -enforce-exclusivity\=checked -O -D SWIFT_PACKAGE -D Xcode -serialize-debugging-options -package-name shared_preferences_foundation_2_5_6 -const-gather-protocols-file /Users/runner/Library/Developer/Xcode/DerivedData/Runner-cxlsvnhjswijkndnlirzgjlztczd/Build/Intermediates.noindex/shared_preferences_foundation.build/Release-iphoneos/shared_preferences_foundation.build/Objects-normal/arm64/shared_preferences_foundation_const_extract_protocols.json -empty-abi-descriptor -validate-clang-modules-once -clang-build-session-file /Users/runner/Library/Developer/Xcode/DerivedData/ModuleCache.noindex/Session.modulevalidation -Xcc -working-directory -Xcc /Users/runner/work/anivault/anivault/ios/Flutter/ephemeral/Packages/.packages/shared_preferences_foundation-2.5.6 -resource-dir /Applications/Xcode_15.4.app/Contents/Developer/Toolchains/XcodeDefault.xctoolchain/usr/lib/swift -Xcc -ivfsstatcache -Xcc /Users/runner/Library/Developer/Xcode/DerivedData/SDKStatCaches.noindex/iphoneos17.5-21F77-f0fa7969d082b13145125136a829df3a.sdkstatcache -Xcc -I/Users/runner/Library/Developer/Xcode/DerivedData/Runner-cxlsvnhjswijkndnlirzgjlztczd/Build/Intermediates.noindex/shared_preferences_foundation.build/Release-iphoneos/shared_preferences_foundation.build/swift-overrides.hmap -Xcc -I/Users/runner/Library/Developer/Xcode/DerivedData/Runner-cxlsvnhjswijkndnlirzgjlztczd/Build/Products/Release-iphoneos/include -Xcc -I/Users/runner/Library/Developer/Xcode/DerivedData/Runner-cxlsvnhjswijkndnlirzgjlztczd/Build/Intermediates.noindex/shared_preferences_foundation.build/Release-iphoneos/shared_preferences_foundation.build/DerivedSources-normal/arm64 -Xcc -I/Users/runner/Library/Developer/Xcode/DerivedData/Runner-cxlsvnhjswijkndnlirzgjlztczd/Build/Intermediates.noindex/shared_preferences_foundation.build/Release-iphoneos/shared_preferences_foundation.build/DerivedSources/arm64 -Xcc -I/Users/runner/Library/Developer/Xcode/DerivedData/Runner-cxlsvnhjswijkndnlirzgjlztczd/Build/Intermediates.noindex/shared_preferences_foundation.build/Release-iphoneos/shared_preferences_foundation.build/DerivedSources -Xcc -DSWIFT_PACKAGE -module-name shared_preferences_foundation -frontend-parseable-output -disable-clang-spi -target-sdk-version 17.5 -target-sdk-name iphoneos17.5 -external-plugin-path /Applications/Xcode_15.4.app/Contents/Developer/Platforms/iPhoneOS.platform/Developer/SDKs/iPhoneOS17.5.sdk/usr/lib/swift/host/plugins\#/Applications/Xcode_15.4.app/Contents/Developer/Platforms/iPhoneOS.platform/Developer/SDKs/iPhoneOS17.5.sdk/usr/bin/swift-plugin-server -external-plugin-path /Applications/Xcode_15.4.app/Contents/Developer/Platforms/iPhoneOS.platform/Developer/SDKs/iPhoneOS17.5.sdk/usr/local/lib/swift/host/plugins\#/Applications/Xcode_15.4.app/Contents/Developer/Platforms/iPhoneOS.platform/Developer/SDKs/iPhoneOS17.5.sdk/usr/bin/swift-plugin-server -external-plugin-path /Applications/Xcode_15.4.app/Contents/Developer/Platforms/iPhoneOS.platform/Developer/usr/lib/swift/host/plugins\#/Applications/Xcode_15.4.app/Contents/Developer/Platforms/iPhoneOS.platform/Developer/usr/bin/swift-plugin-server -external-plugin-path /Applications/Xcode_15.4.app/Contents/Developer/Platforms/iPhoneOS.platform/Developer/usr/local/lib/swift/host/plugins\#/Applications/Xcode_15.4.app/Contents/Developer/Platforms/iPhoneOS.platform/Developer/usr/bin/swift-plugin-server -plugin-path /Applications/Xcode_15.4.app/Contents/Developer/Toolchains/XcodeDefault.xctoolchain/usr/lib/swift/host/plugins -plugin-path /Applications/Xcode_15.4.app/Contents/Developer/Toolchains/XcodeDefault.xctoolchain/usr/local/lib/swift/host/plugins -enable-default-cmo -num-threads 3 -o /Users/runner/Library/Developer/Xcode/DerivedData/Runner-cxlsvnhjswijkndnlirzgjlztczd/Build/Intermediates.noindex/shared_preferences_foundation.build/Release-iphoneos/shared_preferences_foundation.build/Objects-normal/arm64/resource_bundle_accessor.o -o /Users/runner/Library/Developer/Xcode/DerivedData/Runner-cxlsvnhjswijkndnlirzgjlztczd/Build/Intermediates.noindex/shared_preferences_foundation.build/Release-iphoneos/shared_preferences_foundation.build/Objects-normal/arm64/SharedPreferencesPlugin.o -o /Users/runner/Library/Developer/Xcode/DerivedData/Runner-cxlsvnhjswijkndnlirzgjlztczd/Build/Intermediates.noindex/shared_preferences_foundation.build/Release-iphoneos/shared_preferences_foundation.build/Objects-normal/arm64/messages.g.o -index-unit-output-path /shared_preferences_foundation.build/Release-iphoneos/shared_preferences_foundation.build/Objects-normal/arm64/resource_bundle_accessor.o -index-unit-output-path /shared_preferences_foundation.build/Release-iphoneos/shared_preferences_foundation.build/Objects-normal/arm64/SharedPreferencesPlugin.o -index-unit-output-path /shared_preferences_foundation.build/Release-iphoneos/shared_preferences_foundation.build/Objects-normal/arm64/messages.g.o

SwiftCompile normal arm64 Compiling\ MediaKitVideoPlugin.swift,\ MPVHelpers.swift,\ MPVVideoOutParams.swift,\ OpenGLESHelpers.swift,\ ResizableTextureProtocol.swift,\ SafeResizableTexture.swift,\ SwappableObjectManager.swift,\ TextureGLESContext.swift,\ TextureHW.swift,\ TextureSW.swift,\ TextureSWContext.swift,\ UtilsProtocol.swift,\ VideoOutput.swift,\ VideoOutputConfiguration.swift,\ VideoOutputManager.swift,\ Worker.swift /Users/runner/work/anivault/anivault/third_party/media_kit_video/ios/Classes/plugin/common/MediaKitVideoPlugin.swift /Users/runner/work/anivault/anivault/third_party/media_kit_video/ios/Classes/plugin/common/MPVHelpers.swift /Users/runner/work/anivault/anivault/third_party/media_kit_video/ios/Classes/plugin/common/MPVVideoOutParams.swift /Users/runner/work/anivault/anivault/third_party/media_kit_video/ios/Classes/plugin/gles/OpenGLESHelpers.swift /Users/runner/work/anivault/anivault/third_party/media_kit_video/ios/Classes/plugin/common/ResizableTextureProtocol.swift /Users/runner/work/anivault/anivault/third_party/media_kit_video/ios/Classes/plugin/common/SafeResizableTexture.swift /Users/runner/work/anivault/anivault/third_party/media_kit_video/ios/Classes/plugin/common/SwappableObjectManager.swift /Users/runner/work/anivault/anivault/third_party/media_kit_video/ios/Classes/plugin/gles/TextureGLESContext.swift /Users/runner/work/anivault/anivault/third_party/media_kit_video/ios/Classes/plugin/TextureHW.swift /Users/runner/work/anivault/anivault/third_party/media_kit_video/ios/Classes/plugin/common/TextureSW.swift /Users/runner/work/anivault/anivault/third_party/media_kit_video/ios/Classes/plugin/common/TextureSWContext.swift /Users/runner/work/anivault/anivault/third_party/media_kit_video/ios/Classes/plugin/common/UtilsProtocol.swift /Users/runner/work/anivault/anivault/third_party/media_kit_video/ios/Classes/plugin/common/VideoOutput.swift /Users/runner/work/anivault/anivault/third_party/media_kit_video/ios/Classes/plugin/common/VideoOutputConfiguration.swift /Users/runner/work/anivault/anivault/third_party/media_kit_video/ios/Classes/plugin/common/VideoOutputManager.swift /Users/runner/work/anivault/anivault/third_party/media_kit_video/ios/Classes/plugin/common/Worker.swift (in target 'media_kit_video' from project 'Pods')
    cd /Users/runner/work/anivault/anivault/ios/Pods
    builtin-swiftTaskExecution -- /Applications/Xcode_15.4.app/Contents/Developer/Toolchains/XcodeDefault.xctoolchain/usr/bin/swift-frontend -frontend -c /Users/runner/work/anivault/anivault/third_party/media_kit_video/ios/Classes/plugin/common/MediaKitVideoPlugin.swift /Users/runner/work/anivault/anivault/third_party/media_kit_video/ios/Classes/plugin/common/MPVHelpers.swift /Users/runner/work/anivault/anivault/third_party/media_kit_video/ios/Classes/plugin/common/MPVVideoOutParams.swift /Users/runner/work/anivault/anivault/third_party/media_kit_video/ios/Classes/plugin/gles/OpenGLESHelpers.swift /Users/runner/work/anivault/anivault/third_party/media_kit_video/ios/Classes/plugin/common/ResizableTextureProtocol.swift /Users/runner/work/anivault/anivault/third_party/media_kit_video/ios/Classes/plugin/common/SafeResizableTexture.swift /Users/runner/work/anivault/anivault/third_party/media_kit_video/ios/Classes/plugin/common/SwappableObjectManager.swift /Users/runner/work/anivault/anivault/third_party/media_kit_video/ios/Classes/plugin/gles/TextureGLESContext.swift /Users/runner/work/anivault/anivault/third_party/media_kit_video/ios/Classes/plugin/TextureHW.swift /Users/runner/work/anivault/anivault/third_party/media_kit_video/ios/Classes/plugin/common/TextureSW.swift /Users/runner/work/anivault/anivault/third_party/media_kit_video/ios/Classes/plugin/common/TextureSWContext.swift /Users/runner/work/anivault/anivault/third_party/media_kit_video/ios/Classes/plugin/common/UtilsProtocol.swift /Users/runner/work/anivault/anivault/third_party/media_kit_video/ios/Classes/plugin/common/VideoOutput.swift /Users/runner/work/anivault/anivault/third_party/media_kit_video/ios/Classes/plugin/common/VideoOutputConfiguration.swift /Users/runner/work/anivault/anivault/third_party/media_kit_video/ios/Classes/plugin/common/VideoOutputManager.swift /Users/runner/work/anivault/anivault/third_party/media_kit_video/ios/Classes/plugin/common/Worker.swift -supplementary-output-file-map /Users/runner/Library/Developer/Xcode/DerivedData/Runner-cxlsvnhjswijkndnlirzgjlztczd/Build/Intermediates.noindex/Pods.build/Release-iphoneos/media_kit_video.build/Objects-normal/arm64/supplementaryOutputs-2 -target arm64-apple-ios13.0 -Xllvm -aarch64-use-tbi -enable-objc-interop -stack-check -sdk /Applications/Xcode_15.4.app/Contents/Developer/Platforms/iPhoneOS.platform/Developer/SDKs/iPhoneOS17.5.sdk -I /Users/runner/Library/Developer/Xcode/DerivedData/Runner-cxlsvnhjswijkndnlirzgjlztczd/Build/Products/Release-iphoneos/media_kit_video -F /Users/runner/Library/Developer/Xcode/DerivedData/Runner-cxlsvnhjswijkndnlirzgjlztczd/Build/Products/Release-iphoneos/media_kit_video -F /Users/runner/hostedtoolcache/flutter/stable-3.44.4-arm64/flutter/bin/cache/artifacts/engine/ios-release/Flutter.xcframework/ios-arm64 -F /Users/runner/work/anivault/anivault/ios/.symlinks/plugins/media_kit_libs_ios_video/ios/Frameworks/.symlinks/mpv/ios -no-color-diagnostics -g -import-underlying-module -module-cache-path /Users/runner/Library/Developer/Xcode/DerivedData/ModuleCache.noindex -swift-version 5 -enforce-exclusivity\=checked -O -D COCOAPODS -serialize-debugging-options -const-gather-protocols-file /Users/runner/Library/Developer/Xcode/DerivedData/Runner-cxlsvnhjswijkndnlirzgjlztczd/Build/Intermediates.noindex/Pods.build/Release-iphoneos/media_kit_video.build/Objects-normal/arm64/media_kit_video_const_extract_protocols.json -enable-bare-slash-regex -empty-abi-descriptor -validate-clang-modules-once -clang-build-session-file /Users/runner/Library/Developer/Xcode/DerivedData/ModuleCache.noindex/Session.modulevalidation -Xcc -working-directory -Xcc /Users/runner/work/anivault/anivault/ios/Pods -resource-dir /Applications/Xcode_15.4.app/Contents/Developer/Toolchains/XcodeDefault.xctoolchain/usr/lib/swift -Xcc -ivfsstatcache -Xcc /Users/runner/Library/Developer/Xcode/DerivedData/SDKStatCaches.noindex/iphoneos17.5-21F77-f0fa7969d082b13145125136a829df3a.sdkstatcache -Xcc -I/Users/runner/Library/Developer/Xcode/DerivedData/Runner-cxlsvnhjswijkndnlirzgjlztczd/Build/Intermediates.noindex/Pods.build/Release-iphoneos/media_kit_video.build/swift-overrides.hmap -Xcc -iquote -Xcc /Users/runner/Library/Developer/Xcode/DerivedData/Runner-cxlsvnhjswijkndnlirzgjlztczd/Build/Intermediates.noindex/Pods.build/Release-iphoneos/media_kit_video.build/media_kit_video-generated-files.hmap -Xcc -I/Users/runner/Library/Developer/Xcode/DerivedData/Runner-cxlsvnhjswijkndnlirzgjlztczd/Build/Intermediates.noindex/Pods.build/Release-iphoneos/media_kit_video.build/media_kit_video-own-target-headers.hmap -Xcc -I/Users/runner/Library/Developer/Xcode/DerivedData/Runner-cxlsvnhjswijkndnlirzgjlztczd/Build/Intermediates.noindex/Pods.build/Release-iphoneos/media_kit_video.build/media_kit_video-all-non-framework-target-headers.hmap -Xcc -ivfsoverlay -Xcc /Users/runner/Library/Developer/Xcode/DerivedData/Runner-cxlsvnhjswijkndnlirzgjlztczd/Build/Intermediates.noindex/Pods.build/Release-iphoneos/media_kit_video.build/all-product-headers.yaml -Xcc -iquote -Xcc /Users/runner/Library/Developer/Xcode/DerivedData/Runner-cxlsvnhjswijkndnlirzgjlztczd/Build/Intermediates.noindex/Pods.build/Release-iphoneos/media_kit_video.build/media_kit_video-project-headers.hmap -Xcc -I/Users/runner/Library/Developer/Xcode/DerivedData/Runner-cxlsvnhjswijkndnlirzgjlztczd/Build/Products/Release-iphoneos/media_kit_video/include -Xcc -I/Users/runner/Library/Developer/Xcode/DerivedData/Runner-cxlsvnhjswijkndnlirzgjlztczd/Build/Intermediates.noindex/Pods.build/Release-iphoneos/media_kit_video.build/DerivedSources-normal/arm64 -Xcc -I/Users/runner/Library/Developer/Xcode/DerivedData/Runner-cxlsvnhjswijkndnlirzgjlztczd/Build/Intermediates.noindex/Pods.build/Release-iphoneos/media_kit_video.build/DerivedSources/arm64 -Xcc -I/Users/runner/Library/Developer/Xcode/DerivedData/Runner-cxlsvnhjswijkndnlirzgjlztczd/Build/Intermediates.noindex/Pods.build/Release-iphoneos/media_kit_video.build/DerivedSources -Xcc -DPOD_CONFIGURATION_RELEASE\=1 -Xcc -DCOCOAPODS\=1 -Xcc -DPOD_CONFIGURATION_RELEASE\=1\  -Xcc -DGL_SILENCE_DEPRECATION -Xcc -DCOREVIDEO_SILENCE_GL_DEPRECATION -Xcc -ivfsoverlay -Xcc /Users/runner/Library/Developer/Xcode/DerivedData/Runner-cxlsvnhjswijkndnlirzgjlztczd/Build/Intermediates.noindex/Pods.build/Release-iphoneos/media_kit_video.build/unextended-module-overlay.yaml -module-name media_kit_video -frontend-parseable-output -disable-clang-spi -target-sdk-version 17.5 -target-sdk-name iphoneos17.5 -external-plugin-path /Applications/Xcode_15.4.app/Contents/Developer/Platforms/iPhoneOS.platform/Developer/SDKs/iPhoneOS17.5.sdk/usr/lib/swift/host/plugins\#/Applications/Xcode_15.4.app/Contents/Developer/Platforms/iPhoneOS.platform/Developer/SDKs/iPhoneOS17.5.sdk/usr/bin/swift-plugin-server -external-plugin-path /Applications/Xcode_15.4.app/Contents/Developer/Platforms/iPhoneOS.platform/Developer/SDKs/iPhoneOS17.5.sdk/usr/local/lib/swift/host/plugins\#/Applications/Xcode_15.4.app/Contents/Developer/Platforms/iPhoneOS.platform/Developer/SDKs/iPhoneOS17.5.sdk/usr/bin/swift-plugin-server -external-plugin-path /Applications/Xcode_15.4.app/Contents/Developer/Platforms/iPhoneOS.platform/Developer/usr/lib/swift/host/plugins\#/Applications/Xcode_15.4.app/Contents/Developer/Platforms/iPhoneOS.platform/Developer/usr/bin/swift-plugin-server -external-plugin-path /Applications/Xcode_15.4.app/Contents/Developer/Platforms/iPhoneOS.platform/Developer/usr/local/lib/swift/host/plugins\#/Applications/Xcode_15.4.app/Contents/Developer/Platforms/iPhoneOS.platform/Developer/usr/bin/swift-plugin-server -plugin-path /Applications/Xcode_15.4.app/Contents/Developer/Toolchains/XcodeDefault.xctoolchain/usr/lib/swift/host/plugins -plugin-path /Applications/Xcode_15.4.app/Contents/Developer/Toolchains/XcodeDefault.xctoolchain/usr/local/lib/swift/host/plugins -enable-default-cmo -num-threads 3 -o /Users/runner/Library/Developer/Xcode/DerivedData/Runner-cxlsvnhjswijkndnlirzgjlztczd/Build/Intermediates.noindex/Pods.build/Release-iphoneos/media_kit_video.build/Objects-normal/arm64/MediaKitVideoPlugin.o -o /Users/runner/Library/Developer/Xcode/DerivedData/Runner-cxlsvnhjswijkndnlirzgjlztczd/Build/Intermediates.noindex/Pods.build/Release-iphoneos/media_kit_video.build/Objects-normal/arm64/MPVHelpers.o -o /Users/runner/Library/Developer/Xcode/DerivedData/Runner-cxlsvnhjswijkndnlirzgjlztczd/Build/Intermediates.noindex/Pods.build/Release-iphoneos/media_kit_video.build/Objects-normal/arm64/MPVVideoOutParams.o -o /Users/runner/Library/Developer/Xcode/DerivedData/Runner-cxlsvnhjswijkndnlirzgjlztczd/Build/Intermediates.noindex/Pods.build/Release-iphoneos/media_kit_video.build/Objects-normal/arm64/OpenGLESHelpers.o -o /Users/runner/Library/Developer/Xcode/DerivedData/Runner-cxlsvnhjswijkndnlirzgjlztczd/Build/Intermediates.noindex/Pods.build/Release-iphoneos/media_kit_video.build/Objects-normal/arm64/ResizableTextureProtocol.o -o /Users/runner/Library/Developer/Xcode/DerivedData/Runner-cxlsvnhjswijkndnlirzgjlztczd/Build/Intermediates.noindex/Pods.build/Release-iphoneos/media_kit_video.build/Objects-normal/arm64/SafeResizableTexture.o -o /Users/runner/Library/Developer/Xcode/DerivedData/Runner-cxlsvnhjswijkndnlirzgjlztczd/Build/Intermediates.noindex/Pods.build/Release-iphoneos/media_kit_video.build/Objects-normal/arm64/SwappableObjectManager.o -o /Users/runner/Library/Developer/Xcode/DerivedData/Runner-cxlsvnhjswijkndnlirzgjlztczd/Build/Intermediates.noindex/Pods.build/Release-iphoneos/media_kit_video.build/Objects-normal/arm64/TextureGLESContext.o -o /Users/runner/Library/Developer/Xcode/DerivedData/Runner-cxlsvnhjswijkndnlirzgjlztczd/Build/Intermediates.noindex/Pods.build/Release-iphoneos/media_kit_video.build/Objects-normal/arm64/TextureHW.o -o /Users/runner/Library/Developer/Xcode/DerivedData/Runner-cxlsvnhjswijkndnlirzgjlztczd/Build/Intermediates.noindex/Pods.build/Release-iphoneos/media_kit_video.build/Objects-normal/arm64/TextureSW.o -o /Users/runner/Library/Developer/Xcode/DerivedData/Runner-cxlsvnhjswijkndnlirzgjlztczd/Build/Intermediates.noindex/Pods.build/Release-iphoneos/media_kit_video.build/Objects-normal/arm64/TextureSWContext.o -o /Users/runner/Library/Developer/Xcode/DerivedData/Runner-cxlsvnhjswijkndnlirzgjlztczd/Build/Intermediates.noindex/Pods.build/Release-iphoneos/media_kit_video.build/Objects-normal/arm64/UtilsProtocol.o -o /Users/runner/Library/Developer/Xcode/DerivedData/Runner-cxlsvnhjswijkndnlirzgjlztczd/Build/Intermediates.noindex/Pods.build/Release-iphoneos/media_kit_video.build/Objects-normal/arm64/VideoOutput.o -o /Users/runner/Library/Developer/Xcode/DerivedData/Runner-cxlsvnhjswijkndnlirzgjlztczd/Build/Intermediates.noindex/Pods.build/Release-iphoneos/media_kit_video.build/Objects-normal/arm64/VideoOutputConfiguration.o -o /Users/runner/Library/Developer/Xcode/DerivedData/Runner-cxlsvnhjswijkndnlirzgjlztczd/Build/Intermediates.noindex/Pods.build/Release-iphoneos/media_kit_video.build/Objects-normal/arm64/VideoOutputManager.o -o /Users/runner/Library/Developer/Xcode/DerivedData/Runner-cxlsvnhjswijkndnlirzgjlztczd/Build/Intermediates.noindex/Pods.build/Release-iphoneos/media_kit_video.build/Objects-normal/arm64/Worker.o -index-unit-output-path /Pods.build/Release-iphoneos/media_kit_video.build/Objects-normal/arm64/MediaKitVideoPlugin.o -index-unit-output-path /Pods.build/Release-iphoneos/media_kit_video.build/Objects-normal/arm64/MPVHelpers.o -index-unit-output-path /Pods.build/Release-iphoneos/media_kit_video.build/Objects-normal/arm64/MPVVideoOutParams.o -index-unit-output-path /Pods.build/Release-iphoneos/media_kit_video.build/Objects-normal/arm64/OpenGLESHelpers.o -index-unit-output-path /Pods.build/Release-iphoneos/media_kit_video.build/Objects-normal/arm64/ResizableTextureProtocol.o -index-unit-output-path /Pods.build/Release-iphoneos/media_kit_video.build/Objects-normal/arm64/SafeResizableTexture.o -index-unit-output-path /Pods.build/Release-iphoneos/media_kit_video.build/Objects-normal/arm64/SwappableObjectManager.o -index-unit-output-path /Pods.build/Release-iphoneos/media_kit_video.build/Objects-normal/arm64/TextureGLESContext.o -index-unit-output-path /Pods.build/Release-iphoneos/media_kit_video.build/Objects-normal/arm64/TextureHW.o -index-unit-output-path /Pods.build/Release-iphoneos/media_kit_video.build/Objects-normal/arm64/TextureSW.o -index-unit-output-path /Pods.build/Release-iphoneos/media_kit_video.build/Objects-normal/arm64/TextureSWContext.o -index-unit-output-path /Pods.build/Release-iphoneos/media_kit_video.build/Objects-normal/arm64/UtilsProtocol.o -index-unit-output-path /Pods.build/Release-iphoneos/media_kit_video.build/Objects-normal/arm64/VideoOutput.o -index-unit-output-path /Pods.build/Release-iphoneos/media_kit_video.build/Objects-normal/arm64/VideoOutputConfiguration.o -index-unit-output-path /Pods.build/Release-iphoneos/media_kit_video.build/Objects-normal/arm64/VideoOutputManager.o -index-unit-output-path /Pods.build/Release-iphoneos/media_kit_video.build/Objects-normal/arm64/Worker.o
CompileSwift normal arm64 (in target 'media_kit_video' from project 'Pods')
    cd /Users/runner/work/anivault/anivault/ios/Pods
    /Applications/Xcode_15.4.app/Contents/Developer/Toolchains/XcodeDefault.xctoolchain/usr/bin/swift-frontend -c /Users/runner/work/anivault/anivault/third_party/media_kit_video/ios/Classes/plugin/common/MediaKitVideoPlugin.swift /Users/runner/work/anivault/anivault/third_party/media_kit_video/ios/Classes/plugin/common/MPVHelpers.swift /Users/runner/work/anivault/anivault/third_party/media_kit_video/ios/Classes/plugin/common/MPVVideoOutParams.swift /Users/runner/work/anivault/anivault/third_party/media_kit_video/ios/Classes/plugin/gles/OpenGLESHelpers.swift /Users/runner/work/anivault/anivault/third_party/media_kit_video/ios/Classes/plugin/common/ResizableTextureProtocol.swift /Users/runner/work/anivault/anivault/third_party/media_kit_video/ios/Classes/plugin/common/SafeResizableTexture.swift /Users/runner/work/anivault/anivault/third_party/media_kit_video/ios/Classes/plugin/common/SwappableObjectManager.swift /Users/runner/work/anivault/anivault/third_party/media_kit_video/ios/Classes/plugin/gles/TextureGLESContext.swift /Users/runner/work/anivault/anivault/third_party/media_kit_video/ios/Classes/plugin/TextureHW.swift /Users/runner/work/anivault/anivault/third_party/media_kit_video/ios/Classes/plugin/common/TextureSW.swift /Users/runner/work/anivault/anivault/third_party/media_kit_video/ios/Classes/plugin/common/TextureSWContext.swift /Users/runner/work/anivault/anivault/third_party/media_kit_video/ios/Classes/plugin/common/UtilsProtocol.swift /Users/runner/work/anivault/anivault/third_party/media_kit_video/ios/Classes/plugin/common/VideoOutput.swift /Users/runner/work/anivault/anivault/third_party/media_kit_video/ios/Classes/plugin/common/VideoOutputConfiguration.swift /Users/runner/work/anivault/anivault/third_party/media_kit_video/ios/Classes/plugin/common/VideoOutputManager.swift /Users/runner/work/anivault/anivault/third_party/media_kit_video/ios/Classes/plugin/common/Worker.swift -supplementary-output-file-map /Users/runner/Library/Developer/Xcode/DerivedData/Runner-cxlsvnhjswijkndnlirzgjlztczd/Build/Intermediates.noindex/Pods.build/Release-iphoneos/media_kit_video.build/Objects-normal/arm64/supplementaryOutputs-2 -target arm64-apple-ios13.0 -Xllvm -aarch64-use-tbi -enable-objc-interop -stack-check -sdk /Applications/Xcode_15.4.app/Contents/Developer/Platforms/iPhoneOS.platform/Developer/SDKs/iPhoneOS17.5.sdk -I /Users/runner/Library/Developer/Xcode/DerivedData/Runner-cxlsvnhjswijkndnlirzgjlztczd/Build/Products/Release-iphoneos/media_kit_video -F /Users/runner/Library/Developer/Xcode/DerivedData/Runner-cxlsvnhjswijkndnlirzgjlztczd/Build/Products/Release-iphoneos/media_kit_video -F /Users/runner/hostedtoolcache/flutter/stable-3.44.4-arm64/flutter/bin/cache/artifacts/engine/ios-release/Flutter.xcframework/ios-arm64 -F /Users/runner/work/anivault/anivault/ios/.symlinks/plugins/media_kit_libs_ios_video/ios/Frameworks/.symlinks/mpv/ios -no-color-diagnostics -g -import-underlying-module -module-cache-path /Users/runner/Library/Developer/Xcode/DerivedData/ModuleCache.noindex -swift-version 5 -enforce-exclusivity\=checked -O -D COCOAPODS -serialize-debugging-options -const-gather-protocols-file /Users/runner/Library/Developer/Xcode/DerivedData/Runner-cxlsvnhjswijkndnlirzgjlztczd/Build/Intermediates.noindex/Pods.build/Release-iphoneos/media_kit_video.build/Objects-normal/arm64/media_kit_video_const_extract_protocols.json -enable-bare-slash-regex -empty-abi-descriptor -validate-clang-modules-once -clang-build-session-file /Users/runner/Library/Developer/Xcode/DerivedData/ModuleCache.noindex/Session.modulevalidation -Xcc -working-directory -Xcc /Users/runner/work/anivault/anivault/ios/Pods -resource-dir /Applications/Xcode_15.4.app/Contents/Developer/Toolchains/XcodeDefault.xctoolchain/usr/lib/swift -Xcc -ivfsstatcache -Xcc /Users/runner/Library/Developer/Xcode/DerivedData/SDKStatCaches.noindex/iphoneos17.5-21F77-f0fa7969d082b13145125136a829df3a.sdkstatcache -Xcc -I/Users/runner/Library/Developer/Xcode/DerivedData/Runner-cxlsvnhjswijkndnlirzgjlztczd/Build/Intermediates.noindex/Pods.build/Release-iphoneos/media_kit_video.build/swift-overrides.hmap -Xcc -iquote -Xcc /Users/runner/Library/Developer/Xcode/DerivedData/Runner-cxlsvnhjswijkndnlirzgjlztczd/Build/Intermediates.noindex/Pods.build/Release-iphoneos/media_kit_video.build/media_kit_video-generated-files.hmap -Xcc -I/Users/runner/Library/Developer/Xcode/DerivedData/Runner-cxlsvnhjswijkndnlirzgjlztczd/Build/Intermediates.noindex/Pods.build/Release-iphoneos/media_kit_video.build/media_kit_video-own-target-headers.hmap -Xcc -I/Users/runner/Library/Developer/Xcode/DerivedData/Runner-cxlsvnhjswijkndnlirzgjlztczd/Build/Intermediates.noindex/Pods.build/Release-iphoneos/media_kit_video.build/media_kit_video-all-non-framework-target-headers.hmap -Xcc -ivfsoverlay -Xcc /Users/runner/Library/Developer/Xcode/DerivedData/Runner-cxlsvnhjswijkndnlirzgjlztczd/Build/Intermediates.noindex/Pods.build/Release-iphoneos/media_kit_video.build/all-product-headers.yaml -Xcc -iquote -Xcc /Users/runner/Library/Developer/Xcode/DerivedData/Runner-cxlsvnhjswijkndnlirzgjlztczd/Build/Intermediates.noindex/Pods.build/Release-iphoneos/media_kit_video.build/media_kit_video-project-headers.hmap -Xcc -I/Users/runner/Library/Developer/Xcode/DerivedData/Runner-cxlsvnhjswijkndnlirzgjlztczd/Build/Products/Release-iphoneos/media_kit_video/include -Xcc -I/Users/runner/Library/Developer/Xcode/DerivedData/Runner-cxlsvnhjswijkndnlirzgjlztczd/Build/Intermediates.noindex/Pods.build/Release-iphoneos/media_kit_video.build/DerivedSources-normal/arm64 -Xcc -I/Users/runner/Library/Developer/Xcode/DerivedData/Runner-cxlsvnhjswijkndnlirzgjlztczd/Build/Intermediates.noindex/Pods.build/Release-iphoneos/media_kit_video.build/DerivedSources/arm64 -Xcc -I/Users/runner/Library/Developer/Xcode/DerivedData/Runner-cxlsvnhjswijkndnlirzgjlztczd/Build/Intermediates.noindex/Pods.build/Release-iphoneos/media_kit_video.build/DerivedSources -Xcc -DPOD_CONFIGURATION_RELEASE\=1 -Xcc -DCOCOAPODS\=1 -Xcc -DPOD_CONFIGURATION_RELEASE\=1\  -Xcc -DGL_SILENCE_DEPRECATION -Xcc -DCOREVIDEO_SILENCE_GL_DEPRECATION -Xcc -ivfsoverlay -Xcc /Users/runner/Library/Developer/Xcode/DerivedData/Runner-cxlsvnhjswijkndnlirzgjlztczd/Build/Intermediates.noindex/Pods.build/Release-iphoneos/media_kit_video.build/unextended-module-overlay.yaml -module-name media_kit_video -frontend-parseable-output -disable-clang-spi -target-sdk-version 17.5 -target-sdk-name iphoneos17.5 -external-plugin-path /Applications/Xcode_15.4.app/Contents/Developer/Platforms/iPhoneOS.platform/Developer/SDKs/iPhoneOS17.5.sdk/usr/lib/swift/host/plugins\#/Applications/Xcode_15.4.app/Contents/Developer/Platforms/iPhoneOS.platform/Developer/SDKs/iPhoneOS17.5.sdk/usr/bin/swift-plugin-server -external-plugin-path /Applications/Xcode_15.4.app/Contents/Developer/Platforms/iPhoneOS.platform/Developer/SDKs/iPhoneOS17.5.sdk/usr/local/lib/swift/host/plugins\#/Applications/Xcode_15.4.app/Contents/Developer/Platforms/iPhoneOS.platform/Developer/SDKs/iPhoneOS17.5.sdk/usr/bin/swift-plugin-server -external-plugin-path /Applications/Xcode_15.4.app/Contents/Developer/Platforms/iPhoneOS.platform/Developer/usr/lib/swift/host/plugins\#/Applications/Xcode_15.4.app/Contents/Developer/Platforms/iPhoneOS.platform/Developer/usr/bin/swift-plugin-server -external-plugin-path /Applications/Xcode_15.4.app/Contents/Developer/Platforms/iPhoneOS.platform/Developer/usr/local/lib/swift/host/plugins\#/Applications/Xcode_15.4.app/Contents/Developer/Platforms/iPhoneOS.platform/Developer/usr/bin/swift-plugin-server -plugin-path /Applications/Xcode_15.4.app/Contents/Developer/Toolchains/XcodeDefault.xctoolchain/usr/lib/swift/host/plugins -plugin-path /Applications/Xcode_15.4.app/Contents/Developer/Toolchains/XcodeDefault.xctoolchain/usr/local/lib/swift/host/plugins -enable-default-cmo -num-threads 3 -o /Users/runner/Library/Developer/Xcode/DerivedData/Runner-cxlsvnhjswijkndnlirzgjlztczd/Build/Intermediates.noindex/Pods.build/Release-iphoneos/media_kit_video.build/Objects-normal/arm64/MediaKitVideoPlugin.o -o /Users/runner/Library/Developer/Xcode/DerivedData/Runner-cxlsvnhjswijkndnlirzgjlztczd/Build/Intermediates.noindex/Pods.build/Release-iphoneos/media_kit_video.build/Objects-normal/arm64/MPVHelpers.o -o /Users/runner/Library/Developer/Xcode/DerivedData/Runner-cxlsvnhjswijkndnlirzgjlztczd/Build/Intermediates.noindex/Pods.build/Release-iphoneos/media_kit_video.build/Objects-normal/arm64/MPVVideoOutParams.o -o /Users/runner/Library/Developer/Xcode/DerivedData/Runner-cxlsvnhjswijkndnlirzgjlztczd/Build/Intermediates.noindex/Pods.build/Release-iphoneos/media_kit_video.build/Objects-normal/arm64/OpenGLESHelpers.o -o /Users/runner/Library/Developer/Xcode/DerivedData/Runner-cxlsvnhjswijkndnlirzgjlztczd/Build/Intermediates.noindex/Pods.build/Release-iphoneos/media_kit_video.build/Objects-normal/arm64/ResizableTextureProtocol.o -o /Users/runner/Library/Developer/Xcode/DerivedData/Runner-cxlsvnhjswijkndnlirzgjlztczd/Build/Intermediates.noindex/Pods.build/Release-iphoneos/media_kit_video.build/Objects-normal/arm64/SafeResizableTexture.o -o /Users/runner/Library/Developer/Xcode/DerivedData/Runner-cxlsvnhjswijkndnlirzgjlztczd/Build/Intermediates.noindex/Pods.build/Release-iphoneos/media_kit_video.build/Objects-normal/arm64/SwappableObjectManager.o -o /Users/runner/Library/Developer/Xcode/DerivedData/Runner-cxlsvnhjswijkndnlirzgjlztczd/Build/Intermediates.noindex/Pods.build/Release-iphoneos/media_kit_video.build/Objects-normal/arm64/TextureGLESContext.o -o /Users/runner/Library/Developer/Xcode/DerivedData/Runner-cxlsvnhjswijkndnlirzgjlztczd/Build/Intermediates.noindex/Pods.build/Release-iphoneos/media_kit_video.build/Objects-normal/arm64/TextureHW.o -o /Users/runner/Library/Developer/Xcode/DerivedData/Runner-cxlsvnhjswijkndnlirzgjlztczd/Build/Intermediates.noindex/Pods.build/Release-iphoneos/media_kit_video.build/Objects-normal/arm64/TextureSW.o -o /Users/runner/Library/Developer/Xcode/DerivedData/Runner-cxlsvnhjswijkndnlirzgjlztczd/Build/Intermediates.noindex/Pods.build/Release-iphoneos/media_kit_video.build/Objects-normal/arm64/TextureSWContext.o -o /Users/runner/Library/Developer/Xcode/DerivedData/Runner-cxlsvnhjswijkndnlirzgjlztczd/Build/Intermediates.noindex/Pods.build/Release-iphoneos/media_kit_video.build/Objects-normal/arm64/UtilsProtocol.o -o /Users/runner/Library/Developer/Xcode/DerivedData/Runner-cxlsvnhjswijkndnlirzgjlztczd/Build/Intermediates.noindex/Pods.build/Release-iphoneos/media_kit_video.build/Objects-normal/arm64/VideoOutput.o -o /Users/runner/Library/Developer/Xcode/DerivedData/Runner-cxlsvnhjswijkndnlirzgjlztczd/Build/Intermediates.noindex/Pods.build/Release-iphoneos/media_kit_video.build/Objects-normal/arm64/VideoOutputConfiguration.o -o /Users/runner/Library/Developer/Xcode/DerivedData/Runner-cxlsvnhjswijkndnlirzgjlztczd/Build/Intermediates.noindex/Pods.build/Release-iphoneos/media_kit_video.build/Objects-normal/arm64/VideoOutputManager.o -o /Users/runner/Library/Developer/Xcode/DerivedData/Runner-cxlsvnhjswijkndnlirzgjlztczd/Build/Intermediates.noindex/Pods.build/Release-iphoneos/media_kit_video.build/Objects-normal/arm64/Worker.o -index-unit-output-path /Pods.build/Release-iphoneos/media_kit_video.build/Objects-normal/arm64/MediaKitVideoPlugin.o -index-unit-output-path /Pods.build/Release-iphoneos/media_kit_video.build/Objects-normal/arm64/MPVHelpers.o -index-unit-output-path /Pods.build/Release-iphoneos/media_kit_video.build/Objects-normal/arm64/MPVVideoOutParams.o -index-unit-output-path /Pods.build/Release-iphoneos/media_kit_video.build/Objects-normal/arm64/OpenGLESHelpers.o -index-unit-output-path /Pods.build/Release-iphoneos/media_kit_video.build/Objects-normal/arm64/ResizableTextureProtocol.o -index-unit-output-path /Pods.build/Release-iphoneos/media_kit_video.build/Objects-normal/arm64/SafeResizableTexture.o -index-unit-output-path /Pods.build/Release-iphoneos/media_kit_video.build/Objects-normal/arm64/SwappableObjectManager.o -index-unit-output-path /Pods.build/Release-iphoneos/media_kit_video.build/Objects-normal/arm64/TextureGLESContext.o -index-unit-output-path /Pods.build/Release-iphoneos/media_kit_video.build/Objects-normal/arm64/TextureHW.o -index-unit-output-path /Pods.build/Release-iphoneos/media_kit_video.build/Objects-normal/arm64/TextureSW.o -index-unit-output-path /Pods.build/Release-iphoneos/media_kit_video.build/Objects-normal/arm64/TextureSWContext.o -index-unit-output-path /Pods.build/Release-iphoneos/media_kit_video.build/Objects-normal/arm64/UtilsProtocol.o -index-unit-output-path /Pods.build/Release-iphoneos/media_kit_video.build/Objects-normal/arm64/VideoOutput.o -index-unit-output-path /Pods.build/Release-iphoneos/media_kit_video.build/Objects-normal/arm64/VideoOutputConfiguration.o -index-unit-output-path /Pods.build/Release-iphoneos/media_kit_video.build/Objects-normal/arm64/VideoOutputManager.o -index-unit-output-path /Pods.build/Release-iphoneos/media_kit_video.build/Objects-normal/arm64/Worker.o
/Users/runner/work/anivault/anivault/third_party/media_kit_video/ios/Classes/plugin/gles/OpenGLESHelpers.swift:5:41: warning: 'EAGLContext' was deprecated in iOS 12.0: OpenGLES API deprecated. (Define GLES_SILENCE_DEPRECATION to silence these warnings)
  static public func createContext() -> EAGLContext {
                                        ^
/Users/runner/work/anivault/anivault/third_party/media_kit_video/ios/Classes/plugin/gles/OpenGLESHelpers.swift:11:16: warning: 'EAGLContext' was deprecated in iOS 12.0: OpenGLES API deprecated. (Define GLES_SILENCE_DEPRECATION to silence these warnings)
    _ context: EAGLContext
               ^
/Users/runner/work/anivault/anivault/third_party/media_kit_video/ios/Classes/plugin/gles/OpenGLESHelpers.swift:82:14: warning: 'EAGLContext' was deprecated in iOS 12.0: OpenGLES API deprecated. (Define GLES_SILENCE_DEPRECATION to silence these warnings)
    context: EAGLContext,
             ^
/Users/runner/work/anivault/anivault/third_party/media_kit_video/ios/Classes/plugin/gles/OpenGLESHelpers.swift:122:47: warning: 'EAGLContext' was deprecated in iOS 12.0: OpenGLES API deprecated. (Define GLES_SILENCE_DEPRECATION to silence these warnings)
  static public func deleteContext(_ context: EAGLContext) {
                                              ^
/Users/runner/work/anivault/anivault/third_party/media_kit_video/ios/Classes/plugin/gles/OpenGLESHelpers.swift:134:16: warning: 'EAGLContext' was deprecated in iOS 12.0: OpenGLES API deprecated. (Define GLES_SILENCE_DEPRECATION to silence these warnings)
    _ context: EAGLContext,
               ^
/Users/runner/work/anivault/anivault/third_party/media_kit_video/ios/Classes/plugin/gles/OpenGLESHelpers.swift:146:16: warning: 'EAGLContext' was deprecated in iOS 12.0: OpenGLES API deprecated. (Define GLES_SILENCE_DEPRECATION to silence these warnings)
    _ context: EAGLContext,
               ^
/Users/runner/work/anivault/anivault/third_party/media_kit_video/ios/Classes/plugin/gles/OpenGLESHelpers.swift:160:16: warning: 'EAGLContext' was deprecated in iOS 12.0: OpenGLES API deprecated. (Define GLES_SILENCE_DEPRECATION to silence these warnings)
    _ context: EAGLContext,
               ^
/Users/runner/work/anivault/anivault/third_party/media_kit_video/ios/Classes/plugin/gles/OpenGLESHelpers.swift:6:19: warning: 'EAGLContext' was deprecated in iOS 12.0: OpenGLES API deprecated. (Define GLES_SILENCE_DEPRECATION to silence these warnings)
    let context = EAGLContext(api: .openGLES3)
                  ^
/Users/runner/work/anivault/anivault/third_party/media_kit_video/ios/Classes/plugin/gles/OpenGLESHelpers.swift:86:5: warning: 'EAGLContext' was deprecated in iOS 12.0: OpenGLES API deprecated. (Define GLES_SILENCE_DEPRECATION to silence these warnings)
    EAGLContext.setCurrent(context)
    ^
/Users/runner/work/anivault/anivault/third_party/media_kit_video/ios/Classes/plugin/gles/OpenGLESHelpers.swift:89:7: warning: 'EAGLContext' was deprecated in iOS 12.0: OpenGLES API deprecated. (Define GLES_SILENCE_DEPRECATION to silence these warnings)
      EAGLContext.setCurrent(nil)
      ^
/Users/runner/work/anivault/anivault/third_party/media_kit_video/ios/Classes/plugin/gles/OpenGLESHelpers.swift:93:5: warning: 'glBindTexture' was deprecated in iOS 12.0: OpenGLES API deprecated. (Define GLES_SILENCE_DEPRECATION to silence these warnings)
    glBindTexture(GLenum(GL_TEXTURE_2D), textureName)
    ^
/Users/runner/work/anivault/anivault/third_party/media_kit_video/ios/Classes/plugin/gles/OpenGLESHelpers.swift:95:7: warning: 'glBindTexture' was deprecated in iOS 12.0: OpenGLES API deprecated. (Define GLES_SILENCE_DEPRECATION to silence these warnings)
      glBindTexture(GLenum(GL_TEXTURE_2D), 0)
      ^
/Users/runner/work/anivault/anivault/third_party/media_kit_video/ios/Classes/plugin/gles/OpenGLESHelpers.swift:99:5: warning: 'glGenFramebuffers' was deprecated in iOS 12.0: OpenGLES API deprecated. (Define GLES_SILENCE_DEPRECATION to silence these warnings)
    glGenFramebuffers(1, &frameBuffer)
    ^
/Users/runner/work/anivault/anivault/third_party/media_kit_video/ios/Classes/plugin/gles/OpenGLESHelpers.swift:100:5: warning: 'glBindFramebuffer' was deprecated in iOS 12.0: OpenGLES API deprecated. (Define GLES_SILENCE_DEPRECATION to silence these warnings)
    glBindFramebuffer(GLenum(GL_FRAMEBUFFER), frameBuffer)
    ^
/Users/runner/work/anivault/anivault/third_party/media_kit_video/ios/Classes/plugin/gles/OpenGLESHelpers.swift:102:7: warning: 'glBindFramebuffer' was deprecated in iOS 12.0: OpenGLES API deprecated. (Define GLES_SILENCE_DEPRECATION to silence these warnings)
      glBindFramebuffer(GLenum(GL_FRAMEBUFFER), 0)
      ^
/Users/runner/work/anivault/anivault/third_party/media_kit_video/ios/Classes/plugin/gles/OpenGLESHelpers.swift:105:5: warning: 'glFramebufferTexture2D' was deprecated in iOS 12.0: OpenGLES API deprecated. (Define GLES_SILENCE_DEPRECATION to silence these warnings)
    glFramebufferTexture2D(
    ^
/Users/runner/work/anivault/anivault/third_party/media_kit_video/ios/Classes/plugin/gles/OpenGLESHelpers.swift:113:18: warning: 'glCheckFramebufferStatus' was deprecated in iOS 12.0: OpenGLES API deprecated. (Define GLES_SILENCE_DEPRECATION to silence these warnings)
    let status = glCheckFramebufferStatus(GLenum(GL_FRAMEBUFFER))
                 ^
/Users/runner/work/anivault/anivault/third_party/media_kit_video/ios/Classes/plugin/gles/OpenGLESHelpers.swift:115:7: warning: 'glDeleteFramebuffers' was deprecated in iOS 12.0: OpenGLES API deprecated. (Define GLES_SILENCE_DEPRECATION to silence these warnings)
      glDeleteFramebuffers(1, &frameBuffer)
      ^
/Users/runner/work/anivault/anivault/third_party/media_kit_video/ios/Classes/plugin/gles/OpenGLESHelpers.swift:149:5: warning: 'EAGLContext' was deprecated in iOS 12.0: OpenGLES API deprecated. (Define GLES_SILENCE_DEPRECATION to silence these warnings)
    EAGLContext.setCurrent(context)
    ^
/Users/runner/work/anivault/anivault/third_party/media_kit_video/ios/Classes/plugin/gles/OpenGLESHelpers.swift:152:7: warning: 'EAGLContext' was deprecated in iOS 12.0: OpenGLES API deprecated. (Define GLES_SILENCE_DEPRECATION to silence these warnings)
      EAGLContext.setCurrent(nil)
      ^
/Users/runner/work/anivault/anivault/third_party/media_kit_video/ios/Classes/plugin/gles/OpenGLESHelpers.swift:156:5: warning: 'glDeleteTextures' was deprecated in iOS 12.0: OpenGLES API deprecated. (Define GLES_SILENCE_DEPRECATION to silence these warnings)
    glDeleteTextures(1, &textureName)
    ^
/Users/runner/work/anivault/anivault/third_party/media_kit_video/ios/Classes/plugin/gles/OpenGLESHelpers.swift:163:5: warning: 'EAGLContext' was deprecated in iOS 12.0: OpenGLES API deprecated. (Define GLES_SILENCE_DEPRECATION to silence these warnings)
    EAGLContext.setCurrent(context)
    ^
/Users/runner/work/anivault/anivault/third_party/media_kit_video/ios/Classes/plugin/gles/OpenGLESHelpers.swift:166:7: warning: 'EAGLContext' was deprecated in iOS 12.0: OpenGLES API deprecated. (Define GLES_SILENCE_DEPRECATION to silence these warnings)
      EAGLContext.setCurrent(nil)
      ^
/Users/runner/work/anivault/anivault/third_party/media_kit_video/ios/Classes/plugin/gles/OpenGLESHelpers.swift:170:5: warning: 'glDeleteFramebuffers' was deprecated in iOS 12.0: OpenGLES API deprecated. (Define GLES_SILENCE_DEPRECATION to silence these warnings)
    glDeleteFramebuffers(1, &frameBuffer)
    ^
/Users/runner/work/anivault/anivault/third_party/media_kit_video/ios/Classes/plugin/gles/OpenGLESHelpers.swift:174:17: warning: 'glGetError()' was deprecated in iOS 12.0: OpenGLES API deprecated. (Define GLES_SILENCE_DEPRECATION to silence these warnings)
    let error = glGetError()
                ^
/Users/runner/work/anivault/anivault/third_party/media_kit_video/ios/Classes/plugin/gles/TextureGLESContext.swift:2:24: warning: 'EAGLContext' was deprecated in iOS 12.0: OpenGLES API deprecated. (Define GLES_SILENCE_DEPRECATION to silence these warnings)
  private let context: EAGLContext
                       ^
/Users/runner/work/anivault/anivault/third_party/media_kit_video/ios/Classes/plugin/gles/TextureGLESContext.swift:8:14: warning: 'EAGLContext' was deprecated in iOS 12.0: OpenGLES API deprecated. (Define GLES_SILENCE_DEPRECATION to silence these warnings)
    context: EAGLContext,
             ^
/Users/runner/work/anivault/anivault/third_party/media_kit_video/ios/Classes/plugin/gles/TextureGLESContext.swift:20:9: warning: immutable value 'index' was never used; consider replacing with '_' or removing it
    for index in 0...3 {
        ^~~~~
        _
/Users/runner/work/anivault/anivault/third_party/media_kit_video/ios/Classes/plugin/TextureHW.swift:9:24: warning: 'EAGLContext' was deprecated in iOS 12.0: OpenGLES API deprecated. (Define GLES_SILENCE_DEPRECATION to silence these warnings)
  private let context: EAGLContext
                       ^
/Users/runner/work/anivault/anivault/third_party/media_kit_video/ios/Classes/plugin/TextureHW.swift:53:5: warning: 'EAGLContext' was deprecated in iOS 12.0: OpenGLES API deprecated. (Define GLES_SILENCE_DEPRECATION to silence these warnings)
    EAGLContext.setCurrent(context)
    ^
/Users/runner/work/anivault/anivault/third_party/media_kit_video/ios/Classes/plugin/TextureHW.swift:56:7: warning: 'EAGLContext' was deprecated in iOS 12.0: OpenGLES API deprecated. (Define GLES_SILENCE_DEPRECATION to silence these warnings)
      EAGLContext.setCurrent(nil)
      ^
/Users/runner/work/anivault/anivault/third_party/media_kit_video/ios/Classes/plugin/TextureHW.swift:101:5: warning: 'EAGLContext' was deprecated in iOS 12.0: OpenGLES API deprecated. (Define GLES_SILENCE_DEPRECATION to silence these warnings)
    EAGLContext.setCurrent(context)
    ^
/Users/runner/work/anivault/anivault/third_party/media_kit_video/ios/Classes/plugin/TextureHW.swift:104:7: warning: 'EAGLContext' was deprecated in iOS 12.0: OpenGLES API deprecated. (Define GLES_SILENCE_DEPRECATION to silence these warnings)
      EAGLContext.setCurrent(nil)
      ^
/Users/runner/work/anivault/anivault/third_party/media_kit_video/ios/Classes/plugin/TextureHW.swift:155:5: warning: 'EAGLContext' was deprecated in iOS 12.0: OpenGLES API deprecated. (Define GLES_SILENCE_DEPRECATION to silence these warnings)
    EAGLContext.setCurrent(context)
    ^
/Users/runner/work/anivault/anivault/third_party/media_kit_video/ios/Classes/plugin/TextureHW.swift:158:7: warning: 'EAGLContext' was deprecated in iOS 12.0: OpenGLES API deprecated. (Define GLES_SILENCE_DEPRECATION to silence these warnings)
      EAGLContext.setCurrent(nil)
      ^
/Users/runner/work/anivault/anivault/third_party/media_kit_video/ios/Classes/plugin/TextureHW.swift:161:5: warning: 'glBindFramebuffer' was deprecated in iOS 12.0: OpenGLES API deprecated. (Define GLES_SILENCE_DEPRECATION to silence these warnings)
    glBindFramebuffer(GLenum(GL_FRAMEBUFFER), textureContext!.frameBuffer)
    ^
/Users/runner/work/anivault/anivault/third_party/media_kit_video/ios/Classes/plugin/TextureHW.swift:163:7: warning: 'glBindFramebuffer' was deprecated in iOS 12.0: OpenGLES API deprecated. (Define GLES_SILENCE_DEPRECATION to silence these warnings)
      glBindFramebuffer(GLenum(GL_FRAMEBUFFER), 0)
      ^
/Users/runner/work/anivault/anivault/third_party/media_kit_video/ios/Classes/plugin/TextureHW.swift:181:5: warning: 'glFlush()' was deprecated in iOS 12.0: OpenGLES API deprecated. (Define GLES_SILENCE_DEPRECATION to silence these warnings)
    glFlush()
    ^

SwiftCompile normal arm64 Compiling\ resource_bundle_accessor.swift,\ FileSelectorPlugin.swift,\ ViewPresenter.swift,\ messages.g.swift /Users/runner/Library/Developer/Xcode/DerivedData/Runner-cxlsvnhjswijkndnlirzgjlztczd/Build/Intermediates.noindex/file_selector_ios.build/Release-iphoneos/file_selector_ios.build/DerivedSources/resource_bundle_accessor.swift /Users/runner/.pub-cache/hosted/pub.dev/file_selector_ios-0.5.3+5/ios/file_selector_ios/Sources/file_selector_ios/FileSelectorPlugin.swift /Users/runner/.pub-cache/hosted/pub.dev/file_selector_ios-0.5.3+5/ios/file_selector_ios/Sources/file_selector_ios/ViewPresenter.swift /Users/runner/.pub-cache/hosted/pub.dev/file_selector_ios-0.5.3+5/ios/file_selector_ios/Sources/file_selector_ios/messages.g.swift (in target 'file_selector_ios' from project 'file_selector_ios')
    cd /Users/runner/work/anivault/anivault/ios/Flutter/ephemeral/Packages/.packages/file_selector_ios-0.5.3+5
    builtin-swiftTaskExecution -- /Applications/Xcode_15.4.app/Contents/Developer/Toolchains/XcodeDefault.xctoolchain/usr/bin/swift-frontend -frontend -c /Users/runner/Library/Developer/Xcode/DerivedData/Runner-cxlsvnhjswijkndnlirzgjlztczd/Build/Intermediates.noindex/file_selector_ios.build/Release-iphoneos/file_selector_ios.build/DerivedSources/resource_bundle_accessor.swift /Users/runner/.pub-cache/hosted/pub.dev/file_selector_ios-0.5.3+5/ios/file_selector_ios/Sources/file_selector_ios/FileSelectorPlugin.swift /Users/runner/.pub-cache/hosted/pub.dev/file_selector_ios-0.5.3+5/ios/file_selector_ios/Sources/file_selector_ios/ViewPresenter.swift /Users/runner/.pub-cache/hosted/pub.dev/file_selector_ios-0.5.3+5/ios/file_selector_ios/Sources/file_selector_ios/messages.g.swift -supplementary-output-file-map /Users/runner/Library/Developer/Xcode/DerivedData/Runner-cxlsvnhjswijkndnlirzgjlztczd/Build/Intermediates.noindex/file_selector_ios.build/Release-iphoneos/file_selector_ios.build/Objects-normal/arm64/supplementaryOutputs-3 -target arm64-apple-ios13.0 -Xllvm -aarch64-use-tbi -enable-objc-interop -stack-check -sdk /Applications/Xcode_15.4.app/Contents/Developer/Platforms/iPhoneOS.platform/Developer/SDKs/iPhoneOS17.5.sdk -I /Users/runner/Library/Developer/Xcode/DerivedData/Runner-cxlsvnhjswijkndnlirzgjlztczd/Build/Products/Release-iphoneos -I /Applications/Xcode_15.4.app/Contents/Developer/Platforms/iPhoneOS.platform/Developer/usr/lib -F /Users/runner/Library/Developer/Xcode/DerivedData/Runner-cxlsvnhjswijkndnlirzgjlztczd/Build/Products/Release-iphoneos -F /Applications/Xcode_15.4.app/Contents/Developer/Platforms/iPhoneOS.platform/Developer/Library/Frameworks -F /Applications/Xcode_15.4.app/Contents/Developer/Platforms/iPhoneOS.platform/Developer/SDKs/iPhoneOS17.5.sdk/Developer/Library/Frameworks -no-color-diagnostics -g -module-cache-path /Users/runner/Library/Developer/Xcode/DerivedData/ModuleCache.noindex -suppress-warnings -swift-version 5 -enforce-exclusivity\=checked -O -D SWIFT_PACKAGE -D Xcode -serialize-debugging-options -package-name file_selector_ios_0_5_3_5 -const-gather-protocols-file /Users/runner/Library/Developer/Xcode/DerivedData/Runner-cxlsvnhjswijkndnlirzgjlztczd/Build/Intermediates.noindex/file_selector_ios.build/Release-iphoneos/file_selector_ios.build/Objects-normal/arm64/file_selector_ios_const_extract_protocols.json -empty-abi-descriptor -validate-clang-modules-once -clang-build-session-file /Users/runner/Library/Developer/Xcode/DerivedData/ModuleCache.noindex/Session.modulevalidation -Xcc -working-directory -Xcc /Users/runner/work/anivault/anivault/ios/Flutter/ephemeral/Packages/.packages/file_selector_ios-0.5.3+5 -resource-dir /Applications/Xcode_15.4.app/Contents/Developer/Toolchains/XcodeDefault.xctoolchain/usr/lib/swift -Xcc -ivfsstatcache -Xcc /Users/runner/Library/Developer/Xcode/DerivedData/SDKStatCaches.noindex/iphoneos17.5-21F77-f0fa7969d082b13145125136a829df3a.sdkstatcache -Xcc -I/Users/runner/Library/Developer/Xcode/DerivedData/Runner-cxlsvnhjswijkndnlirzgjlztczd/Build/Intermediates.noindex/file_selector_ios.build/Release-iphoneos/file_selector_ios.build/swift-overrides.hmap -Xcc -I/Users/runner/Library/Developer/Xcode/DerivedData/Runner-cxlsvnhjswijkndnlirzgjlztczd/Build/Products/Release-iphoneos/include -Xcc -I/Users/runner/work/anivault/anivault/ios/Flutter/ephemeral/Packages/.packages/file_selector_ios-0.5.3+5/Sources/file_selector_ios/include/file_selector_ios -Xcc -I/Users/runner/Library/Developer/Xcode/DerivedData/Runner-cxlsvnhjswijkndnlirzgjlztczd/Build/Intermediates.noindex/file_selector_ios.build/Release-iphoneos/file_selector_ios.build/DerivedSources-normal/arm64 -Xcc -I/Users/runner/Library/Developer/Xcode/DerivedData/Runner-cxlsvnhjswijkndnlirzgjlztczd/Build/Intermediates.noindex/file_selector_ios.build/Release-iphoneos/file_selector_ios.build/DerivedSources/arm64 -Xcc -I/Users/runner/Library/Developer/Xcode/DerivedData/Runner-cxlsvnhjswijkndnlirzgjlztczd/Build/Intermediates.noindex/file_selector_ios.build/Release-iphoneos/file_selector_ios.build/DerivedSources -Xcc -DSWIFT_PACKAGE -module-name file_selector_ios -frontend-parseable-output -disable-clang-spi -target-sdk-version 17.5 -target-sdk-name iphoneos17.5 -external-plugin-path /Applications/Xcode_15.4.app/Contents/Developer/Platforms/iPhoneOS.platform/Developer/SDKs/iPhoneOS17.5.sdk/usr/lib/swift/host/plugins\#/Applications/Xcode_15.4.app/Contents/Developer/Platforms/iPhoneOS.platform/Developer/SDKs/iPhoneOS17.5.sdk/usr/bin/swift-plugin-server -external-plugin-path /Applications/Xcode_15.4.app/Contents/Developer/Platforms/iPhoneOS.platform/Developer/SDKs/iPhoneOS17.5.sdk/usr/local/lib/swift/host/plugins\#/Applications/Xcode_15.4.app/Contents/Developer/Platforms/iPhoneOS.platform/Developer/SDKs/iPhoneOS17.5.sdk/usr/bin/swift-plugin-server -external-plugin-path /Applications/Xcode_15.4.app/Contents/Developer/Platforms/iPhoneOS.platform/Developer/usr/lib/swift/host/plugins\#/Applications/Xcode_15.4.app/Contents/Developer/Platforms/iPhoneOS.platform/Developer/usr/bin/swift-plugin-server -external-plugin-path /Applications/Xcode_15.4.app/Contents/Developer/Platforms/iPhoneOS.platform/Developer/usr/local/lib/swift/host/plugins\#/Applications/Xcode_15.4.app/Contents/Developer/Platforms/iPhoneOS.platform/Developer/usr/bin/swift-plugin-server -plugin-path /Applications/Xcode_15.4.app/Contents/Developer/Toolchains/XcodeDefault.xctoolchain/usr/lib/swift/host/plugins -plugin-path /Applications/Xcode_15.4.app/Contents/Developer/Toolchains/XcodeDefault.xctoolchain/usr/local/lib/swift/host/plugins -enable-default-cmo -num-threads 3 -o /Users/runner/Library/Developer/Xcode/DerivedData/Runner-cxlsvnhjswijkndnlirzgjlztczd/Build/Intermediates.noindex/file_selector_ios.build/Release-iphoneos/file_selector_ios.build/Objects-normal/arm64/resource_bundle_accessor.o -o /Users/runner/Library/Developer/Xcode/DerivedData/Runner-cxlsvnhjswijkndnlirzgjlztczd/Build/Intermediates.noindex/file_selector_ios.build/Release-iphoneos/file_selector_ios.build/Objects-normal/arm64/FileSelectorPlugin.o -o /Users/runner/Library/Developer/Xcode/DerivedData/Runner-cxlsvnhjswijkndnlirzgjlztczd/Build/Intermediates.noindex/file_selector_ios.build/Release-iphoneos/file_selector_ios.build/Objects-normal/arm64/ViewPresenter.o -o /Users/runner/Library/Developer/Xcode/DerivedData/Runner-cxlsvnhjswijkndnlirzgjlztczd/Build/Intermediates.noindex/file_selector_ios.build/Release-iphoneos/file_selector_ios.build/Objects-normal/arm64/messages.g.o -index-unit-output-path /file_selector_ios.build/Release-iphoneos/file_selector_ios.build/Objects-normal/arm64/resource_bundle_accessor.o -index-unit-output-path /file_selector_ios.build/Release-iphoneos/file_selector_ios.build/Objects-normal/arm64/FileSelectorPlugin.o -index-unit-output-path /file_selector_ios.build/Release-iphoneos/file_selector_ios.build/Objects-normal/arm64/ViewPresenter.o -index-unit-output-path /file_selector_ios.build/Release-iphoneos/file_selector_ios.build/Objects-normal/arm64/messages.g.o

CompileSwift normal arm64 (in target 'file_selector_ios' from project 'file_selector_ios')
    cd /Users/runner/work/anivault/anivault/ios/Flutter/ephemeral/Packages/.packages/file_selector_ios-0.5.3+5
    /Applications/Xcode_15.4.app/Contents/Developer/Toolchains/XcodeDefault.xctoolchain/usr/bin/swift-frontend -c /Users/runner/Library/Developer/Xcode/DerivedData/Runner-cxlsvnhjswijkndnlirzgjlztczd/Build/Intermediates.noindex/file_selector_ios.build/Release-iphoneos/file_selector_ios.build/DerivedSources/resource_bundle_accessor.swift /Users/runner/.pub-cache/hosted/pub.dev/file_selector_ios-0.5.3+5/ios/file_selector_ios/Sources/file_selector_ios/FileSelectorPlugin.swift /Users/runner/.pub-cache/hosted/pub.dev/file_selector_ios-0.5.3+5/ios/file_selector_ios/Sources/file_selector_ios/ViewPresenter.swift /Users/runner/.pub-cache/hosted/pub.dev/file_selector_ios-0.5.3+5/ios/file_selector_ios/Sources/file_selector_ios/messages.g.swift -supplementary-output-file-map /Users/runner/Library/Developer/Xcode/DerivedData/Runner-cxlsvnhjswijkndnlirzgjlztczd/Build/Intermediates.noindex/file_selector_ios.build/Release-iphoneos/file_selector_ios.build/Objects-normal/arm64/supplementaryOutputs-3 -target arm64-apple-ios13.0 -Xllvm -aarch64-use-tbi -enable-objc-interop -stack-check -sdk /Applications/Xcode_15.4.app/Contents/Developer/Platforms/iPhoneOS.platform/Developer/SDKs/iPhoneOS17.5.sdk -I /Users/runner/Library/Developer/Xcode/DerivedData/Runner-cxlsvnhjswijkndnlirzgjlztczd/Build/Products/Release-iphoneos -I /Applications/Xcode_15.4.app/Contents/Developer/Platforms/iPhoneOS.platform/Developer/usr/lib -F /Users/runner/Library/Developer/Xcode/DerivedData/Runner-cxlsvnhjswijkndnlirzgjlztczd/Build/Products/Release-iphoneos -F /Applications/Xcode_15.4.app/Contents/Developer/Platforms/iPhoneOS.platform/Developer/Library/Frameworks -F /Applications/Xcode_15.4.app/Contents/Developer/Platforms/iPhoneOS.platform/Developer/SDKs/iPhoneOS17.5.sdk/Developer/Library/Frameworks -no-color-diagnostics -g -module-cache-path /Users/runner/Library/Developer/Xcode/DerivedData/ModuleCache.noindex -suppress-warnings -swift-version 5 -enforce-exclusivity\=checked -O -D SWIFT_PACKAGE -D Xcode -serialize-debugging-options -package-name file_selector_ios_0_5_3_5 -const-gather-protocols-file /Users/runner/Library/Developer/Xcode/DerivedData/Runner-cxlsvnhjswijkndnlirzgjlztczd/Build/Intermediates.noindex/file_selector_ios.build/Release-iphoneos/file_selector_ios.build/Objects-normal/arm64/file_selector_ios_const_extract_protocols.json -empty-abi-descriptor -validate-clang-modules-once -clang-build-session-file /Users/runner/Library/Developer/Xcode/DerivedData/ModuleCache.noindex/Session.modulevalidation -Xcc -working-directory -Xcc /Users/runner/work/anivault/anivault/ios/Flutter/ephemeral/Packages/.packages/file_selector_ios-0.5.3+5 -resource-dir /Applications/Xcode_15.4.app/Contents/Developer/Toolchains/XcodeDefault.xctoolchain/usr/lib/swift -Xcc -ivfsstatcache -Xcc /Users/runner/Library/Developer/Xcode/DerivedData/SDKStatCaches.noindex/iphoneos17.5-21F77-f0fa7969d082b13145125136a829df3a.sdkstatcache -Xcc -I/Users/runner/Library/Developer/Xcode/DerivedData/Runner-cxlsvnhjswijkndnlirzgjlztczd/Build/Intermediates.noindex/file_selector_ios.build/Release-iphoneos/file_selector_ios.build/swift-overrides.hmap -Xcc -I/Users/runner/Library/Developer/Xcode/DerivedData/Runner-cxlsvnhjswijkndnlirzgjlztczd/Build/Products/Release-iphoneos/include -Xcc -I/Users/runner/work/anivault/anivault/ios/Flutter/ephemeral/Packages/.packages/file_selector_ios-0.5.3+5/Sources/file_selector_ios/include/file_selector_ios -Xcc -I/Users/runner/Library/Developer/Xcode/DerivedData/Runner-cxlsvnhjswijkndnlirzgjlztczd/Build/Intermediates.noindex/file_selector_ios.build/Release-iphoneos/file_selector_ios.build/DerivedSources-normal/arm64 -Xcc -I/Users/runner/Library/Developer/Xcode/DerivedData/Runner-cxlsvnhjswijkndnlirzgjlztczd/Build/Intermediates.noindex/file_selector_ios.build/Release-iphoneos/file_selector_ios.build/DerivedSources/arm64 -Xcc -I/Users/runner/Library/Developer/Xcode/DerivedData/Runner-cxlsvnhjswijkndnlirzgjlztczd/Build/Intermediates.noindex/file_selector_ios.build/Release-iphoneos/file_selector_ios.build/DerivedSources -Xcc -DSWIFT_PACKAGE -module-name file_selector_ios -frontend-parseable-output -disable-clang-spi -target-sdk-version 17.5 -target-sdk-name iphoneos17.5 -external-plugin-path /Applications/Xcode_15.4.app/Contents/Developer/Platforms/iPhoneOS.platform/Developer/SDKs/iPhoneOS17.5.sdk/usr/lib/swift/host/plugins\#/Applications/Xcode_15.4.app/Contents/Developer/Platforms/iPhoneOS.platform/Developer/SDKs/iPhoneOS17.5.sdk/usr/bin/swift-plugin-server -external-plugin-path /Applications/Xcode_15.4.app/Contents/Developer/Platforms/iPhoneOS.platform/Developer/SDKs/iPhoneOS17.5.sdk/usr/local/lib/swift/host/plugins\#/Applications/Xcode_15.4.app/Contents/Developer/Platforms/iPhoneOS.platform/Developer/SDKs/iPhoneOS17.5.sdk/usr/bin/swift-plugin-server -external-plugin-path /Applications/Xcode_15.4.app/Contents/Developer/Platforms/iPhoneOS.platform/Developer/usr/lib/swift/host/plugins\#/Applications/Xcode_15.4.app/Contents/Developer/Platforms/iPhoneOS.platform/Developer/usr/bin/swift-plugin-server -external-plugin-path /Applications/Xcode_15.4.app/Contents/Developer/Platforms/iPhoneOS.platform/Developer/usr/local/lib/swift/host/plugins\#/Applications/Xcode_15.4.app/Contents/Developer/Platforms/iPhoneOS.platform/Developer/usr/bin/swift-plugin-server -plugin-path /Applications/Xcode_15.4.app/Contents/Developer/Toolchains/XcodeDefault.xctoolchain/usr/lib/swift/host/plugins -plugin-path /Applications/Xcode_15.4.app/Contents/Developer/Toolchains/XcodeDefault.xctoolchain/usr/local/lib/swift/host/plugins -enable-default-cmo -num-threads 3 -o /Users/runner/Library/Developer/Xcode/DerivedData/Runner-cxlsvnhjswijkndnlirzgjlztczd/Build/Intermediates.noindex/file_selector_ios.build/Release-iphoneos/file_selector_ios.build/Objects-normal/arm64/resource_bundle_accessor.o -o /Users/runner/Library/Developer/Xcode/DerivedData/Runner-cxlsvnhjswijkndnlirzgjlztczd/Build/Intermediates.noindex/file_selector_ios.build/Release-iphoneos/file_selector_ios.build/Objects-normal/arm64/FileSelectorPlugin.o -o /Users/runner/Library/Developer/Xcode/DerivedData/Runner-cxlsvnhjswijkndnlirzgjlztczd/Build/Intermediates.noindex/file_selector_ios.build/Release-iphoneos/file_selector_ios.build/Objects-normal/arm64/ViewPresenter.o -o /Users/runner/Library/Developer/Xcode/DerivedData/Runner-cxlsvnhjswijkndnlirzgjlztczd/Build/Intermediates.noindex/file_selector_ios.build/Release-iphoneos/file_selector_ios.build/Objects-normal/arm64/messages.g.o -index-unit-output-path /file_selector_ios.build/Release-iphoneos/file_selector_ios.build/Objects-normal/arm64/resource_bundle_accessor.o -index-unit-output-path /file_selector_ios.build/Release-iphoneos/file_selector_ios.build/Objects-normal/arm64/FileSelectorPlugin.o -index-unit-output-path /file_selector_ios.build/Release-iphoneos/file_selector_ios.build/Objects-normal/arm64/ViewPresenter.o -index-unit-output-path /file_selector_ios.build/Release-iphoneos/file_selector_ios.build/Objects-normal/arm64/messages.g.o

SwiftDriverJobDiscovery normal arm64 Compiling resource_bundle_accessor.swift, SharedPreferencesPlugin.swift, messages.g.swift (in target 'shared_preferences_foundation' from project 'shared_preferences_foundation')

SwiftCompile normal arm64 Compiling\ FlutterFramework.swift /Users/runner/work/anivault/anivault/ios/Flutter/ephemeral/Packages/.packages/FlutterFramework/Sources/FlutterFramework/FlutterFramework.swift (in target 'FlutterFramework' from project 'FlutterFramework')
    cd /Users/runner/work/anivault/anivault/ios/Flutter/ephemeral/Packages/.packages/FlutterFramework
    builtin-swiftTaskExecution -- /Applications/Xcode_15.4.app/Contents/Developer/Toolchains/XcodeDefault.xctoolchain/usr/bin/swift-frontend -frontend -c /Users/runner/work/anivault/anivault/ios/Flutter/ephemeral/Packages/.packages/FlutterFramework/Sources/FlutterFramework/FlutterFramework.swift -emit-module-path /Users/runner/Library/Developer/Xcode/DerivedData/Runner-cxlsvnhjswijkndnlirzgjlztczd/Build/Intermediates.noindex/FlutterFramework.build/Release-iphoneos/FlutterFramework.build/Objects-normal/arm64/FlutterFramework.swiftmodule -emit-module-doc-path /Users/runner/Library/Developer/Xcode/DerivedData/Runner-cxlsvnhjswijkndnlirzgjlztczd/Build/Intermediates.noindex/FlutterFramework.build/Release-iphoneos/FlutterFramework.build/Objects-normal/arm64/FlutterFramework.swiftdoc -emit-module-source-info-path /Users/runner/Library/Developer/Xcode/DerivedData/Runner-cxlsvnhjswijkndnlirzgjlztczd/Build/Intermediates.noindex/FlutterFramework.build/Release-iphoneos/FlutterFramework.build/Objects-normal/arm64/FlutterFramework.swiftsourceinfo -emit-dependencies-path /Users/runner/Library/Developer/Xcode/DerivedData/Runner-cxlsvnhjswijkndnlirzgjlztczd/Build/Intermediates.noindex/FlutterFramework.build/Release-iphoneos/FlutterFramework.build/Objects-normal/arm64/FlutterFramework-master.d -emit-const-values-path /Users/runner/Library/Developer/Xcode/DerivedData/Runner-cxlsvnhjswijkndnlirzgjlztczd/Build/Intermediates.noindex/FlutterFramework.build/Release-iphoneos/FlutterFramework.build/Objects-normal/arm64/FlutterFramework-master.swiftconstvalues -serialize-diagnostics-path /Users/runner/Library/Developer/Xcode/DerivedData/Runner-cxlsvnhjswijkndnlirzgjlztczd/Build/Intermediates.noindex/FlutterFramework.build/Release-iphoneos/FlutterFramework.build/Objects-normal/arm64/FlutterFramework-master.dia -emit-objc-header-path /Users/runner/Library/Developer/Xcode/DerivedData/Runner-cxlsvnhjswijkndnlirzgjlztczd/Build/Intermediates.noindex/FlutterFramework.build/Release-iphoneos/FlutterFramework.build/Objects-normal/arm64/FlutterFramework-Swift.h -emit-abi-descriptor-path /Users/runner/Library/Developer/Xcode/DerivedData/Runner-cxlsvnhjswijkndnlirzgjlztczd/Build/Intermediates.noindex/FlutterFramework.build/Release-iphoneos/FlutterFramework.build/Objects-normal/arm64/FlutterFramework.abi.json -target arm64-apple-ios12.0 -Xllvm -aarch64-use-tbi -enable-objc-interop -sdk /Applications/Xcode_15.4.app/Contents/Developer/Platforms/iPhoneOS.platform/Developer/SDKs/iPhoneOS17.5.sdk -I /Users/runner/Library/Developer/Xcode/DerivedData/Runner-cxlsvnhjswijkndnlirzgjlztczd/Build/Products/Release-iphoneos -I /Applications/Xcode_15.4.app/Contents/Developer/Platforms/iPhoneOS.platform/Developer/usr/lib -F /Users/runner/Library/Developer/Xcode/DerivedData/Runner-cxlsvnhjswijkndnlirzgjlztczd/Build/Products/Release-iphoneos -F /Applications/Xcode_15.4.app/Contents/Developer/Platforms/iPhoneOS.platform/Developer/Library/Frameworks -F /Applications/Xcode_15.4.app/Contents/Developer/Platforms/iPhoneOS.platform/Developer/SDKs/iPhoneOS17.5.sdk/Developer/Library/Frameworks -no-color-diagnostics -g -module-cache-path /Users/runner/Library/Developer/Xcode/DerivedData/ModuleCache.noindex -suppress-warnings -swift-version 5 -enforce-exclusivity\=checked -O -D SWIFT_PACKAGE -D Xcode -serialize-debugging-options -package-name flutterframework -const-gather-protocols-file /Users/runner/Library/Developer/Xcode/DerivedData/Runner-cxlsvnhjswijkndnlirzgjlztczd/Build/Intermediates.noindex/FlutterFramework.build/Release-iphoneos/FlutterFramework.build/Objects-normal/arm64/FlutterFramework_const_extract_protocols.json -empty-abi-descriptor -validate-clang-modules-once -clang-build-session-file /Users/runner/Library/Developer/Xcode/DerivedData/ModuleCache.noindex/Session.modulevalidation -Xcc -working-directory -Xcc /Users/runner/work/anivault/anivault/ios/Flutter/ephemeral/Packages/.packages/FlutterFramework -resource-dir /Applications/Xcode_15.4.app/Contents/Developer/Toolchains/XcodeDefault.xctoolchain/usr/lib/swift -Xcc -ivfsstatcache -Xcc /Users/runner/Library/Developer/Xcode/DerivedData/SDKStatCaches.noindex/iphoneos17.5-21F77-f0fa7969d082b13145125136a829df3a.sdkstatcache -Xcc -I/Users/runner/Library/Developer/Xcode/DerivedData/Runner-cxlsvnhjswijkndnlirzgjlztczd/Build/Intermediates.noindex/FlutterFramework.build/Release-iphoneos/FlutterFramework.build/swift-overrides.hmap -Xcc -I/Users/runner/Library/Developer/Xcode/DerivedData/Runner-cxlsvnhjswijkndnlirzgjlztczd/Build/Products/Release-iphoneos/include -Xcc -I/Users/runner/Library/Developer/Xcode/DerivedData/Runner-cxlsvnhjswijkndnlirzgjlztczd/Build/Intermediates.noindex/FlutterFramework.build/Release-iphoneos/FlutterFramework.build/DerivedSources-normal/arm64 -Xcc -I/Users/runner/Library/Developer/Xcode/DerivedData/Runner-cxlsvnhjswijkndnlirzgjlztczd/Build/Intermediates.noindex/FlutterFramework.build/Release-iphoneos/FlutterFramework.build/DerivedSources/arm64 -Xcc -I/Users/runner/Library/Developer/Xcode/DerivedData/Runner-cxlsvnhjswijkndnlirzgjlztczd/Build/Intermediates.noindex/FlutterFramework.build/Release-iphoneos/FlutterFramework.build/DerivedSources -Xcc -DSWIFT_PACKAGE -module-name FlutterFramework -frontend-parseable-output -disable-clang-spi -target-sdk-version 17.5 -target-sdk-name iphoneos17.5 -external-plugin-path /Applications/Xcode_15.4.app/Contents/Developer/Platforms/iPhoneOS.platform/Developer/SDKs/iPhoneOS17.5.sdk/usr/lib/swift/host/plugins\#/Applications/Xcode_15.4.app/Contents/Developer/Platforms/iPhoneOS.platform/Developer/SDKs/iPhoneOS17.5.sdk/usr/bin/swift-plugin-server -external-plugin-path /Applications/Xcode_15.4.app/Contents/Developer/Platforms/iPhoneOS.platform/Developer/SDKs/iPhoneOS17.5.sdk/usr/local/lib/swift/host/plugins\#/Applications/Xcode_15.4.app/Contents/Developer/Platforms/iPhoneOS.platform/Developer/SDKs/iPhoneOS17.5.sdk/usr/bin/swift-plugin-server -external-plugin-path /Applications/Xcode_15.4.app/Contents/Developer/Platforms/iPhoneOS.platform/Developer/usr/lib/swift/host/plugins\#/Applications/Xcode_15.4.app/Contents/Developer/Platforms/iPhoneOS.platform/Developer/usr/bin/swift-plugin-server -external-plugin-path /Applications/Xcode_15.4.app/Contents/Developer/Platforms/iPhoneOS.platform/Developer/usr/local/lib/swift/host/plugins\#/Applications/Xcode_15.4.app/Contents/Developer/Platforms/iPhoneOS.platform/Developer/usr/bin/swift-plugin-server -plugin-path /Applications/Xcode_15.4.app/Contents/Developer/Toolchains/XcodeDefault.xctoolchain/usr/lib/swift/host/plugins -plugin-path /Applications/Xcode_15.4.app/Contents/Developer/Toolchains/XcodeDefault.xctoolchain/usr/local/lib/swift/host/plugins -enable-default-cmo -parse-as-library -num-threads 3 -o /Users/runner/Library/Developer/Xcode/DerivedData/Runner-cxlsvnhjswijkndnlirzgjlztczd/Build/Intermediates.noindex/FlutterFramework.build/Release-iphoneos/FlutterFramework.build/Objects-normal/arm64/FlutterFramework.o -index-unit-output-path /FlutterFramework.build/Release-iphoneos/FlutterFramework.build/Objects-normal/arm64/FlutterFramework.o

SwiftCompile normal arm64 /Users/runner/work/anivault/anivault/ios/Flutter/ephemeral/Packages/.packages/FlutterFramework/Sources/FlutterFramework/FlutterFramework.swift (in target 'FlutterFramework' from project 'FlutterFramework')
    cd /Users/runner/work/anivault/anivault/ios/Flutter/ephemeral/Packages/.packages/FlutterFramework
    /Applications/Xcode_15.4.app/Contents/Developer/Toolchains/XcodeDefault.xctoolchain/usr/bin/swift-frontend -c /Users/runner/work/anivault/anivault/ios/Flutter/ephemeral/Packages/.packages/FlutterFramework/Sources/FlutterFramework/FlutterFramework.swift -emit-module-path /Users/runner/Library/Developer/Xcode/DerivedData/Runner-cxlsvnhjswijkndnlirzgjlztczd/Build/Intermediates.noindex/FlutterFramework.build/Release-iphoneos/FlutterFramework.build/Objects-normal/arm64/FlutterFramework.swiftmodule -emit-module-doc-path /Users/runner/Library/Developer/Xcode/DerivedData/Runner-cxlsvnhjswijkndnlirzgjlztczd/Build/Intermediates.noindex/FlutterFramework.build/Release-iphoneos/FlutterFramework.build/Objects-normal/arm64/FlutterFramework.swiftdoc -emit-module-source-info-path /Users/runner/Library/Developer/Xcode/DerivedData/Runner-cxlsvnhjswijkndnlirzgjlztczd/Build/Intermediates.noindex/FlutterFramework.build/Release-iphoneos/FlutterFramework.build/Objects-normal/arm64/FlutterFramework.swiftsourceinfo -emit-dependencies-path /Users/runner/Library/Developer/Xcode/DerivedData/Runner-cxlsvnhjswijkndnlirzgjlztczd/Build/Intermediates.noindex/FlutterFramework.build/Release-iphoneos/FlutterFramework.build/Objects-normal/arm64/FlutterFramework-master.d -emit-const-values-path /Users/runner/Library/Developer/Xcode/DerivedData/Runner-cxlsvnhjswijkndnlirzgjlztczd/Build/Intermediates.noindex/FlutterFramework.build/Release-iphoneos/FlutterFramework.build/Objects-normal/arm64/FlutterFramework-master.swiftconstvalues -serialize-diagnostics-path /Users/runner/Library/Developer/Xcode/DerivedData/Runner-cxlsvnhjswijkndnlirzgjlztczd/Build/Intermediates.noindex/FlutterFramework.build/Release-iphoneos/FlutterFramework.build/Objects-normal/arm64/FlutterFramework-master.dia -emit-objc-header-path /Users/runner/Library/Developer/Xcode/DerivedData/Runner-cxlsvnhjswijkndnlirzgjlztczd/Build/Intermediates.noindex/FlutterFramework.build/Release-iphoneos/FlutterFramework.build/Objects-normal/arm64/FlutterFramework-Swift.h -emit-abi-descriptor-path /Users/runner/Library/Developer/Xcode/DerivedData/Runner-cxlsvnhjswijkndnlirzgjlztczd/Build/Intermediates.noindex/FlutterFramework.build/Release-iphoneos/FlutterFramework.build/Objects-normal/arm64/FlutterFramework.abi.json -target arm64-apple-ios12.0 -Xllvm -aarch64-use-tbi -enable-objc-interop -sdk /Applications/Xcode_15.4.app/Contents/Developer/Platforms/iPhoneOS.platform/Developer/SDKs/iPhoneOS17.5.sdk -I /Users/runner/Library/Developer/Xcode/DerivedData/Runner-cxlsvnhjswijkndnlirzgjlztczd/Build/Products/Release-iphoneos -I /Applications/Xcode_15.4.app/Contents/Developer/Platforms/iPhoneOS.platform/Developer/usr/lib -F /Users/runner/Library/Developer/Xcode/DerivedData/Runner-cxlsvnhjswijkndnlirzgjlztczd/Build/Products/Release-iphoneos -F /Applications/Xcode_15.4.app/Contents/Developer/Platforms/iPhoneOS.platform/Developer/Library/Frameworks -F /Applications/Xcode_15.4.app/Contents/Developer/Platforms/iPhoneOS.platform/Developer/SDKs/iPhoneOS17.5.sdk/Developer/Library/Frameworks -no-color-diagnostics -g -module-cache-path /Users/runner/Library/Developer/Xcode/DerivedData/ModuleCache.noindex -suppress-warnings -swift-version 5 -enforce-exclusivity\=checked -O -D SWIFT_PACKAGE -D Xcode -serialize-debugging-options -package-name flutterframework -const-gather-protocols-file /Users/runner/Library/Developer/Xcode/DerivedData/Runner-cxlsvnhjswijkndnlirzgjlztczd/Build/Intermediates.noindex/FlutterFramework.build/Release-iphoneos/FlutterFramework.build/Objects-normal/arm64/FlutterFramework_const_extract_protocols.json -empty-abi-descriptor -validate-clang-modules-once -clang-build-session-file /Users/runner/Library/Developer/Xcode/DerivedData/ModuleCache.noindex/Session.modulevalidation -Xcc -working-directory -Xcc /Users/runner/work/anivault/anivault/ios/Flutter/ephemeral/Packages/.packages/FlutterFramework -resource-dir /Applications/Xcode_15.4.app/Contents/Developer/Toolchains/XcodeDefault.xctoolchain/usr/lib/swift -Xcc -ivfsstatcache -Xcc /Users/runner/Library/Developer/Xcode/DerivedData/SDKStatCaches.noindex/iphoneos17.5-21F77-f0fa7969d082b13145125136a829df3a.sdkstatcache -Xcc -I/Users/runner/Library/Developer/Xcode/DerivedData/Runner-cxlsvnhjswijkndnlirzgjlztczd/Build/Intermediates.noindex/FlutterFramework.build/Release-iphoneos/FlutterFramework.build/swift-overrides.hmap -Xcc -I/Users/runner/Library/Developer/Xcode/DerivedData/Runner-cxlsvnhjswijkndnlirzgjlztczd/Build/Products/Release-iphoneos/include -Xcc -I/Users/runner/Library/Developer/Xcode/DerivedData/Runner-cxlsvnhjswijkndnlirzgjlztczd/Build/Intermediates.noindex/FlutterFramework.build/Release-iphoneos/FlutterFramework.build/DerivedSources-normal/arm64 -Xcc -I/Users/runner/Library/Developer/Xcode/DerivedData/Runner-cxlsvnhjswijkndnlirzgjlztczd/Build/Intermediates.noindex/FlutterFramework.build/Release-iphoneos/FlutterFramework.build/DerivedSources/arm64 -Xcc -I/Users/runner/Library/Developer/Xcode/DerivedData/Runner-cxlsvnhjswijkndnlirzgjlztczd/Build/Intermediates.noindex/FlutterFramework.build/Release-iphoneos/FlutterFramework.build/DerivedSources -Xcc -DSWIFT_PACKAGE -module-name FlutterFramework -frontend-parseable-output -disable-clang-spi -target-sdk-version 17.5 -target-sdk-name iphoneos17.5 -external-plugin-path /Applications/Xcode_15.4.app/Contents/Developer/Platforms/iPhoneOS.platform/Developer/SDKs/iPhoneOS17.5.sdk/usr/lib/swift/host/plugins\#/Applications/Xcode_15.4.app/Contents/Developer/Platforms/iPhoneOS.platform/Developer/SDKs/iPhoneOS17.5.sdk/usr/bin/swift-plugin-server -external-plugin-path /Applications/Xcode_15.4.app/Contents/Developer/Platforms/iPhoneOS.platform/Developer/SDKs/iPhoneOS17.5.sdk/usr/local/lib/swift/host/plugins\#/Applications/Xcode_15.4.app/Contents/Developer/Platforms/iPhoneOS.platform/Developer/SDKs/iPhoneOS17.5.sdk/usr/bin/swift-plugin-server -external-plugin-path /Applications/Xcode_15.4.app/Contents/Developer/Platforms/iPhoneOS.platform/Developer/usr/lib/swift/host/plugins\#/Applications/Xcode_15.4.app/Contents/Developer/Platforms/iPhoneOS.platform/Developer/usr/bin/swift-plugin-server -external-plugin-path /Applications/Xcode_15.4.app/Contents/Developer/Platforms/iPhoneOS.platform/Developer/usr/local/lib/swift/host/plugins\#/Applications/Xcode_15.4.app/Contents/Developer/Platforms/iPhoneOS.platform/Developer/usr/bin/swift-plugin-server -plugin-path /Applications/Xcode_15.4.app/Contents/Developer/Toolchains/XcodeDefault.xctoolchain/usr/lib/swift/host/plugins -plugin-path /Applications/Xcode_15.4.app/Contents/Developer/Toolchains/XcodeDefault.xctoolchain/usr/local/lib/swift/host/plugins -enable-default-cmo -parse-as-library -num-threads 3 -o /Users/runner/Library/Developer/Xcode/DerivedData/Runner-cxlsvnhjswijkndnlirzgjlztczd/Build/Intermediates.noindex/FlutterFramework.build/Release-iphoneos/FlutterFramework.build/Objects-normal/arm64/FlutterFramework.o -index-unit-output-path /FlutterFramework.build/Release-iphoneos/FlutterFramework.build/Objects-normal/arm64/FlutterFramework.o

SwiftDriverJobDiscovery normal arm64 Compiling resource_bundle_accessor.swift, FileSelectorPlugin.swift, ViewPresenter.swift, messages.g.swift (in target 'file_selector_ios' from project 'file_selector_ios')

SwiftDriver\ Compilation\ Requirements shared_preferences_foundation normal arm64 com.apple.xcode.tools.swift.compiler (in target 'shared_preferences_foundation' from project 'shared_preferences_foundation')
    cd /Users/runner/work/anivault/anivault/ios/Flutter/ephemeral/Packages/.packages/shared_preferences_foundation-2.5.6
    builtin-Swift-Compilation-Requirements -- /Applications/Xcode_15.4.app/Contents/Developer/Toolchains/XcodeDefault.xctoolchain/usr/bin/swiftc -module-name shared_preferences_foundation -O -whole-module-optimization -enforce-exclusivity\=checked @/Users/runner/Library/Developer/Xcode/DerivedData/Runner-cxlsvnhjswijkndnlirzgjlztczd/Build/Intermediates.noindex/shared_preferences_foundation.build/Release-iphoneos/shared_preferences_foundation.build/Objects-normal/arm64/shared_preferences_foundation.SwiftFileList -DSWIFT_PACKAGE -DXcode -sdk /Applications/Xcode_15.4.app/Contents/Developer/Platforms/iPhoneOS.platform/Developer/SDKs/iPhoneOS17.5.sdk -target arm64-apple-ios13.0 -g -module-cache-path /Users/runner/Library/Developer/Xcode/DerivedData/ModuleCache.noindex -Xfrontend -serialize-debugging-options -suppress-warnings -swift-version 5 -I /Users/runner/Library/Developer/Xcode/DerivedData/Runner-cxlsvnhjswijkndnlirzgjlztczd/Build/Products/Release-iphoneos -I /Applications/Xcode_15.4.app/Contents/Developer/Platforms/iPhoneOS.platform/Developer/usr/lib -F /Users/runner/Library/Developer/Xcode/DerivedData/Runner-cxlsvnhjswijkndnlirzgjlztczd/Build/Products/Release-iphoneos -F /Applications/Xcode_15.4.app/Contents/Developer/Platforms/iPhoneOS.platform/Developer/Library/Frameworks -F /Applications/Xcode_15.4.app/Contents/Developer/Platforms/iPhoneOS.platform/Developer/SDKs/iPhoneOS17.5.sdk/Developer/Library/Frameworks -c -num-threads 3 -Xcc -ivfsstatcache -Xcc /Users/runner/Library/Developer/Xcode/DerivedData/SDKStatCaches.noindex/iphoneos17.5-21F77-f0fa7969d082b13145125136a829df3a.sdkstatcache -output-file-map /Users/runner/Library/Developer/Xcode/DerivedData/Runner-cxlsvnhjswijkndnlirzgjlztczd/Build/Intermediates.noindex/shared_preferences_foundation.build/Release-iphoneos/shared_preferences_foundation.build/Objects-normal/arm64/shared_preferences_foundation-OutputFileMap.json -use-frontend-parseable-output -save-temps -no-color-diagnostics -serialize-diagnostics -emit-dependencies -emit-module -emit-module-path /Users/runner/Library/Developer/Xcode/DerivedData/Runner-cxlsvnhjswijkndnlirzgjlztczd/Build/Intermediates.noindex/shared_preferences_foundation.build/Release-iphoneos/shared_preferences_foundation.build/Objects-normal/arm64/shared_preferences_foundation.swiftmodule -validate-clang-modules-once -clang-build-session-file /Users/runner/Library/Developer/Xcode/DerivedData/ModuleCache.noindex/Session.modulevalidation -Xfrontend -package-name -Xfrontend shared_preferences_foundation_2_5_6 -Xcc -I/Users/runner/Library/Developer/Xcode/DerivedData/Runner-cxlsvnhjswijkndnlirzgjlztczd/Build/Intermediates.noindex/shared_preferences_foundation.build/Release-iphoneos/shared_preferences_foundation.build/swift-overrides.hmap -emit-const-values -Xfrontend -const-gather-protocols-file -Xfrontend /Users/runner/Library/Developer/Xcode/DerivedData/Runner-cxlsvnhjswijkndnlirzgjlztczd/Build/Intermediates.noindex/shared_preferences_foundation.build/Release-iphoneos/shared_preferences_foundation.build/Objects-normal/arm64/shared_preferences_foundation_const_extract_protocols.json -Xcc -I/Users/runner/Library/Developer/Xcode/DerivedData/Runner-cxlsvnhjswijkndnlirzgjlztczd/Build/Products/Release-iphoneos/include -Xcc -I/Users/runner/Library/Developer/Xcode/DerivedData/Runner-cxlsvnhjswijkndnlirzgjlztczd/Build/Intermediates.noindex/shared_preferences_foundation.build/Release-iphoneos/shared_preferences_foundation.build/DerivedSources-normal/arm64 -Xcc -I/Users/runner/Library/Developer/Xcode/DerivedData/Runner-cxlsvnhjswijkndnlirzgjlztczd/Build/Intermediates.noindex/shared_preferences_foundation.build/Release-iphoneos/shared_preferences_foundation.build/DerivedSources/arm64 -Xcc -I/Users/runner/Library/Developer/Xcode/DerivedData/Runner-cxlsvnhjswijkndnlirzgjlztczd/Build/Intermediates.noindex/shared_preferences_foundation.build/Release-iphoneos/shared_preferences_foundation.build/DerivedSources -Xcc -DSWIFT_PACKAGE -emit-objc-header -emit-objc-header-path /Users/runner/Library/Developer/Xcode/DerivedData/Runner-cxlsvnhjswijkndnlirzgjlztczd/Build/Intermediates.noindex/shared_preferences_foundation.build/Release-iphoneos/shared_preferences_foundation.build/Objects-normal/arm64/shared_preferences_foundation-Swift.h -working-directory /Users/runner/work/anivault/anivault/ios/Flutter/ephemeral/Packages/.packages/shared_preferences_foundation-2.5.6 -no-emit-module-separately-wmo

SwiftDriver\ Compilation\ Requirements file_selector_ios normal arm64 com.apple.xcode.tools.swift.compiler (in target 'file_selector_ios' from project 'file_selector_ios')
    cd /Users/runner/work/anivault/anivault/ios/Flutter/ephemeral/Packages/.packages/file_selector_ios-0.5.3+5
    builtin-Swift-Compilation-Requirements -- /Applications/Xcode_15.4.app/Contents/Developer/Toolchains/XcodeDefault.xctoolchain/usr/bin/swiftc -module-name file_selector_ios -O -whole-module-optimization -enforce-exclusivity\=checked @/Users/runner/Library/Developer/Xcode/DerivedData/Runner-cxlsvnhjswijkndnlirzgjlztczd/Build/Intermediates.noindex/file_selector_ios.build/Release-iphoneos/file_selector_ios.build/Objects-normal/arm64/file_selector_ios.SwiftFileList -DSWIFT_PACKAGE -DXcode -sdk /Applications/Xcode_15.4.app/Contents/Developer/Platforms/iPhoneOS.platform/Developer/SDKs/iPhoneOS17.5.sdk -target arm64-apple-ios13.0 -g -module-cache-path /Users/runner/Library/Developer/Xcode/DerivedData/ModuleCache.noindex -Xfrontend -serialize-debugging-options -suppress-warnings -swift-version 5 -I /Users/runner/Library/Developer/Xcode/DerivedData/Runner-cxlsvnhjswijkndnlirzgjlztczd/Build/Products/Release-iphoneos -I /Applications/Xcode_15.4.app/Contents/Developer/Platforms/iPhoneOS.platform/Developer/usr/lib -F /Users/runner/Library/Developer/Xcode/DerivedData/Runner-cxlsvnhjswijkndnlirzgjlztczd/Build/Products/Release-iphoneos -F /Applications/Xcode_15.4.app/Contents/Developer/Platforms/iPhoneOS.platform/Developer/Library/Frameworks -F /Applications/Xcode_15.4.app/Contents/Developer/Platforms/iPhoneOS.platform/Developer/SDKs/iPhoneOS17.5.sdk/Developer/Library/Frameworks -c -num-threads 3 -Xcc -ivfsstatcache -Xcc /Users/runner/Library/Developer/Xcode/DerivedData/SDKStatCaches.noindex/iphoneos17.5-21F77-f0fa7969d082b13145125136a829df3a.sdkstatcache -output-file-map /Users/runner/Library/Developer/Xcode/DerivedData/Runner-cxlsvnhjswijkndnlirzgjlztczd/Build/Intermediates.noindex/file_selector_ios.build/Release-iphoneos/file_selector_ios.build/Objects-normal/arm64/file_selector_ios-OutputFileMap.json -use-frontend-parseable-output -save-temps -no-color-diagnostics -serialize-diagnostics -emit-dependencies -emit-module -emit-module-path /Users/runner/Library/Developer/Xcode/DerivedData/Runner-cxlsvnhjswijkndnlirzgjlztczd/Build/Intermediates.noindex/file_selector_ios.build/Release-iphoneos/file_selector_ios.build/Objects-normal/arm64/file_selector_ios.swiftmodule -validate-clang-modules-once -clang-build-session-file /Users/runner/Library/Developer/Xcode/DerivedData/ModuleCache.noindex/Session.modulevalidation -Xfrontend -package-name -Xfrontend file_selector_ios_0_5_3_5 -Xcc -I/Users/runner/Library/Developer/Xcode/DerivedData/Runner-cxlsvnhjswijkndnlirzgjlztczd/Build/Intermediates.noindex/file_selector_ios.build/Release-iphoneos/file_selector_ios.build/swift-overrides.hmap -emit-const-values -Xfrontend -const-gather-protocols-file -Xfrontend /Users/runner/Library/Developer/Xcode/DerivedData/Runner-cxlsvnhjswijkndnlirzgjlztczd/Build/Intermediates.noindex/file_selector_ios.build/Release-iphoneos/file_selector_ios.build/Objects-normal/arm64/file_selector_ios_const_extract_protocols.json -Xcc -I/Users/runner/Library/Developer/Xcode/DerivedData/Runner-cxlsvnhjswijkndnlirzgjlztczd/Build/Products/Release-iphoneos/include -Xcc -I/Users/runner/work/anivault/anivault/ios/Flutter/ephemeral/Packages/.packages/file_selector_ios-0.5.3+5/Sources/file_selector_ios/include/file_selector_ios -Xcc -I/Users/runner/Library/Developer/Xcode/DerivedData/Runner-cxlsvnhjswijkndnlirzgjlztczd/Build/Intermediates.noindex/file_selector_ios.build/Release-iphoneos/file_selector_ios.build/DerivedSources-normal/arm64 -Xcc -I/Users/runner/Library/Developer/Xcode/DerivedData/Runner-cxlsvnhjswijkndnlirzgjlztczd/Build/Intermediates.noindex/file_selector_ios.build/Release-iphoneos/file_selector_ios.build/DerivedSources/arm64 -Xcc -I/Users/runner/Library/Developer/Xcode/DerivedData/Runner-cxlsvnhjswijkndnlirzgjlztczd/Build/Intermediates.noindex/file_selector_ios.build/Release-iphoneos/file_selector_ios.build/DerivedSources -Xcc -DSWIFT_PACKAGE -emit-objc-header -emit-objc-header-path /Users/runner/Library/Developer/Xcode/DerivedData/Runner-cxlsvnhjswijkndnlirzgjlztczd/Build/Intermediates.noindex/file_selector_ios.build/Release-iphoneos/file_selector_ios.build/Objects-normal/arm64/file_selector_ios-Swift.h -working-directory /Users/runner/work/anivault/anivault/ios/Flutter/ephemeral/Packages/.packages/file_selector_ios-0.5.3+5 -no-emit-module-separately-wmo

SwiftDriverJobDiscovery normal arm64 Compiling FlutterFramework.swift (in target 'FlutterFramework' from project 'FlutterFramework')

SwiftDriver\ Compilation\ Requirements FlutterFramework normal arm64 com.apple.xcode.tools.swift.compiler (in target 'FlutterFramework' from project 'FlutterFramework')
    cd /Users/runner/work/anivault/anivault/ios/Flutter/ephemeral/Packages/.packages/FlutterFramework
    builtin-Swift-Compilation-Requirements -- /Applications/Xcode_15.4.app/Contents/Developer/Toolchains/XcodeDefault.xctoolchain/usr/bin/swiftc -module-name FlutterFramework -O -whole-module-optimization -enforce-exclusivity\=checked @/Users/runner/Library/Developer/Xcode/DerivedData/Runner-cxlsvnhjswijkndnlirzgjlztczd/Build/Intermediates.noindex/FlutterFramework.build/Release-iphoneos/FlutterFramework.build/Objects-normal/arm64/FlutterFramework.SwiftFileList -DSWIFT_PACKAGE -DXcode -sdk /Applications/Xcode_15.4.app/Contents/Developer/Platforms/iPhoneOS.platform/Developer/SDKs/iPhoneOS17.5.sdk -target arm64-apple-ios12.0 -g -module-cache-path /Users/runner/Library/Developer/Xcode/DerivedData/ModuleCache.noindex -Xfrontend -serialize-debugging-options -suppress-warnings -swift-version 5 -I /Users/runner/Library/Developer/Xcode/DerivedData/Runner-cxlsvnhjswijkndnlirzgjlztczd/Build/Products/Release-iphoneos -I /Applications/Xcode_15.4.app/Contents/Developer/Platforms/iPhoneOS.platform/Developer/usr/lib -F /Users/runner/Library/Developer/Xcode/DerivedData/Runner-cxlsvnhjswijkndnlirzgjlztczd/Build/Products/Release-iphoneos -F /Applications/Xcode_15.4.app/Contents/Developer/Platforms/iPhoneOS.platform/Developer/Library/Frameworks -F /Applications/Xcode_15.4.app/Contents/Developer/Platforms/iPhoneOS.platform/Developer/SDKs/iPhoneOS17.5.sdk/Developer/Library/Frameworks -parse-as-library -c -num-threads 3 -Xcc -ivfsstatcache -Xcc /Users/runner/Library/Developer/Xcode/DerivedData/SDKStatCaches.noindex/iphoneos17.5-21F77-f0fa7969d082b13145125136a829df3a.sdkstatcache -output-file-map /Users/runner/Library/Developer/Xcode/DerivedData/Runner-cxlsvnhjswijkndnlirzgjlztczd/Build/Intermediates.noindex/FlutterFramework.build/Release-iphoneos/FlutterFramework.build/Objects-normal/arm64/FlutterFramework-OutputFileMap.json -use-frontend-parseable-output -save-temps -no-color-diagnostics -serialize-diagnostics -emit-dependencies -emit-module -emit-module-path /Users/runner/Library/Developer/Xcode/DerivedData/Runner-cxlsvnhjswijkndnlirzgjlztczd/Build/Intermediates.noindex/FlutterFramework.build/Release-iphoneos/FlutterFramework.build/Objects-normal/arm64/FlutterFramework.swiftmodule -validate-clang-modules-once -clang-build-session-file /Users/runner/Library/Developer/Xcode/DerivedData/ModuleCache.noindex/Session.modulevalidation -Xfrontend -package-name -Xfrontend flutterframework -Xcc -I/Users/runner/Library/Developer/Xcode/DerivedData/Runner-cxlsvnhjswijkndnlirzgjlztczd/Build/Intermediates.noindex/FlutterFramework.build/Release-iphoneos/FlutterFramework.build/swift-overrides.hmap -emit-const-values -Xfrontend -const-gather-protocols-file -Xfrontend /Users/runner/Library/Developer/Xcode/DerivedData/Runner-cxlsvnhjswijkndnlirzgjlztczd/Build/Intermediates.noindex/FlutterFramework.build/Release-iphoneos/FlutterFramework.build/Objects-normal/arm64/FlutterFramework_const_extract_protocols.json -Xcc -I/Users/runner/Library/Developer/Xcode/DerivedData/Runner-cxlsvnhjswijkndnlirzgjlztczd/Build/Products/Release-iphoneos/include -Xcc -I/Users/runner/Library/Developer/Xcode/DerivedData/Runner-cxlsvnhjswijkndnlirzgjlztczd/Build/Intermediates.noindex/FlutterFramework.build/Release-iphoneos/FlutterFramework.build/DerivedSources-normal/arm64 -Xcc -I/Users/runner/Library/Developer/Xcode/DerivedData/Runner-cxlsvnhjswijkndnlirzgjlztczd/Build/Intermediates.noindex/FlutterFramework.build/Release-iphoneos/FlutterFramework.build/DerivedSources/arm64 -Xcc -I/Users/runner/Library/Developer/Xcode/DerivedData/Runner-cxlsvnhjswijkndnlirzgjlztczd/Build/Intermediates.noindex/FlutterFramework.build/Release-iphoneos/FlutterFramework.build/DerivedSources -Xcc -DSWIFT_PACKAGE -emit-objc-header -emit-objc-header-path /Users/runner/Library/Developer/Xcode/DerivedData/Runner-cxlsvnhjswijkndnlirzgjlztczd/Build/Intermediates.noindex/FlutterFramework.build/Release-iphoneos/FlutterFramework.build/Objects-normal/arm64/FlutterFramework-Swift.h -working-directory /Users/runner/work/anivault/anivault/ios/Flutter/ephemeral/Packages/.packages/FlutterFramework -no-emit-module-separately-wmo

Copy /Users/runner/Library/Developer/Xcode/DerivedData/Runner-cxlsvnhjswijkndnlirzgjlztczd/Build/Products/Release-iphoneos/shared_preferences_foundation.swiftmodule/arm64-apple-ios.swiftmodule /Users/runner/Library/Developer/Xcode/DerivedData/Runner-cxlsvnhjswijkndnlirzgjlztczd/Build/Intermediates.noindex/shared_preferences_foundation.build/Release-iphoneos/shared_preferences_foundation.build/Objects-normal/arm64/shared_preferences_foundation.swiftmodule (in target 'shared_preferences_foundation' from project 'shared_preferences_foundation')
    cd /Users/runner/work/anivault/anivault/ios/Flutter/ephemeral/Packages/.packages/shared_preferences_foundation-2.5.6
    builtin-copy -exclude .DS_Store -exclude CVS -exclude .svn -exclude .git -exclude .hg -strip-unsigned-binaries -strip-deterministic -strip-tool /Applications/Xcode_15.4.app/Contents/Developer/Toolchains/XcodeDefault.xctoolchain/usr/bin/strip -resolve-src-symlinks -rename /Users/runner/Library/Developer/Xcode/DerivedData/Runner-cxlsvnhjswijkndnlirzgjlztczd/Build/Intermediates.noindex/shared_preferences_foundation.build/Release-iphoneos/shared_preferences_foundation.build/Objects-normal/arm64/shared_preferences_foundation.swiftmodule /Users/runner/Library/Developer/Xcode/DerivedData/Runner-cxlsvnhjswijkndnlirzgjlztczd/Build/Products/Release-iphoneos/shared_preferences_foundation.swiftmodule/arm64-apple-ios.swiftmodule

Copy /Users/runner/Library/Developer/Xcode/DerivedData/Runner-cxlsvnhjswijkndnlirzgjlztczd/Build/Products/Release-iphoneos/shared_preferences_foundation.swiftmodule/arm64-apple-ios.swiftdoc /Users/runner/Library/Developer/Xcode/DerivedData/Runner-cxlsvnhjswijkndnlirzgjlztczd/Build/Intermediates.noindex/shared_preferences_foundation.build/Release-iphoneos/shared_preferences_foundation.build/Objects-normal/arm64/shared_preferences_foundation.swiftdoc (in target 'shared_preferences_foundation' from project 'shared_preferences_foundation')
    cd /Users/runner/work/anivault/anivault/ios/Flutter/ephemeral/Packages/.packages/shared_preferences_foundation-2.5.6
    builtin-copy -exclude .DS_Store -exclude CVS -exclude .svn -exclude .git -exclude .hg -strip-unsigned-binaries -strip-deterministic -strip-tool /Applications/Xcode_15.4.app/Contents/Developer/Toolchains/XcodeDefault.xctoolchain/usr/bin/strip -resolve-src-symlinks -rename /Users/runner/Library/Developer/Xcode/DerivedData/Runner-cxlsvnhjswijkndnlirzgjlztczd/Build/Intermediates.noindex/shared_preferences_foundation.build/Release-iphoneos/shared_preferences_foundation.build/Objects-normal/arm64/shared_preferences_foundation.swiftdoc /Users/runner/Library/Developer/Xcode/DerivedData/Runner-cxlsvnhjswijkndnlirzgjlztczd/Build/Products/Release-iphoneos/shared_preferences_foundation.swiftmodule/arm64-apple-ios.swiftdoc

Copy /Users/runner/Library/Developer/Xcode/DerivedData/Runner-cxlsvnhjswijkndnlirzgjlztczd/Build/Products/Release-iphoneos/shared_preferences_foundation.swiftmodule/arm64-apple-ios.abi.json /Users/runner/Library/Developer/Xcode/DerivedData/Runner-cxlsvnhjswijkndnlirzgjlztczd/Build/Intermediates.noindex/shared_preferences_foundation.build/Release-iphoneos/shared_preferences_foundation.build/Objects-normal/arm64/shared_preferences_foundation.abi.json (in target 'shared_preferences_foundation' from project 'shared_preferences_foundation')
    cd /Users/runner/work/anivault/anivault/ios/Flutter/ephemeral/Packages/.packages/shared_preferences_foundation-2.5.6
    builtin-copy -exclude .DS_Store -exclude CVS -exclude .svn -exclude .git -exclude .hg -strip-unsigned-binaries -strip-deterministic -strip-tool /Applications/Xcode_15.4.app/Contents/Developer/Toolchains/XcodeDefault.xctoolchain/usr/bin/strip -resolve-src-symlinks -rename /Users/runner/Library/Developer/Xcode/DerivedData/Runner-cxlsvnhjswijkndnlirzgjlztczd/Build/Intermediates.noindex/shared_preferences_foundation.build/Release-iphoneos/shared_preferences_foundation.build/Objects-normal/arm64/shared_preferences_foundation.abi.json /Users/runner/Library/Developer/Xcode/DerivedData/Runner-cxlsvnhjswijkndnlirzgjlztczd/Build/Products/Release-iphoneos/shared_preferences_foundation.swiftmodule/arm64-apple-ios.abi.json

Copy /Users/runner/Library/Developer/Xcode/DerivedData/Runner-cxlsvnhjswijkndnlirzgjlztczd/Build/Products/Release-iphoneos/shared_preferences_foundation.swiftmodule/Project/arm64-apple-ios.swiftsourceinfo /Users/runner/Library/Developer/Xcode/DerivedData/Runner-cxlsvnhjswijkndnlirzgjlztczd/Build/Intermediates.noindex/shared_preferences_foundation.build/Release-iphoneos/shared_preferences_foundation.build/Objects-normal/arm64/shared_preferences_foundation.swiftsourceinfo (in target 'shared_preferences_foundation' from project 'shared_preferences_foundation')
    cd /Users/runner/work/anivault/anivault/ios/Flutter/ephemeral/Packages/.packages/shared_preferences_foundation-2.5.6
    builtin-copy -exclude .DS_Store -exclude CVS -exclude .svn -exclude .git -exclude .hg -strip-unsigned-binaries -strip-deterministic -strip-tool /Applications/Xcode_15.4.app/Contents/Developer/Toolchains/XcodeDefault.xctoolchain/usr/bin/strip -resolve-src-symlinks -rename /Users/runner/Library/Developer/Xcode/DerivedData/Runner-cxlsvnhjswijkndnlirzgjlztczd/Build/Intermediates.noindex/shared_preferences_foundation.build/Release-iphoneos/shared_preferences_foundation.build/Objects-normal/arm64/shared_preferences_foundation.swiftsourceinfo /Users/runner/Library/Developer/Xcode/DerivedData/Runner-cxlsvnhjswijkndnlirzgjlztczd/Build/Products/Release-iphoneos/shared_preferences_foundation.swiftmodule/Project/arm64-apple-ios.swiftsourceinfo

Copy /Users/runner/Library/Developer/Xcode/DerivedData/Runner-cxlsvnhjswijkndnlirzgjlztczd/Build/Products/Release-iphoneos/file_selector_ios.swiftmodule/arm64-apple-ios.swiftmodule /Users/runner/Library/Developer/Xcode/DerivedData/Runner-cxlsvnhjswijkndnlirzgjlztczd/Build/Intermediates.noindex/file_selector_ios.build/Release-iphoneos/file_selector_ios.build/Objects-normal/arm64/file_selector_ios.swiftmodule (in target 'file_selector_ios' from project 'file_selector_ios')
    cd /Users/runner/work/anivault/anivault/ios/Flutter/ephemeral/Packages/.packages/file_selector_ios-0.5.3+5
    builtin-copy -exclude .DS_Store -exclude CVS -exclude .svn -exclude .git -exclude .hg -strip-unsigned-binaries -strip-deterministic -strip-tool /Applications/Xcode_15.4.app/Contents/Developer/Toolchains/XcodeDefault.xctoolchain/usr/bin/strip -resolve-src-symlinks -rename /Users/runner/Library/Developer/Xcode/DerivedData/Runner-cxlsvnhjswijkndnlirzgjlztczd/Build/Intermediates.noindex/file_selector_ios.build/Release-iphoneos/file_selector_ios.build/Objects-normal/arm64/file_selector_ios.swiftmodule /Users/runner/Library/Developer/Xcode/DerivedData/Runner-cxlsvnhjswijkndnlirzgjlztczd/Build/Products/Release-iphoneos/file_selector_ios.swiftmodule/arm64-apple-ios.swiftmodule

Copy /Users/runner/Library/Developer/Xcode/DerivedData/Runner-cxlsvnhjswijkndnlirzgjlztczd/Build/Products/Release-iphoneos/file_selector_ios.swiftmodule/arm64-apple-ios.swiftdoc /Users/runner/Library/Developer/Xcode/DerivedData/Runner-cxlsvnhjswijkndnlirzgjlztczd/Build/Intermediates.noindex/file_selector_ios.build/Release-iphoneos/file_selector_ios.build/Objects-normal/arm64/file_selector_ios.swiftdoc (in target 'file_selector_ios' from project 'file_selector_ios')
    cd /Users/runner/work/anivault/anivault/ios/Flutter/ephemeral/Packages/.packages/file_selector_ios-0.5.3+5
    builtin-copy -exclude .DS_Store -exclude CVS -exclude .svn -exclude .git -exclude .hg -strip-unsigned-binaries -strip-deterministic -strip-tool /Applications/Xcode_15.4.app/Contents/Developer/Toolchains/XcodeDefault.xctoolchain/usr/bin/strip -resolve-src-symlinks -rename /Users/runner/Library/Developer/Xcode/DerivedData/Runner-cxlsvnhjswijkndnlirzgjlztczd/Build/Intermediates.noindex/file_selector_ios.build/Release-iphoneos/file_selector_ios.build/Objects-normal/arm64/file_selector_ios.swiftdoc /Users/runner/Library/Developer/Xcode/DerivedData/Runner-cxlsvnhjswijkndnlirzgjlztczd/Build/Products/Release-iphoneos/file_selector_ios.swiftmodule/arm64-apple-ios.swiftdoc

Copy /Users/runner/Library/Developer/Xcode/DerivedData/Runner-cxlsvnhjswijkndnlirzgjlztczd/Build/Products/Release-iphoneos/file_selector_ios.swiftmodule/arm64-apple-ios.abi.json /Users/runner/Library/Developer/Xcode/DerivedData/Runner-cxlsvnhjswijkndnlirzgjlztczd/Build/Intermediates.noindex/file_selector_ios.build/Release-iphoneos/file_selector_ios.build/Objects-normal/arm64/file_selector_ios.abi.json (in target 'file_selector_ios' from project 'file_selector_ios')
    cd /Users/runner/work/anivault/anivault/ios/Flutter/ephemeral/Packages/.packages/file_selector_ios-0.5.3+5
    builtin-copy -exclude .DS_Store -exclude CVS -exclude .svn -exclude .git -exclude .hg -strip-unsigned-binaries -strip-deterministic -strip-tool /Applications/Xcode_15.4.app/Contents/Developer/Toolchains/XcodeDefault.xctoolchain/usr/bin/strip -resolve-src-symlinks -rename /Users/runner/Library/Developer/Xcode/DerivedData/Runner-cxlsvnhjswijkndnlirzgjlztczd/Build/Intermediates.noindex/file_selector_ios.build/Release-iphoneos/file_selector_ios.build/Objects-normal/arm64/file_selector_ios.abi.json /Users/runner/Library/Developer/Xcode/DerivedData/Runner-cxlsvnhjswijkndnlirzgjlztczd/Build/Products/Release-iphoneos/file_selector_ios.swiftmodule/arm64-apple-ios.abi.json

Copy /Users/runner/Library/Developer/Xcode/DerivedData/Runner-cxlsvnhjswijkndnlirzgjlztczd/Build/Products/Release-iphoneos/file_selector_ios.swiftmodule/Project/arm64-apple-ios.swiftsourceinfo /Users/runner/Library/Developer/Xcode/DerivedData/Runner-cxlsvnhjswijkndnlirzgjlztczd/Build/Intermediates.noindex/file_selector_ios.build/Release-iphoneos/file_selector_ios.build/Objects-normal/arm64/file_selector_ios.swiftsourceinfo (in target 'file_selector_ios' from project 'file_selector_ios')
    cd /Users/runner/work/anivault/anivault/ios/Flutter/ephemeral/Packages/.packages/file_selector_ios-0.5.3+5
    builtin-copy -exclude .DS_Store -exclude CVS -exclude .svn -exclude .git -exclude .hg -strip-unsigned-binaries -strip-deterministic -strip-tool /Applications/Xcode_15.4.app/Contents/Developer/Toolchains/XcodeDefault.xctoolchain/usr/bin/strip -resolve-src-symlinks -rename /Users/runner/Library/Developer/Xcode/DerivedData/Runner-cxlsvnhjswijkndnlirzgjlztczd/Build/Intermediates.noindex/file_selector_ios.build/Release-iphoneos/file_selector_ios.build/Objects-normal/arm64/file_selector_ios.swiftsourceinfo /Users/runner/Library/Developer/Xcode/DerivedData/Runner-cxlsvnhjswijkndnlirzgjlztczd/Build/Products/Release-iphoneos/file_selector_ios.swiftmodule/Project/arm64-apple-ios.swiftsourceinfo

Copy /Users/runner/Library/Developer/Xcode/DerivedData/Runner-cxlsvnhjswijkndnlirzgjlztczd/Build/Products/Release-iphoneos/FlutterFramework.swiftmodule/arm64-apple-ios.swiftmodule /Users/runner/Library/Developer/Xcode/DerivedData/Runner-cxlsvnhjswijkndnlirzgjlztczd/Build/Intermediates.noindex/FlutterFramework.build/Release-iphoneos/FlutterFramework.build/Objects-normal/arm64/FlutterFramework.swiftmodule (in target 'FlutterFramework' from project 'FlutterFramework')
    cd /Users/runner/work/anivault/anivault/ios/Flutter/ephemeral/Packages/.packages/FlutterFramework
    builtin-copy -exclude .DS_Store -exclude CVS -exclude .svn -exclude .git -exclude .hg -strip-unsigned-binaries -strip-deterministic -strip-tool /Applications/Xcode_15.4.app/Contents/Developer/Toolchains/XcodeDefault.xctoolchain/usr/bin/strip -resolve-src-symlinks -rename /Users/runner/Library/Developer/Xcode/DerivedData/Runner-cxlsvnhjswijkndnlirzgjlztczd/Build/Intermediates.noindex/FlutterFramework.build/Release-iphoneos/FlutterFramework.build/Objects-normal/arm64/FlutterFramework.swiftmodule /Users/runner/Library/Developer/Xcode/DerivedData/Runner-cxlsvnhjswijkndnlirzgjlztczd/Build/Products/Release-iphoneos/FlutterFramework.swiftmodule/arm64-apple-ios.swiftmodule

Copy /Users/runner/Library/Developer/Xcode/DerivedData/Runner-cxlsvnhjswijkndnlirzgjlztczd/Build/Products/Release-iphoneos/FlutterFramework.swiftmodule/arm64-apple-ios.swiftdoc /Users/runner/Library/Developer/Xcode/DerivedData/Runner-cxlsvnhjswijkndnlirzgjlztczd/Build/Intermediates.noindex/FlutterFramework.build/Release-iphoneos/FlutterFramework.build/Objects-normal/arm64/FlutterFramework.swiftdoc (in target 'FlutterFramework' from project 'FlutterFramework')
    cd /Users/runner/work/anivault/anivault/ios/Flutter/ephemeral/Packages/.packages/FlutterFramework
    builtin-copy -exclude .DS_Store -exclude CVS -exclude .svn -exclude .git -exclude .hg -strip-unsigned-binaries -strip-deterministic -strip-tool /Applications/Xcode_15.4.app/Contents/Developer/Toolchains/XcodeDefault.xctoolchain/usr/bin/strip -resolve-src-symlinks -rename /Users/runner/Library/Developer/Xcode/DerivedData/Runner-cxlsvnhjswijkndnlirzgjlztczd/Build/Intermediates.noindex/FlutterFramework.build/Release-iphoneos/FlutterFramework.build/Objects-normal/arm64/FlutterFramework.swiftdoc /Users/runner/Library/Developer/Xcode/DerivedData/Runner-cxlsvnhjswijkndnlirzgjlztczd/Build/Products/Release-iphoneos/FlutterFramework.swiftmodule/arm64-apple-ios.swiftdoc

Copy /Users/runner/Library/Developer/Xcode/DerivedData/Runner-cxlsvnhjswijkndnlirzgjlztczd/Build/Products/Release-iphoneos/FlutterFramework.swiftmodule/arm64-apple-ios.abi.json /Users/runner/Library/Developer/Xcode/DerivedData/Runner-cxlsvnhjswijkndnlirzgjlztczd/Build/Intermediates.noindex/FlutterFramework.build/Release-iphoneos/FlutterFramework.build/Objects-normal/arm64/FlutterFramework.abi.json (in target 'FlutterFramework' from project 'FlutterFramework')
    cd /Users/runner/work/anivault/anivault/ios/Flutter/ephemeral/Packages/.packages/FlutterFramework
    builtin-copy -exclude .DS_Store -exclude CVS -exclude .svn -exclude .git -exclude .hg -strip-unsigned-binaries -strip-deterministic -strip-tool /Applications/Xcode_15.4.app/Contents/Developer/Toolchains/XcodeDefault.xctoolchain/usr/bin/strip -resolve-src-symlinks -rename /Users/runner/Library/Developer/Xcode/DerivedData/Runner-cxlsvnhjswijkndnlirzgjlztczd/Build/Intermediates.noindex/FlutterFramework.build/Release-iphoneos/FlutterFramework.build/Objects-normal/arm64/FlutterFramework.abi.json /Users/runner/Library/Developer/Xcode/DerivedData/Runner-cxlsvnhjswijkndnlirzgjlztczd/Build/Products/Release-iphoneos/FlutterFramework.swiftmodule/arm64-apple-ios.abi.json

Copy /Users/runner/Library/Developer/Xcode/DerivedData/Runner-cxlsvnhjswijkndnlirzgjlztczd/Build/Products/Release-iphoneos/FlutterFramework.swiftmodule/Project/arm64-apple-ios.swiftsourceinfo /Users/runner/Library/Developer/Xcode/DerivedData/Runner-cxlsvnhjswijkndnlirzgjlztczd/Build/Intermediates.noindex/FlutterFramework.build/Release-iphoneos/FlutterFramework.build/Objects-normal/arm64/FlutterFramework.swiftsourceinfo (in target 'FlutterFramework' from project 'FlutterFramework')
    cd /Users/runner/work/anivault/anivault/ios/Flutter/ephemeral/Packages/.packages/FlutterFramework
    builtin-copy -exclude .DS_Store -exclude CVS -exclude .svn -exclude .git -exclude .hg -strip-unsigned-binaries -strip-deterministic -strip-tool /Applications/Xcode_15.4.app/Contents/Developer/Toolchains/XcodeDefault.xctoolchain/usr/bin/strip -resolve-src-symlinks -rename /Users/runner/Library/Developer/Xcode/DerivedData/Runner-cxlsvnhjswijkndnlirzgjlztczd/Build/Intermediates.noindex/FlutterFramework.build/Release-iphoneos/FlutterFramework.build/Objects-normal/arm64/FlutterFramework.swiftsourceinfo /Users/runner/Library/Developer/Xcode/DerivedData/Runner-cxlsvnhjswijkndnlirzgjlztczd/Build/Products/Release-iphoneos/FlutterFramework.swiftmodule/Project/arm64-apple-ios.swiftsourceinfo

CompileC /Users/runner/Library/Developer/Xcode/DerivedData/Runner-cxlsvnhjswijkndnlirzgjlztczd/Build/Intermediates.noindex/wakelock_plus.build/Release-iphoneos/wakelock_plus.build/Objects-normal/arm64/WakelockPlusPlugin.o /Users/runner/.pub-cache/hosted/pub.dev/wakelock_plus-1.6.0/ios/wakelock_plus/Sources/wakelock_plus/WakelockPlusPlugin.m normal arm64 objective-c com.apple.compilers.llvm.clang.1_0.compiler (in target 'wakelock_plus' from project 'wakelock_plus')
    cd /Users/runner/work/anivault/anivault/ios/Flutter/ephemeral/Packages/.packages/wakelock_plus-1.6.0
    /Applications/Xcode_15.4.app/Contents/Developer/Toolchains/XcodeDefault.xctoolchain/usr/bin/clang -x objective-c -ivfsstatcache /Users/runner/Library/Developer/Xcode/DerivedData/SDKStatCaches.noindex/iphoneos17.5-21F77-f0fa7969d082b13145125136a829df3a.sdkstatcache -fmessage-length\=0 -fdiagnostics-show-note-include-stack -fmacro-backtrace-limit\=0 -fno-color-diagnostics -fmodules-prune-interval\=86400 -fmodules-prune-after\=345600 -fbuild-session-file\=/Users/runner/Library/Developer/Xcode/DerivedData/ModuleCache.noindex/Session.modulevalidation -fmodules-validate-once-per-build-session -Wnon-modular-include-in-framework-module -Werror\=non-modular-include-in-framework-module -Wno-trigraphs -Wno-missing-field-initializers -Wno-missing-prototypes -Wno-return-type -Wno-implicit-atomic-properties -Wno-objc-interface-ivars -Wno-arc-repeated-use-of-weak -Wno-missing-braces -Wparentheses -Wswitch -Wno-unused-function -Wno-unused-label -Wno-unused-parameter -Wno-unused-variable -Wunused-value -Wno-empty-body -Wno-uninitialized -Wno-unknown-pragmas -w -Wno-shadow -Wno-four-char-constants -Wno-conversion -Wno-constant-conversion -Wno-int-conversion -Wno-bool-conversion -Wno-enum-conversion -Wno-float-conversion -Wno-non-literal-null-conversion -Wno-objc-literal-conversion -Wshorten-64-to-32 -Wpointer-sign -Wno-newline-eof -Wno-selector -Wno-strict-selector-match -Wno-undeclared-selector -Wno-deprecated-implementations -Wno-implicit-fallthrough -fstrict-aliasing -Wprotocol -Wdeprecated-declarations -Wno-sign-conversion -Wno-infinite-recursion -Wno-comma -Wno-block-capture-autoreleasing -Wno-strict-prototypes -Wno-semicolon-before-method-body @/Users/runner/Library/Developer/Xcode/DerivedData/Runner-cxlsvnhjswijkndnlirzgjlztczd/Build/Intermediates.noindex/wakelock_plus.build/Release-iphoneos/wakelock_plus.build/Objects-normal/arm64/e6072d4f65d7061329687fe24e3d63a7-common-args.resp -include /Users/runner/Library/Developer/Xcode/DerivedData/Runner-cxlsvnhjswijkndnlirzgjlztczd/Build/Intermediates.noindex/wakelock_plus.build/Release-iphoneos/wakelock_plus.build/DerivedSources/resource_bundle_accessor.h -MMD -MT dependencies -MF /Users/runner/Library/Developer/Xcode/DerivedData/Runner-cxlsvnhjswijkndnlirzgjlztczd/Build/Intermediates.noindex/wakelock_plus.build/Release-iphoneos/wakelock_plus.build/Objects-normal/arm64/WakelockPlusPlugin.d --serialize-diagnostics /Users/runner/Library/Developer/Xcode/DerivedData/Runner-cxlsvnhjswijkndnlirzgjlztczd/Build/Intermediates.noindex/wakelock_plus.build/Release-iphoneos/wakelock_plus.build/Objects-normal/arm64/WakelockPlusPlugin.dia -c /Users/runner/.pub-cache/hosted/pub.dev/wakelock_plus-1.6.0/ios/wakelock_plus/Sources/wakelock_plus/WakelockPlusPlugin.m -o /Users/runner/Library/Developer/Xcode/DerivedData/Runner-cxlsvnhjswijkndnlirzgjlztczd/Build/Intermediates.noindex/wakelock_plus.build/Release-iphoneos/wakelock_plus.build/Objects-normal/arm64/WakelockPlusPlugin.o

CompileC /Users/runner/Library/Developer/Xcode/DerivedData/Runner-cxlsvnhjswijkndnlirzgjlztczd/Build/Intermediates.noindex/wakelock_plus.build/Release-iphoneos/wakelock_plus.build/Objects-normal/arm64/UIApplication+idleTimerLock.o /Users/runner/.pub-cache/hosted/pub.dev/wakelock_plus-1.6.0/ios/wakelock_plus/Sources/wakelock_plus/UIApplication+idleTimerLock.m normal arm64 objective-c com.apple.compilers.llvm.clang.1_0.compiler (in target 'wakelock_plus' from project 'wakelock_plus')
    cd /Users/runner/work/anivault/anivault/ios/Flutter/ephemeral/Packages/.packages/wakelock_plus-1.6.0
    /Applications/Xcode_15.4.app/Contents/Developer/Toolchains/XcodeDefault.xctoolchain/usr/bin/clang -x objective-c -ivfsstatcache /Users/runner/Library/Developer/Xcode/DerivedData/SDKStatCaches.noindex/iphoneos17.5-21F77-f0fa7969d082b13145125136a829df3a.sdkstatcache -fmessage-length\=0 -fdiagnostics-show-note-include-stack -fmacro-backtrace-limit\=0 -fno-color-diagnostics -fmodules-prune-interval\=86400 -fmodules-prune-after\=345600 -fbuild-session-file\=/Users/runner/Library/Developer/Xcode/DerivedData/ModuleCache.noindex/Session.modulevalidation -fmodules-validate-once-per-build-session -Wnon-modular-include-in-framework-module -Werror\=non-modular-include-in-framework-module -Wno-trigraphs -Wno-missing-field-initializers -Wno-missing-prototypes -Wno-return-type -Wno-implicit-atomic-properties -Wno-objc-interface-ivars -Wno-arc-repeated-use-of-weak -Wno-missing-braces -Wparentheses -Wswitch -Wno-unused-function -Wno-unused-label -Wno-unused-parameter -Wno-unused-variable -Wunused-value -Wno-empty-body -Wno-uninitialized -Wno-unknown-pragmas -w -Wno-shadow -Wno-four-char-constants -Wno-conversion -Wno-constant-conversion -Wno-int-conversion -Wno-bool-conversion -Wno-enum-conversion -Wno-float-conversion -Wno-non-literal-null-conversion -Wno-objc-literal-conversion -Wshorten-64-to-32 -Wpointer-sign -Wno-newline-eof -Wno-selector -Wno-strict-selector-match -Wno-undeclared-selector -Wno-deprecated-implementations -Wno-implicit-fallthrough -fstrict-aliasing -Wprotocol -Wdeprecated-declarations -Wno-sign-conversion -Wno-infinite-recursion -Wno-comma -Wno-block-capture-autoreleasing -Wno-strict-prototypes -Wno-semicolon-before-method-body @/Users/runner/Library/Developer/Xcode/DerivedData/Runner-cxlsvnhjswijkndnlirzgjlztczd/Build/Intermediates.noindex/wakelock_plus.build/Release-iphoneos/wakelock_plus.build/Objects-normal/arm64/e6072d4f65d7061329687fe24e3d63a7-common-args.resp -include /Users/runner/Library/Developer/Xcode/DerivedData/Runner-cxlsvnhjswijkndnlirzgjlztczd/Build/Intermediates.noindex/wakelock_plus.build/Release-iphoneos/wakelock_plus.build/DerivedSources/resource_bundle_accessor.h -MMD -MT dependencies -MF /Users/runner/Library/Developer/Xcode/DerivedData/Runner-cxlsvnhjswijkndnlirzgjlztczd/Build/Intermediates.noindex/wakelock_plus.build/Release-iphoneos/wakelock_plus.build/Objects-normal/arm64/UIApplication+idleTimerLock.d --serialize-diagnostics /Users/runner/Library/Developer/Xcode/DerivedData/Runner-cxlsvnhjswijkndnlirzgjlztczd/Build/Intermediates.noindex/wakelock_plus.build/Release-iphoneos/wakelock_plus.build/Objects-normal/arm64/UIApplication+idleTimerLock.dia -c /Users/runner/.pub-cache/hosted/pub.dev/wakelock_plus-1.6.0/ios/wakelock_plus/Sources/wakelock_plus/UIApplication+idleTimerLock.m -o /Users/runner/Library/Developer/Xcode/DerivedData/Runner-cxlsvnhjswijkndnlirzgjlztczd/Build/Intermediates.noindex/wakelock_plus.build/Release-iphoneos/wakelock_plus.build/Objects-normal/arm64/UIApplication+idleTimerLock.o

CompileC /Users/runner/Library/Developer/Xcode/DerivedData/Runner-cxlsvnhjswijkndnlirzgjlztczd/Build/Intermediates.noindex/package_info_plus.build/Release-iphoneos/package_info_plus.build/Objects-normal/arm64/resource_bundle_accessor.o /Users/runner/Library/Developer/Xcode/DerivedData/Runner-cxlsvnhjswijkndnlirzgjlztczd/Build/Intermediates.noindex/package_info_plus.build/Release-iphoneos/package_info_plus.build/DerivedSources/resource_bundle_accessor.m normal arm64 objective-c com.apple.compilers.llvm.clang.1_0.compiler (in target 'package_info_plus' from project 'package_info_plus')
    cd /Users/runner/work/anivault/anivault/ios/Flutter/ephemeral/Packages/.packages/package_info_plus-10.0.0
    /Applications/Xcode_15.4.app/Contents/Developer/Toolchains/XcodeDefault.xctoolchain/usr/bin/clang -x objective-c -ivfsstatcache /Users/runner/Library/Developer/Xcode/DerivedData/SDKStatCaches.noindex/iphoneos17.5-21F77-f0fa7969d082b13145125136a829df3a.sdkstatcache -fmessage-length\=0 -fdiagnostics-show-note-include-stack -fmacro-backtrace-limit\=0 -fno-color-diagnostics -fmodules-prune-interval\=86400 -fmodules-prune-after\=345600 -fbuild-session-file\=/Users/runner/Library/Developer/Xcode/DerivedData/ModuleCache.noindex/Session.modulevalidation -fmodules-validate-once-per-build-session -Wnon-modular-include-in-framework-module -Werror\=non-modular-include-in-framework-module -Wno-trigraphs -Wno-missing-field-initializers -Wno-missing-prototypes -Wno-return-type -Wno-implicit-atomic-properties -Wno-objc-interface-ivars -Wno-arc-repeated-use-of-weak -Wno-missing-braces -Wparentheses -Wswitch -Wno-unused-function -Wno-unused-label -Wno-unused-parameter -Wno-unused-variable -Wunused-value -Wno-empty-body -Wno-uninitialized -Wno-unknown-pragmas -w -Wno-shadow -Wno-four-char-constants -Wno-conversion -Wno-constant-conversion -Wno-int-conversion -Wno-bool-conversion -Wno-enum-conversion -Wno-float-conversion -Wno-non-literal-null-conversion -Wno-objc-literal-conversion -Wshorten-64-to-32 -Wpointer-sign -Wno-newline-eof -Wno-selector -Wno-strict-selector-match -Wno-undeclared-selector -Wno-deprecated-implementations -Wno-implicit-fallthrough -fstrict-aliasing -Wprotocol -Wdeprecated-declarations -Wno-sign-conversion -Wno-infinite-recursion -Wno-comma -Wno-block-capture-autoreleasing -Wno-strict-prototypes -Wno-semicolon-before-method-body @/Users/runner/Library/Developer/Xcode/DerivedData/Runner-cxlsvnhjswijkndnlirzgjlztczd/Build/Intermediates.noindex/package_info_plus.build/Release-iphoneos/package_info_plus.build/Objects-normal/arm64/e6072d4f65d7061329687fe24e3d63a7-common-args.resp -include /Users/runner/Library/Developer/Xcode/DerivedData/Runner-cxlsvnhjswijkndnlirzgjlztczd/Build/Intermediates.noindex/package_info_plus.build/Release-iphoneos/package_info_plus.build/DerivedSources/resource_bundle_accessor.h -MMD -MT dependencies -MF /Users/runner/Library/Developer/Xcode/DerivedData/Runner-cxlsvnhjswijkndnlirzgjlztczd/Build/Intermediates.noindex/package_info_plus.build/Release-iphoneos/package_info_plus.build/Objects-normal/arm64/resource_bundle_accessor.d --serialize-diagnostics /Users/runner/Library/Developer/Xcode/DerivedData/Runner-cxlsvnhjswijkndnlirzgjlztczd/Build/Intermediates.noindex/package_info_plus.build/Release-iphoneos/package_info_plus.build/Objects-normal/arm64/resource_bundle_accessor.dia -c /Users/runner/Library/Developer/Xcode/DerivedData/Runner-cxlsvnhjswijkndnlirzgjlztczd/Build/Intermediates.noindex/package_info_plus.build/Release-iphoneos/package_info_plus.build/DerivedSources/resource_bundle_accessor.m -o /Users/runner/Library/Developer/Xcode/DerivedData/Runner-cxlsvnhjswijkndnlirzgjlztczd/Build/Intermediates.noindex/package_info_plus.build/Release-iphoneos/package_info_plus.build/Objects-normal/arm64/resource_bundle_accessor.o

CompileC /Users/runner/Library/Developer/Xcode/DerivedData/Runner-cxlsvnhjswijkndnlirzgjlztczd/Build/Intermediates.noindex/package_info_plus.build/Release-iphoneos/package_info_plus.build/Objects-normal/arm64/FPPPackageInfoPlusPlugin.o /Users/runner/.pub-cache/hosted/pub.dev/package_info_plus-10.0.0/ios/package_info_plus/Sources/package_info_plus/FPPPackageInfoPlusPlugin.m normal arm64 objective-c com.apple.compilers.llvm.clang.1_0.compiler (in target 'package_info_plus' from project 'package_info_plus')
    cd /Users/runner/work/anivault/anivault/ios/Flutter/ephemeral/Packages/.packages/package_info_plus-10.0.0
    /Applications/Xcode_15.4.app/Contents/Developer/Toolchains/XcodeDefault.xctoolchain/usr/bin/clang -x objective-c -ivfsstatcache /Users/runner/Library/Developer/Xcode/DerivedData/SDKStatCaches.noindex/iphoneos17.5-21F77-f0fa7969d082b13145125136a829df3a.sdkstatcache -fmessage-length\=0 -fdiagnostics-show-note-include-stack -fmacro-backtrace-limit\=0 -fno-color-diagnostics -fmodules-prune-interval\=86400 -fmodules-prune-after\=345600 -fbuild-session-file\=/Users/runner/Library/Developer/Xcode/DerivedData/ModuleCache.noindex/Session.modulevalidation -fmodules-validate-once-per-build-session -Wnon-modular-include-in-framework-module -Werror\=non-modular-include-in-framework-module -Wno-trigraphs -Wno-missing-field-initializers -Wno-missing-prototypes -Wno-return-type -Wno-implicit-atomic-properties -Wno-objc-interface-ivars -Wno-arc-repeated-use-of-weak -Wno-missing-braces -Wparentheses -Wswitch -Wno-unused-function -Wno-unused-label -Wno-unused-parameter -Wno-unused-variable -Wunused-value -Wno-empty-body -Wno-uninitialized -Wno-unknown-pragmas -w -Wno-shadow -Wno-four-char-constants -Wno-conversion -Wno-constant-conversion -Wno-int-conversion -Wno-bool-conversion -Wno-enum-conversion -Wno-float-conversion -Wno-non-literal-null-conversion -Wno-objc-literal-conversion -Wshorten-64-to-32 -Wpointer-sign -Wno-newline-eof -Wno-selector -Wno-strict-selector-match -Wno-undeclared-selector -Wno-deprecated-implementations -Wno-implicit-fallthrough -fstrict-aliasing -Wprotocol -Wdeprecated-declarations -Wno-sign-conversion -Wno-infinite-recursion -Wno-comma -Wno-block-capture-autoreleasing -Wno-strict-prototypes -Wno-semicolon-before-method-body @/Users/runner/Library/Developer/Xcode/DerivedData/Runner-cxlsvnhjswijkndnlirzgjlztczd/Build/Intermediates.noindex/package_info_plus.build/Release-iphoneos/package_info_plus.build/Objects-normal/arm64/e6072d4f65d7061329687fe24e3d63a7-common-args.resp -include /Users/runner/Library/Developer/Xcode/DerivedData/Runner-cxlsvnhjswijkndnlirzgjlztczd/Build/Intermediates.noindex/package_info_plus.build/Release-iphoneos/package_info_plus.build/DerivedSources/resource_bundle_accessor.h -MMD -MT dependencies -MF /Users/runner/Library/Developer/Xcode/DerivedData/Runner-cxlsvnhjswijkndnlirzgjlztczd/Build/Intermediates.noindex/package_info_plus.build/Release-iphoneos/package_info_plus.build/Objects-normal/arm64/FPPPackageInfoPlusPlugin.d --serialize-diagnostics /Users/runner/Library/Developer/Xcode/DerivedData/Runner-cxlsvnhjswijkndnlirzgjlztczd/Build/Intermediates.noindex/package_info_plus.build/Release-iphoneos/package_info_plus.build/Objects-normal/arm64/FPPPackageInfoPlusPlugin.dia -c /Users/runner/.pub-cache/hosted/pub.dev/package_info_plus-10.0.0/ios/package_info_plus/Sources/package_info_plus/FPPPackageInfoPlusPlugin.m -o /Users/runner/Library/Developer/Xcode/DerivedData/Runner-cxlsvnhjswijkndnlirzgjlztczd/Build/Intermediates.noindex/package_info_plus.build/Release-iphoneos/package_info_plus.build/Objects-normal/arm64/FPPPackageInfoPlusPlugin.o

Ld /Users/runner/Library/Developer/Xcode/DerivedData/Runner-cxlsvnhjswijkndnlirzgjlztczd/Build/Products/Release-iphoneos/wakelock_plus.o normal (in target 'wakelock_plus' from project 'wakelock_plus')
    cd /Users/runner/work/anivault/anivault/ios/Flutter/ephemeral/Packages/.packages/wakelock_plus-1.6.0
    /Applications/Xcode_15.4.app/Contents/Developer/Toolchains/XcodeDefault.xctoolchain/usr/bin/clang -Xlinker -reproducible -target arm64-apple-ios12.0 -r -isysroot /Applications/Xcode_15.4.app/Contents/Developer/Platforms/iPhoneOS.platform/Developer/SDKs/iPhoneOS17.5.sdk -Os -w -L/Users/runner/Library/Developer/Xcode/DerivedData/Runner-cxlsvnhjswijkndnlirzgjlztczd/Build/Intermediates.noindex/EagerLinkingTBDs/Release-iphoneos -L/Users/runner/Library/Developer/Xcode/DerivedData/Runner-cxlsvnhjswijkndnlirzgjlztczd/Build/Products/Release-iphoneos -L/Applications/Xcode_15.4.app/Contents/Developer/Platforms/iPhoneOS.platform/Developer/usr/lib -F/Users/runner/Library/Developer/Xcode/DerivedData/Runner-cxlsvnhjswijkndnlirzgjlztczd/Build/Intermediates.noindex/EagerLinkingTBDs/Release-iphoneos -F/Users/runner/Library/Developer/Xcode/DerivedData/Runner-cxlsvnhjswijkndnlirzgjlztczd/Build/Products/Release-iphoneos -iframework /Applications/Xcode_15.4.app/Contents/Developer/Platforms/iPhoneOS.platform/Developer/Library/Frameworks -iframework /Applications/Xcode_15.4.app/Contents/Developer/Platforms/iPhoneOS.platform/Developer/SDKs/iPhoneOS17.5.sdk/Developer/Library/Frameworks -filelist /Users/runner/Library/Developer/Xcode/DerivedData/Runner-cxlsvnhjswijkndnlirzgjlztczd/Build/Intermediates.noindex/wakelock_plus.build/Release-iphoneos/wakelock_plus.build/Objects-normal/arm64/wakelock_plus.LinkFileList -nostdlib -Xlinker -object_path_lto -Xlinker /Users/runner/Library/Developer/Xcode/DerivedData/Runner-cxlsvnhjswijkndnlirzgjlztczd/Build/Intermediates.noindex/wakelock_plus.build/Release-iphoneos/wakelock_plus.build/Objects-normal/arm64/wakelock_plus_lto.o -fobjc-arc -fobjc-link-runtime -Xlinker -dependency_info -Xlinker /Users/runner/Library/Developer/Xcode/DerivedData/Runner-cxlsvnhjswijkndnlirzgjlztczd/Build/Intermediates.noindex/wakelock_plus.build/Release-iphoneos/wakelock_plus.build/Objects-normal/arm64/wakelock_plus_dependency_info.dat -o /Users/runner/Library/Developer/Xcode/DerivedData/Runner-cxlsvnhjswijkndnlirzgjlztczd/Build/Products/Release-iphoneos/wakelock_plus.o

SwiftDriver\ Compilation shared_preferences_foundation normal arm64 com.apple.xcode.tools.swift.compiler (in target 'shared_preferences_foundation' from project 'shared_preferences_foundation')
    cd /Users/runner/work/anivault/anivault/ios/Flutter/ephemeral/Packages/.packages/shared_preferences_foundation-2.5.6
    builtin-Swift-Compilation -- /Applications/Xcode_15.4.app/Contents/Developer/Toolchains/XcodeDefault.xctoolchain/usr/bin/swiftc -module-name shared_preferences_foundation -O -whole-module-optimization -enforce-exclusivity\=checked @/Users/runner/Library/Developer/Xcode/DerivedData/Runner-cxlsvnhjswijkndnlirzgjlztczd/Build/Intermediates.noindex/shared_preferences_foundation.build/Release-iphoneos/shared_preferences_foundation.build/Objects-normal/arm64/shared_preferences_foundation.SwiftFileList -DSWIFT_PACKAGE -DXcode -sdk /Applications/Xcode_15.4.app/Contents/Developer/Platforms/iPhoneOS.platform/Developer/SDKs/iPhoneOS17.5.sdk -target arm64-apple-ios13.0 -g -module-cache-path /Users/runner/Library/Developer/Xcode/DerivedData/ModuleCache.noindex -Xfrontend -serialize-debugging-options -suppress-warnings -swift-version 5 -I /Users/runner/Library/Developer/Xcode/DerivedData/Runner-cxlsvnhjswijkndnlirzgjlztczd/Build/Products/Release-iphoneos -I /Applications/Xcode_15.4.app/Contents/Developer/Platforms/iPhoneOS.platform/Developer/usr/lib -F /Users/runner/Library/Developer/Xcode/DerivedData/Runner-cxlsvnhjswijkndnlirzgjlztczd/Build/Products/Release-iphoneos -F /Applications/Xcode_15.4.app/Contents/Developer/Platforms/iPhoneOS.platform/Developer/Library/Frameworks -F /Applications/Xcode_15.4.app/Contents/Developer/Platforms/iPhoneOS.platform/Developer/SDKs/iPhoneOS17.5.sdk/Developer/Library/Frameworks -c -num-threads 3 -Xcc -ivfsstatcache -Xcc /Users/runner/Library/Developer/Xcode/DerivedData/SDKStatCaches.noindex/iphoneos17.5-21F77-f0fa7969d082b13145125136a829df3a.sdkstatcache -output-file-map /Users/runner/Library/Developer/Xcode/DerivedData/Runner-cxlsvnhjswijkndnlirzgjlztczd/Build/Intermediates.noindex/shared_preferences_foundation.build/Release-iphoneos/shared_preferences_foundation.build/Objects-normal/arm64/shared_preferences_foundation-OutputFileMap.json -use-frontend-parseable-output -save-temps -no-color-diagnostics -serialize-diagnostics -emit-dependencies -emit-module -emit-module-path /Users/runner/Library/Developer/Xcode/DerivedData/Runner-cxlsvnhjswijkndnlirzgjlztczd/Build/Intermediates.noindex/shared_preferences_foundation.build/Release-iphoneos/shared_preferences_foundation.build/Objects-normal/arm64/shared_preferences_foundation.swiftmodule -validate-clang-modules-once -clang-build-session-file /Users/runner/Library/Developer/Xcode/DerivedData/ModuleCache.noindex/Session.modulevalidation -Xfrontend -package-name -Xfrontend shared_preferences_foundation_2_5_6 -Xcc -I/Users/runner/Library/Developer/Xcode/DerivedData/Runner-cxlsvnhjswijkndnlirzgjlztczd/Build/Intermediates.noindex/shared_preferences_foundation.build/Release-iphoneos/shared_preferences_foundation.build/swift-overrides.hmap -emit-const-values -Xfrontend -const-gather-protocols-file -Xfrontend /Users/runner/Library/Developer/Xcode/DerivedData/Runner-cxlsvnhjswijkndnlirzgjlztczd/Build/Intermediates.noindex/shared_preferences_foundation.build/Release-iphoneos/shared_preferences_foundation.build/Objects-normal/arm64/shared_preferences_foundation_const_extract_protocols.json -Xcc -I/Users/runner/Library/Developer/Xcode/DerivedData/Runner-cxlsvnhjswijkndnlirzgjlztczd/Build/Products/Release-iphoneos/include -Xcc -I/Users/runner/Library/Developer/Xcode/DerivedData/Runner-cxlsvnhjswijkndnlirzgjlztczd/Build/Intermediates.noindex/shared_preferences_foundation.build/Release-iphoneos/shared_preferences_foundation.build/DerivedSources-normal/arm64 -Xcc -I/Users/runner/Library/Developer/Xcode/DerivedData/Runner-cxlsvnhjswijkndnlirzgjlztczd/Build/Intermediates.noindex/shared_preferences_foundation.build/Release-iphoneos/shared_preferences_foundation.build/DerivedSources/arm64 -Xcc -I/Users/runner/Library/Developer/Xcode/DerivedData/Runner-cxlsvnhjswijkndnlirzgjlztczd/Build/Intermediates.noindex/shared_preferences_foundation.build/Release-iphoneos/shared_preferences_foundation.build/DerivedSources -Xcc -DSWIFT_PACKAGE -emit-objc-header -emit-objc-header-path /Users/runner/Library/Developer/Xcode/DerivedData/Runner-cxlsvnhjswijkndnlirzgjlztczd/Build/Intermediates.noindex/shared_preferences_foundation.build/Release-iphoneos/shared_preferences_foundation.build/Objects-normal/arm64/shared_preferences_foundation-Swift.h -working-directory /Users/runner/work/anivault/anivault/ios/Flutter/ephemeral/Packages/.packages/shared_preferences_foundation-2.5.6 -no-emit-module-separately-wmo

Ld /Users/runner/Library/Developer/Xcode/DerivedData/Runner-cxlsvnhjswijkndnlirzgjlztczd/Build/Products/Release-iphoneos/package_info_plus.o normal (in target 'package_info_plus' from project 'package_info_plus')
    cd /Users/runner/work/anivault/anivault/ios/Flutter/ephemeral/Packages/.packages/package_info_plus-10.0.0
    /Applications/Xcode_15.4.app/Contents/Developer/Toolchains/XcodeDefault.xctoolchain/usr/bin/clang -Xlinker -reproducible -target arm64-apple-ios12.0 -r -isysroot /Applications/Xcode_15.4.app/Contents/Developer/Platforms/iPhoneOS.platform/Developer/SDKs/iPhoneOS17.5.sdk -Os -w -L/Users/runner/Library/Developer/Xcode/DerivedData/Runner-cxlsvnhjswijkndnlirzgjlztczd/Build/Intermediates.noindex/EagerLinkingTBDs/Release-iphoneos -L/Users/runner/Library/Developer/Xcode/DerivedData/Runner-cxlsvnhjswijkndnlirzgjlztczd/Build/Products/Release-iphoneos -L/Applications/Xcode_15.4.app/Contents/Developer/Platforms/iPhoneOS.platform/Developer/usr/lib -F/Users/runner/Library/Developer/Xcode/DerivedData/Runner-cxlsvnhjswijkndnlirzgjlztczd/Build/Intermediates.noindex/EagerLinkingTBDs/Release-iphoneos -F/Users/runner/Library/Developer/Xcode/DerivedData/Runner-cxlsvnhjswijkndnlirzgjlztczd/Build/Products/Release-iphoneos -iframework /Applications/Xcode_15.4.app/Contents/Developer/Platforms/iPhoneOS.platform/Developer/Library/Frameworks -iframework /Applications/Xcode_15.4.app/Contents/Developer/Platforms/iPhoneOS.platform/Developer/SDKs/iPhoneOS17.5.sdk/Developer/Library/Frameworks -filelist /Users/runner/Library/Developer/Xcode/DerivedData/Runner-cxlsvnhjswijkndnlirzgjlztczd/Build/Intermediates.noindex/package_info_plus.build/Release-iphoneos/package_info_plus.build/Objects-normal/arm64/package_info_plus.LinkFileList -nostdlib -Xlinker -object_path_lto -Xlinker /Users/runner/Library/Developer/Xcode/DerivedData/Runner-cxlsvnhjswijkndnlirzgjlztczd/Build/Intermediates.noindex/package_info_plus.build/Release-iphoneos/package_info_plus.build/Objects-normal/arm64/package_info_plus_lto.o -fobjc-arc -fobjc-link-runtime -Xlinker -dependency_info -Xlinker /Users/runner/Library/Developer/Xcode/DerivedData/Runner-cxlsvnhjswijkndnlirzgjlztczd/Build/Intermediates.noindex/package_info_plus.build/Release-iphoneos/package_info_plus.build/Objects-normal/arm64/package_info_plus_dependency_info.dat -o /Users/runner/Library/Developer/Xcode/DerivedData/Runner-cxlsvnhjswijkndnlirzgjlztczd/Build/Products/Release-iphoneos/package_info_plus.o

SwiftDriver\ Compilation media_kit_video normal arm64 com.apple.xcode.tools.swift.compiler (in target 'media_kit_video' from project 'Pods')
    cd /Users/runner/work/anivault/anivault/ios/Pods
    builtin-Swift-Compilation -- /Applications/Xcode_15.4.app/Contents/Developer/Toolchains/XcodeDefault.xctoolchain/usr/bin/swiftc -module-name media_kit_video -O -whole-module-optimization -enforce-exclusivity\=checked @/Users/runner/Library/Developer/Xcode/DerivedData/Runner-cxlsvnhjswijkndnlirzgjlztczd/Build/Intermediates.noindex/Pods.build/Release-iphoneos/media_kit_video.build/Objects-normal/arm64/media_kit_video.SwiftFileList -D COCOAPODS -sdk /Applications/Xcode_15.4.app/Contents/Developer/Platforms/iPhoneOS.platform/Developer/SDKs/iPhoneOS17.5.sdk -target arm64-apple-ios13.0 -enable-bare-slash-regex -g -module-cache-path /Users/runner/Library/Developer/Xcode/DerivedData/ModuleCache.noindex -Xfrontend -serialize-debugging-options -swift-version 5 -I /Users/runner/Library/Developer/Xcode/DerivedData/Runner-cxlsvnhjswijkndnlirzgjlztczd/Build/Products/Release-iphoneos/media_kit_video -F /Users/runner/Library/Developer/Xcode/DerivedData/Runner-cxlsvnhjswijkndnlirzgjlztczd/Build/Products/Release-iphoneos/media_kit_video -F /Users/runner/hostedtoolcache/flutter/stable-3.44.4-arm64/flutter/bin/cache/artifacts/engine/ios-release/Flutter.xcframework/ios-arm64 -F /Users/runner/work/anivault/anivault/ios/.symlinks/plugins/media_kit_libs_ios_video/ios/Frameworks/.symlinks/mpv/ios -c -num-threads 3 -Xcc -ivfsstatcache -Xcc /Users/runner/Library/Developer/Xcode/DerivedData/SDKStatCaches.noindex/iphoneos17.5-21F77-f0fa7969d082b13145125136a829df3a.sdkstatcache -output-file-map /Users/runner/Library/Developer/Xcode/DerivedData/Runner-cxlsvnhjswijkndnlirzgjlztczd/Build/Intermediates.noindex/Pods.build/Release-iphoneos/media_kit_video.build/Objects-normal/arm64/media_kit_video-OutputFileMap.json -use-frontend-parseable-output -save-temps -no-color-diagnostics -serialize-diagnostics -emit-dependencies -emit-module -emit-module-path /Users/runner/Library/Developer/Xcode/DerivedData/Runner-cxlsvnhjswijkndnlirzgjlztczd/Build/Intermediates.noindex/Pods.build/Release-iphoneos/media_kit_video.build/Objects-normal/arm64/media_kit_video.swiftmodule -validate-clang-modules-once -clang-build-session-file /Users/runner/Library/Developer/Xcode/DerivedData/ModuleCache.noindex/Session.modulevalidation -Xcc -I/Users/runner/Library/Developer/Xcode/DerivedData/Runner-cxlsvnhjswijkndnlirzgjlztczd/Build/Intermediates.noindex/Pods.build/Release-iphoneos/media_kit_video.build/swift-overrides.hmap -emit-const-values -Xfrontend -const-gather-protocols-file -Xfrontend /Users/runner/Library/Developer/Xcode/DerivedData/Runner-cxlsvnhjswijkndnlirzgjlztczd/Build/Intermediates.noindex/Pods.build/Release-iphoneos/media_kit_video.build/Objects-normal/arm64/media_kit_video_const_extract_protocols.json -Xcc -iquote -Xcc /Users/runner/Library/Developer/Xcode/DerivedData/Runner-cxlsvnhjswijkndnlirzgjlztczd/Build/Intermediates.noindex/Pods.build/Release-iphoneos/media_kit_video.build/media_kit_video-generated-files.hmap -Xcc -I/Users/runner/Library/Developer/Xcode/DerivedData/Runner-cxlsvnhjswijkndnlirzgjlztczd/Build/Intermediates.noindex/Pods.build/Release-iphoneos/media_kit_video.build/media_kit_video-own-target-headers.hmap -Xcc -I/Users/runner/Library/Developer/Xcode/DerivedData/Runner-cxlsvnhjswijkndnlirzgjlztczd/Build/Intermediates.noindex/Pods.build/Release-iphoneos/media_kit_video.build/media_kit_video-all-non-framework-target-headers.hmap -Xcc -ivfsoverlay -Xcc /Users/runner/Library/Developer/Xcode/DerivedData/Runner-cxlsvnhjswijkndnlirzgjlztczd/Build/Intermediates.noindex/Pods.build/Release-iphoneos/media_kit_video.build/all-product-headers.yaml -Xcc -iquote -Xcc /Users/runner/Library/Developer/Xcode/DerivedData/Runner-cxlsvnhjswijkndnlirzgjlztczd/Build/Intermediates.noindex/Pods.build/Release-iphoneos/media_kit_video.build/media_kit_video-project-headers.hmap -Xcc -I/Users/runner/Library/Developer/Xcode/DerivedData/Runner-cxlsvnhjswijkndnlirzgjlztczd/Build/Products/Release-iphoneos/media_kit_video/include -Xcc -I/Users/runner/Library/Developer/Xcode/DerivedData/Runner-cxlsvnhjswijkndnlirzgjlztczd/Build/Intermediates.noindex/Pods.build/Release-iphoneos/media_kit_video.build/DerivedSources-normal/arm64 -Xcc -I/Users/runner/Library/Developer/Xcode/DerivedData/Runner-cxlsvnhjswijkndnlirzgjlztczd/Build/Intermediates.noindex/Pods.build/Release-iphoneos/media_kit_video.build/DerivedSources/arm64 -Xcc -I/Users/runner/Library/Developer/Xcode/DerivedData/Runner-cxlsvnhjswijkndnlirzgjlztczd/Build/Intermediates.noindex/Pods.build/Release-iphoneos/media_kit_video.build/DerivedSources -Xcc -DPOD_CONFIGURATION_RELEASE\=1 -Xcc -DCOCOAPODS\=1 -Xcc -DPOD_CONFIGURATION_RELEASE\=1\  -Xcc -DGL_SILENCE_DEPRECATION -Xcc -DCOREVIDEO_SILENCE_GL_DEPRECATION -emit-objc-header -emit-objc-header-path /Users/runner/Library/Developer/Xcode/DerivedData/Runner-cxlsvnhjswijkndnlirzgjlztczd/Build/Intermediates.noindex/Pods.build/Release-iphoneos/media_kit_video.build/Objects-normal/arm64/media_kit_video-Swift.h -import-underlying-module -Xcc -ivfsoverlay -Xcc /Users/runner/Library/Developer/Xcode/DerivedData/Runner-cxlsvnhjswijkndnlirzgjlztczd/Build/Intermediates.noindex/Pods.build/Release-iphoneos/media_kit_video.build/unextended-module-overlay.yaml -working-directory /Users/runner/work/anivault/anivault/ios/Pods -no-emit-module-separately-wmo

SwiftDriver\ Compilation file_selector_ios normal arm64 com.apple.xcode.tools.swift.compiler (in target 'file_selector_ios' from project 'file_selector_ios')
    cd /Users/runner/work/anivault/anivault/ios/Flutter/ephemeral/Packages/.packages/file_selector_ios-0.5.3+5
    builtin-Swift-Compilation -- /Applications/Xcode_15.4.app/Contents/Developer/Toolchains/XcodeDefault.xctoolchain/usr/bin/swiftc -module-name file_selector_ios -O -whole-module-optimization -enforce-exclusivity\=checked @/Users/runner/Library/Developer/Xcode/DerivedData/Runner-cxlsvnhjswijkndnlirzgjlztczd/Build/Intermediates.noindex/file_selector_ios.build/Release-iphoneos/file_selector_ios.build/Objects-normal/arm64/file_selector_ios.SwiftFileList -DSWIFT_PACKAGE -DXcode -sdk /Applications/Xcode_15.4.app/Contents/Developer/Platforms/iPhoneOS.platform/Developer/SDKs/iPhoneOS17.5.sdk -target arm64-apple-ios13.0 -g -module-cache-path /Users/runner/Library/Developer/Xcode/DerivedData/ModuleCache.noindex -Xfrontend -serialize-debugging-options -suppress-warnings -swift-version 5 -I /Users/runner/Library/Developer/Xcode/DerivedData/Runner-cxlsvnhjswijkndnlirzgjlztczd/Build/Products/Release-iphoneos -I /Applications/Xcode_15.4.app/Contents/Developer/Platforms/iPhoneOS.platform/Developer/usr/lib -F /Users/runner/Library/Developer/Xcode/DerivedData/Runner-cxlsvnhjswijkndnlirzgjlztczd/Build/Products/Release-iphoneos -F /Applications/Xcode_15.4.app/Contents/Developer/Platforms/iPhoneOS.platform/Developer/Library/Frameworks -F /Applications/Xcode_15.4.app/Contents/Developer/Platforms/iPhoneOS.platform/Developer/SDKs/iPhoneOS17.5.sdk/Developer/Library/Frameworks -c -num-threads 3 -Xcc -ivfsstatcache -Xcc /Users/runner/Library/Developer/Xcode/DerivedData/SDKStatCaches.noindex/iphoneos17.5-21F77-f0fa7969d082b13145125136a829df3a.sdkstatcache -output-file-map /Users/runner/Library/Developer/Xcode/DerivedData/Runner-cxlsvnhjswijkndnlirzgjlztczd/Build/Intermediates.noindex/file_selector_ios.build/Release-iphoneos/file_selector_ios.build/Objects-normal/arm64/file_selector_ios-OutputFileMap.json -use-frontend-parseable-output -save-temps -no-color-diagnostics -serialize-diagnostics -emit-dependencies -emit-module -emit-module-path /Users/runner/Library/Developer/Xcode/DerivedData/Runner-cxlsvnhjswijkndnlirzgjlztczd/Build/Intermediates.noindex/file_selector_ios.build/Release-iphoneos/file_selector_ios.build/Objects-normal/arm64/file_selector_ios.swiftmodule -validate-clang-modules-once -clang-build-session-file /Users/runner/Library/Developer/Xcode/DerivedData/ModuleCache.noindex/Session.modulevalidation -Xfrontend -package-name -Xfrontend file_selector_ios_0_5_3_5 -Xcc -I/Users/runner/Library/Developer/Xcode/DerivedData/Runner-cxlsvnhjswijkndnlirzgjlztczd/Build/Intermediates.noindex/file_selector_ios.build/Release-iphoneos/file_selector_ios.build/swift-overrides.hmap -emit-const-values -Xfrontend -const-gather-protocols-file -Xfrontend /Users/runner/Library/Developer/Xcode/DerivedData/Runner-cxlsvnhjswijkndnlirzgjlztczd/Build/Intermediates.noindex/file_selector_ios.build/Release-iphoneos/file_selector_ios.build/Objects-normal/arm64/file_selector_ios_const_extract_protocols.json -Xcc -I/Users/runner/Library/Developer/Xcode/DerivedData/Runner-cxlsvnhjswijkndnlirzgjlztczd/Build/Products/Release-iphoneos/include -Xcc -I/Users/runner/work/anivault/anivault/ios/Flutter/ephemeral/Packages/.packages/file_selector_ios-0.5.3+5/Sources/file_selector_ios/include/file_selector_ios -Xcc -I/Users/runner/Library/Developer/Xcode/DerivedData/Runner-cxlsvnhjswijkndnlirzgjlztczd/Build/Intermediates.noindex/file_selector_ios.build/Release-iphoneos/file_selector_ios.build/DerivedSources-normal/arm64 -Xcc -I/Users/runner/Library/Developer/Xcode/DerivedData/Runner-cxlsvnhjswijkndnlirzgjlztczd/Build/Intermediates.noindex/file_selector_ios.build/Release-iphoneos/file_selector_ios.build/DerivedSources/arm64 -Xcc -I/Users/runner/Library/Developer/Xcode/DerivedData/Runner-cxlsvnhjswijkndnlirzgjlztczd/Build/Intermediates.noindex/file_selector_ios.build/Release-iphoneos/file_selector_ios.build/DerivedSources -Xcc -DSWIFT_PACKAGE -emit-objc-header -emit-objc-header-path /Users/runner/Library/Developer/Xcode/DerivedData/Runner-cxlsvnhjswijkndnlirzgjlztczd/Build/Intermediates.noindex/file_selector_ios.build/Release-iphoneos/file_selector_ios.build/Objects-normal/arm64/file_selector_ios-Swift.h -working-directory /Users/runner/work/anivault/anivault/ios/Flutter/ephemeral/Packages/.packages/file_selector_ios-0.5.3+5 -no-emit-module-separately-wmo

SwiftDriver\ Compilation FlutterFramework normal arm64 com.apple.xcode.tools.swift.compiler (in target 'FlutterFramework' from project 'FlutterFramework')
    cd /Users/runner/work/anivault/anivault/ios/Flutter/ephemeral/Packages/.packages/FlutterFramework
    builtin-Swift-Compilation -- /Applications/Xcode_15.4.app/Contents/Developer/Toolchains/XcodeDefault.xctoolchain/usr/bin/swiftc -module-name FlutterFramework -O -whole-module-optimization -enforce-exclusivity\=checked @/Users/runner/Library/Developer/Xcode/DerivedData/Runner-cxlsvnhjswijkndnlirzgjlztczd/Build/Intermediates.noindex/FlutterFramework.build/Release-iphoneos/FlutterFramework.build/Objects-normal/arm64/FlutterFramework.SwiftFileList -DSWIFT_PACKAGE -DXcode -sdk /Applications/Xcode_15.4.app/Contents/Developer/Platforms/iPhoneOS.platform/Developer/SDKs/iPhoneOS17.5.sdk -target arm64-apple-ios12.0 -g -module-cache-path /Users/runner/Library/Developer/Xcode/DerivedData/ModuleCache.noindex -Xfrontend -serialize-debugging-options -suppress-warnings -swift-version 5 -I /Users/runner/Library/Developer/Xcode/DerivedData/Runner-cxlsvnhjswijkndnlirzgjlztczd/Build/Products/Release-iphoneos -I /Applications/Xcode_15.4.app/Contents/Developer/Platforms/iPhoneOS.platform/Developer/usr/lib -F /Users/runner/Library/Developer/Xcode/DerivedData/Runner-cxlsvnhjswijkndnlirzgjlztczd/Build/Products/Release-iphoneos -F /Applications/Xcode_15.4.app/Contents/Developer/Platforms/iPhoneOS.platform/Developer/Library/Frameworks -F /Applications/Xcode_15.4.app/Contents/Developer/Platforms/iPhoneOS.platform/Developer/SDKs/iPhoneOS17.5.sdk/Developer/Library/Frameworks -parse-as-library -c -num-threads 3 -Xcc -ivfsstatcache -Xcc /Users/runner/Library/Developer/Xcode/DerivedData/SDKStatCaches.noindex/iphoneos17.5-21F77-f0fa7969d082b13145125136a829df3a.sdkstatcache -output-file-map /Users/runner/Library/Developer/Xcode/DerivedData/Runner-cxlsvnhjswijkndnlirzgjlztczd/Build/Intermediates.noindex/FlutterFramework.build/Release-iphoneos/FlutterFramework.build/Objects-normal/arm64/FlutterFramework-OutputFileMap.json -use-frontend-parseable-output -save-temps -no-color-diagnostics -serialize-diagnostics -emit-dependencies -emit-module -emit-module-path /Users/runner/Library/Developer/Xcode/DerivedData/Runner-cxlsvnhjswijkndnlirzgjlztczd/Build/Intermediates.noindex/FlutterFramework.build/Release-iphoneos/FlutterFramework.build/Objects-normal/arm64/FlutterFramework.swiftmodule -validate-clang-modules-once -clang-build-session-file /Users/runner/Library/Developer/Xcode/DerivedData/ModuleCache.noindex/Session.modulevalidation -Xfrontend -package-name -Xfrontend flutterframework -Xcc -I/Users/runner/Library/Developer/Xcode/DerivedData/Runner-cxlsvnhjswijkndnlirzgjlztczd/Build/Intermediates.noindex/FlutterFramework.build/Release-iphoneos/FlutterFramework.build/swift-overrides.hmap -emit-const-values -Xfrontend -const-gather-protocols-file -Xfrontend /Users/runner/Library/Developer/Xcode/DerivedData/Runner-cxlsvnhjswijkndnlirzgjlztczd/Build/Intermediates.noindex/FlutterFramework.build/Release-iphoneos/FlutterFramework.build/Objects-normal/arm64/FlutterFramework_const_extract_protocols.json -Xcc -I/Users/runner/Library/Developer/Xcode/DerivedData/Runner-cxlsvnhjswijkndnlirzgjlztczd/Build/Products/Release-iphoneos/include -Xcc -I/Users/runner/Library/Developer/Xcode/DerivedData/Runner-cxlsvnhjswijkndnlirzgjlztczd/Build/Intermediates.noindex/FlutterFramework.build/Release-iphoneos/FlutterFramework.build/DerivedSources-normal/arm64 -Xcc -I/Users/runner/Library/Developer/Xcode/DerivedData/Runner-cxlsvnhjswijkndnlirzgjlztczd/Build/Intermediates.noindex/FlutterFramework.build/Release-iphoneos/FlutterFramework.build/DerivedSources/arm64 -Xcc -I/Users/runner/Library/Developer/Xcode/DerivedData/Runner-cxlsvnhjswijkndnlirzgjlztczd/Build/Intermediates.noindex/FlutterFramework.build/Release-iphoneos/FlutterFramework.build/DerivedSources -Xcc -DSWIFT_PACKAGE -emit-objc-header -emit-objc-header-path /Users/runner/Library/Developer/Xcode/DerivedData/Runner-cxlsvnhjswijkndnlirzgjlztczd/Build/Intermediates.noindex/FlutterFramework.build/Release-iphoneos/FlutterFramework.build/Objects-normal/arm64/FlutterFramework-Swift.h -working-directory /Users/runner/work/anivault/anivault/ios/Flutter/ephemeral/Packages/.packages/FlutterFramework -no-emit-module-separately-wmo

Ld /Users/runner/Library/Developer/Xcode/DerivedData/Runner-cxlsvnhjswijkndnlirzgjlztczd/Build/Products/Release-iphoneos/shared_preferences_foundation.o normal (in target 'shared_preferences_foundation' from project 'shared_preferences_foundation')
    cd /Users/runner/work/anivault/anivault/ios/Flutter/ephemeral/Packages/.packages/shared_preferences_foundation-2.5.6
    /Applications/Xcode_15.4.app/Contents/Developer/Toolchains/XcodeDefault.xctoolchain/usr/bin/clang -Xlinker -reproducible -target arm64-apple-ios13.0 -r -isysroot /Applications/Xcode_15.4.app/Contents/Developer/Platforms/iPhoneOS.platform/Developer/SDKs/iPhoneOS17.5.sdk -Os -w -L/Users/runner/Library/Developer/Xcode/DerivedData/Runner-cxlsvnhjswijkndnlirzgjlztczd/Build/Intermediates.noindex/EagerLinkingTBDs/Release-iphoneos -L/Users/runner/Library/Developer/Xcode/DerivedData/Runner-cxlsvnhjswijkndnlirzgjlztczd/Build/Products/Release-iphoneos -L/Applications/Xcode_15.4.app/Contents/Developer/Platforms/iPhoneOS.platform/Developer/usr/lib -F/Users/runner/Library/Developer/Xcode/DerivedData/Runner-cxlsvnhjswijkndnlirzgjlztczd/Build/Intermediates.noindex/EagerLinkingTBDs/Release-iphoneos -F/Users/runner/Library/Developer/Xcode/DerivedData/Runner-cxlsvnhjswijkndnlirzgjlztczd/Build/Products/Release-iphoneos -iframework /Applications/Xcode_15.4.app/Contents/Developer/Platforms/iPhoneOS.platform/Developer/Library/Frameworks -iframework /Applications/Xcode_15.4.app/Contents/Developer/Platforms/iPhoneOS.platform/Developer/SDKs/iPhoneOS17.5.sdk/Developer/Library/Frameworks -filelist /Users/runner/Library/Developer/Xcode/DerivedData/Runner-cxlsvnhjswijkndnlirzgjlztczd/Build/Intermediates.noindex/shared_preferences_foundation.build/Release-iphoneos/shared_preferences_foundation.build/Objects-normal/arm64/shared_preferences_foundation.LinkFileList -nostdlib -Xlinker -object_path_lto -Xlinker /Users/runner/Library/Developer/Xcode/DerivedData/Runner-cxlsvnhjswijkndnlirzgjlztczd/Build/Intermediates.noindex/shared_preferences_foundation.build/Release-iphoneos/shared_preferences_foundation.build/Objects-normal/arm64/shared_preferences_foundation_lto.o -fobjc-link-runtime -L/Applications/Xcode_15.4.app/Contents/Developer/Toolchains/XcodeDefault.xctoolchain/usr/lib/swift/iphoneos -L/usr/lib/swift -Xlinker -add_ast_path -Xlinker /Users/runner/Library/Developer/Xcode/DerivedData/Runner-cxlsvnhjswijkndnlirzgjlztczd/Build/Intermediates.noindex/shared_preferences_foundation.build/Release-iphoneos/shared_preferences_foundation.build/Objects-normal/arm64/shared_preferences_foundation.swiftmodule -Xlinker -dependency_info -Xlinker /Users/runner/Library/Developer/Xcode/DerivedData/Runner-cxlsvnhjswijkndnlirzgjlztczd/Build/Intermediates.noindex/shared_preferences_foundation.build/Release-iphoneos/shared_preferences_foundation.build/Objects-normal/arm64/shared_preferences_foundation_dependency_info.dat -o /Users/runner/Library/Developer/Xcode/DerivedData/Runner-cxlsvnhjswijkndnlirzgjlztczd/Build/Products/Release-iphoneos/shared_preferences_foundation.o

SwiftDriver media_kit_libs_ios_video normal arm64 com.apple.xcode.tools.swift.compiler (in target 'media_kit_libs_ios_video' from project 'Pods')
    cd /Users/runner/work/anivault/anivault/ios/Pods
    builtin-SwiftDriver -- /Applications/Xcode_15.4.app/Contents/Developer/Toolchains/XcodeDefault.xctoolchain/usr/bin/swiftc -module-name media_kit_libs_ios_video -O -whole-module-optimization -enforce-exclusivity\=checked @/Users/runner/Library/Developer/Xcode/DerivedData/Runner-cxlsvnhjswijkndnlirzgjlztczd/Build/Intermediates.noindex/Pods.build/Release-iphoneos/media_kit_libs_ios_video.build/Objects-normal/arm64/media_kit_libs_ios_video.SwiftFileList -D COCOAPODS -sdk /Applications/Xcode_15.4.app/Contents/Developer/Platforms/iPhoneOS.platform/Developer/SDKs/iPhoneOS17.5.sdk -target arm64-apple-ios13.0 -enable-bare-slash-regex -g -module-cache-path /Users/runner/Library/Developer/Xcode/DerivedData/ModuleCache.noindex -Xfrontend -serialize-debugging-options -swift-version 5 -I /Users/runner/Library/Developer/Xcode/DerivedData/Runner-cxlsvnhjswijkndnlirzgjlztczd/Build/Products/Release-iphoneos/media_kit_libs_ios_video -F /Users/runner/Library/Developer/Xcode/DerivedData/Runner-cxlsvnhjswijkndnlirzgjlztczd/Build/Products/Release-iphoneos/media_kit_libs_ios_video -F /Users/runner/hostedtoolcache/flutter/stable-3.44.4-arm64/flutter/bin/cache/artifacts/engine/ios-release/Flutter.xcframework/ios-arm64 -F /Users/runner/work/anivault/anivault/ios/.symlinks/plugins/media_kit_libs_ios_video/ios/Frameworks -F /Users/runner/Library/Developer/Xcode/DerivedData/Runner-cxlsvnhjswijkndnlirzgjlztczd/Build/Products/Release-iphoneos/XCFrameworkIntermediates/media_kit_libs_ios_video -parse-as-library -c -num-threads 3 -Xcc -ivfsstatcache -Xcc /Users/runner/Library/Developer/Xcode/DerivedData/SDKStatCaches.noindex/iphoneos17.5-21F77-f0fa7969d082b13145125136a829df3a.sdkstatcache -output-file-map /Users/runner/Library/Developer/Xcode/DerivedData/Runner-cxlsvnhjswijkndnlirzgjlztczd/Build/Intermediates.noindex/Pods.build/Release-iphoneos/media_kit_libs_ios_video.build/Objects-normal/arm64/media_kit_libs_ios_video-OutputFileMap.json -use-frontend-parseable-output -save-temps -no-color-diagnostics -serialize-diagnostics -emit-dependencies -emit-module -emit-module-path /Users/runner/Library/Developer/Xcode/DerivedData/Runner-cxlsvnhjswijkndnlirzgjlztczd/Build/Intermediates.noindex/Pods.build/Release-iphoneos/media_kit_libs_ios_video.build/Objects-normal/arm64/media_kit_libs_ios_video.swiftmodule -validate-clang-modules-once -clang-build-session-file /Users/runner/Library/Developer/Xcode/DerivedData/ModuleCache.noindex/Session.modulevalidation -Xcc -I/Users/runner/Library/Developer/Xcode/DerivedData/Runner-cxlsvnhjswijkndnlirzgjlztczd/Build/Intermediates.noindex/Pods.build/Release-iphoneos/media_kit_libs_ios_video.build/swift-overrides.hmap -emit-const-values -Xfrontend -const-gather-protocols-file -Xfrontend /Users/runner/Library/Developer/Xcode/DerivedData/Runner-cxlsvnhjswijkndnlirzgjlztczd/Build/Intermediates.noindex/Pods.build/Release-iphoneos/media_kit_libs_ios_video.build/Objects-normal/arm64/media_kit_libs_ios_video_const_extract_protocols.json -Xcc -iquote -Xcc /Users/runner/Library/Developer/Xcode/DerivedData/Runner-cxlsvnhjswijkndnlirzgjlztczd/Build/Intermediates.noindex/Pods.build/Release-iphoneos/media_kit_libs_ios_video.build/media_kit_libs_ios_video-generated-files.hmap -Xcc -I/Users/runner/Library/Developer/Xcode/DerivedData/Runner-cxlsvnhjswijkndnlirzgjlztczd/Build/Intermediates.noindex/Pods.build/Release-iphoneos/media_kit_libs_ios_video.build/media_kit_libs_ios_video-own-target-headers.hmap -Xcc -I/Users/runner/Library/Developer/Xcode/DerivedData/Runner-cxlsvnhjswijkndnlirzgjlztczd/Build/Intermediates.noindex/Pods.build/Release-iphoneos/media_kit_libs_ios_video.build/media_kit_libs_ios_video-all-non-framework-target-headers.hmap -Xcc -ivfsoverlay -Xcc /Users/runner/Library/Developer/Xcode/DerivedData/Runner-cxlsvnhjswijkndnlirzgjlztczd/Build/Intermediates.noindex/Pods.build/Release-iphoneos/media_kit_libs_ios_video.build/all-product-headers.yaml -Xcc -iquote -Xcc /Users/runner/Library/Developer/Xcode/DerivedData/Runner-cxlsvnhjswijkndnlirzgjlztczd/Build/Intermediates.noindex/Pods.build/Release-iphoneos/media_kit_libs_ios_video.build/media_kit_libs_ios_video-project-headers.hmap -Xcc -I/Users/runner/Library/Developer/Xcode/DerivedData/Runner-cxlsvnhjswijkndnlirzgjlztczd/Build/Products/Release-iphoneos/media_kit_libs_ios_video/include -Xcc -I/Users/runner/Library/Developer/Xcode/DerivedData/Runner-cxlsvnhjswijkndnlirzgjlztczd/Build/Intermediates.noindex/Pods.build/Release-iphoneos/media_kit_libs_ios_video.build/DerivedSources-normal/arm64 -Xcc -I/Users/runner/Library/Developer/Xcode/DerivedData/Runner-cxlsvnhjswijkndnlirzgjlztczd/Build/Intermediates.noindex/Pods.build/Release-iphoneos/media_kit_libs_ios_video.build/DerivedSources/arm64 -Xcc -I/Users/runner/Library/Developer/Xcode/DerivedData/Runner-cxlsvnhjswijkndnlirzgjlztczd/Build/Intermediates.noindex/Pods.build/Release-iphoneos/media_kit_libs_ios_video.build/DerivedSources -Xcc -DPOD_CONFIGURATION_RELEASE\=1 -Xcc -DCOCOAPODS\=1 -emit-objc-header -emit-objc-header-path /Users/runner/Library/Developer/Xcode/DerivedData/Runner-cxlsvnhjswijkndnlirzgjlztczd/Build/Intermediates.noindex/Pods.build/Release-iphoneos/media_kit_libs_ios_video.build/Objects-normal/arm64/media_kit_libs_ios_video-Swift.h -import-underlying-module -Xcc -ivfsoverlay -Xcc /Users/runner/Library/Developer/Xcode/DerivedData/Runner-cxlsvnhjswijkndnlirzgjlztczd/Build/Intermediates.noindex/Pods.build/Release-iphoneos/media_kit_libs_ios_video.build/unextended-module-overlay.yaml -working-directory /Users/runner/work/anivault/anivault/ios/Pods -no-emit-module-separately-wmo

Ld /Users/runner/Library/Developer/Xcode/DerivedData/Runner-cxlsvnhjswijkndnlirzgjlztczd/Build/Products/Release-iphoneos/file_selector_ios.o normal (in target 'file_selector_ios' from project 'file_selector_ios')
    cd /Users/runner/work/anivault/anivault/ios/Flutter/ephemeral/Packages/.packages/file_selector_ios-0.5.3+5
    /Applications/Xcode_15.4.app/Contents/Developer/Toolchains/XcodeDefault.xctoolchain/usr/bin/clang -Xlinker -reproducible -target arm64-apple-ios13.0 -r -isysroot /Applications/Xcode_15.4.app/Contents/Developer/Platforms/iPhoneOS.platform/Developer/SDKs/iPhoneOS17.5.sdk -Os -w -L/Users/runner/Library/Developer/Xcode/DerivedData/Runner-cxlsvnhjswijkndnlirzgjlztczd/Build/Intermediates.noindex/EagerLinkingTBDs/Release-iphoneos -L/Users/runner/Library/Developer/Xcode/DerivedData/Runner-cxlsvnhjswijkndnlirzgjlztczd/Build/Products/Release-iphoneos -L/Applications/Xcode_15.4.app/Contents/Developer/Platforms/iPhoneOS.platform/Developer/usr/lib -F/Users/runner/Library/Developer/Xcode/DerivedData/Runner-cxlsvnhjswijkndnlirzgjlztczd/Build/Intermediates.noindex/EagerLinkingTBDs/Release-iphoneos -F/Users/runner/Library/Developer/Xcode/DerivedData/Runner-cxlsvnhjswijkndnlirzgjlztczd/Build/Products/Release-iphoneos -iframework /Applications/Xcode_15.4.app/Contents/Developer/Platforms/iPhoneOS.platform/Developer/Library/Frameworks -iframework /Applications/Xcode_15.4.app/Contents/Developer/Platforms/iPhoneOS.platform/Developer/SDKs/iPhoneOS17.5.sdk/Developer/Library/Frameworks -filelist /Users/runner/Library/Developer/Xcode/DerivedData/Runner-cxlsvnhjswijkndnlirzgjlztczd/Build/Intermediates.noindex/file_selector_ios.build/Release-iphoneos/file_selector_ios.build/Objects-normal/arm64/file_selector_ios.LinkFileList -nostdlib -Xlinker -object_path_lto -Xlinker /Users/runner/Library/Developer/Xcode/DerivedData/Runner-cxlsvnhjswijkndnlirzgjlztczd/Build/Intermediates.noindex/file_selector_ios.build/Release-iphoneos/file_selector_ios.build/Objects-normal/arm64/file_selector_ios_lto.o -fobjc-link-runtime -L/Applications/Xcode_15.4.app/Contents/Developer/Toolchains/XcodeDefault.xctoolchain/usr/lib/swift/iphoneos -L/usr/lib/swift -Xlinker -add_ast_path -Xlinker /Users/runner/Library/Developer/Xcode/DerivedData/Runner-cxlsvnhjswijkndnlirzgjlztczd/Build/Intermediates.noindex/file_selector_ios.build/Release-iphoneos/file_selector_ios.build/Objects-normal/arm64/file_selector_ios.swiftmodule -Xlinker -dependency_info -Xlinker /Users/runner/Library/Developer/Xcode/DerivedData/Runner-cxlsvnhjswijkndnlirzgjlztczd/Build/Intermediates.noindex/file_selector_ios.build/Release-iphoneos/file_selector_ios.build/Objects-normal/arm64/file_selector_ios_dependency_info.dat -o /Users/runner/Library/Developer/Xcode/DerivedData/Runner-cxlsvnhjswijkndnlirzgjlztczd/Build/Products/Release-iphoneos/file_selector_ios.o

SwiftCompile normal arm64 Compiling\ MediaKitLibsIosVideoPlugin.swift /Users/runner/.pub-cache/hosted/pub.dev/media_kit_libs_ios_video-1.1.4/ios/Classes/MediaKitLibsIosVideoPlugin.swift (in target 'media_kit_libs_ios_video' from project 'Pods')
    cd /Users/runner/work/anivault/anivault/ios/Pods
    builtin-swiftTaskExecution -- /Applications/Xcode_15.4.app/Contents/Developer/Toolchains/XcodeDefault.xctoolchain/usr/bin/swift-frontend -frontend -c /Users/runner/.pub-cache/hosted/pub.dev/media_kit_libs_ios_video-1.1.4/ios/Classes/MediaKitLibsIosVideoPlugin.swift -emit-module-path /Users/runner/Library/Developer/Xcode/DerivedData/Runner-cxlsvnhjswijkndnlirzgjlztczd/Build/Intermediates.noindex/Pods.build/Release-iphoneos/media_kit_libs_ios_video.build/Objects-normal/arm64/media_kit_libs_ios_video.swiftmodule -emit-module-doc-path /Users/runner/Library/Developer/Xcode/DerivedData/Runner-cxlsvnhjswijkndnlirzgjlztczd/Build/Intermediates.noindex/Pods.build/Release-iphoneos/media_kit_libs_ios_video.build/Objects-normal/arm64/media_kit_libs_ios_video.swiftdoc -emit-module-source-info-path /Users/runner/Library/Developer/Xcode/DerivedData/Runner-cxlsvnhjswijkndnlirzgjlztczd/Build/Intermediates.noindex/Pods.build/Release-iphoneos/media_kit_libs_ios_video.build/Objects-normal/arm64/media_kit_libs_ios_video.swiftsourceinfo -emit-dependencies-path /Users/runner/Library/Developer/Xcode/DerivedData/Runner-cxlsvnhjswijkndnlirzgjlztczd/Build/Intermediates.noindex/Pods.build/Release-iphoneos/media_kit_libs_ios_video.build/Objects-normal/arm64/media_kit_libs_ios_video-master.d -emit-const-values-path /Users/runner/Library/Developer/Xcode/DerivedData/Runner-cxlsvnhjswijkndnlirzgjlztczd/Build/Intermediates.noindex/Pods.build/Release-iphoneos/media_kit_libs_ios_video.build/Objects-normal/arm64/media_kit_libs_ios_video-master.swiftconstvalues -serialize-diagnostics-path /Users/runner/Library/Developer/Xcode/DerivedData/Runner-cxlsvnhjswijkndnlirzgjlztczd/Build/Intermediates.noindex/Pods.build/Release-iphoneos/media_kit_libs_ios_video.build/Objects-normal/arm64/media_kit_libs_ios_video-master.dia -emit-objc-header-path /Users/runner/Library/Developer/Xcode/DerivedData/Runner-cxlsvnhjswijkndnlirzgjlztczd/Build/Intermediates.noindex/Pods.build/Release-iphoneos/media_kit_libs_ios_video.build/Objects-normal/arm64/media_kit_libs_ios_video-Swift.h -emit-abi-descriptor-path /Users/runner/Library/Developer/Xcode/DerivedData/Runner-cxlsvnhjswijkndnlirzgjlztczd/Build/Intermediates.noindex/Pods.build/Release-iphoneos/media_kit_libs_ios_video.build/Objects-normal/arm64/media_kit_libs_ios_video.abi.json -target arm64-apple-ios13.0 -Xllvm -aarch64-use-tbi -enable-objc-interop -stack-check -sdk /Applications/Xcode_15.4.app/Contents/Developer/Platforms/iPhoneOS.platform/Developer/SDKs/iPhoneOS17.5.sdk -I /Users/runner/Library/Developer/Xcode/DerivedData/Runner-cxlsvnhjswijkndnlirzgjlztczd/Build/Products/Release-iphoneos/media_kit_libs_ios_video -F /Users/runner/Library/Developer/Xcode/DerivedData/Runner-cxlsvnhjswijkndnlirzgjlztczd/Build/Products/Release-iphoneos/media_kit_libs_ios_video -F /Users/runner/hostedtoolcache/flutter/stable-3.44.4-arm64/flutter/bin/cache/artifacts/engine/ios-release/Flutter.xcframework/ios-arm64 -F /Users/runner/work/anivault/anivault/ios/.symlinks/plugins/media_kit_libs_ios_video/ios/Frameworks -F /Users/runner/Library/Developer/Xcode/DerivedData/Runner-cxlsvnhjswijkndnlirzgjlztczd/Build/Products/Release-iphoneos/XCFrameworkIntermediates/media_kit_libs_ios_video -no-color-diagnostics -g -import-underlying-module -module-cache-path /Users/runner/Library/Developer/Xcode/DerivedData/ModuleCache.noindex -swift-version 5 -enforce-exclusivity\=checked -O -D COCOAPODS -serialize-debugging-options -const-gather-protocols-file /Users/runner/Library/Developer/Xcode/DerivedData/Runner-cxlsvnhjswijkndnlirzgjlztczd/Build/Intermediates.noindex/Pods.build/Release-iphoneos/media_kit_libs_ios_video.build/Objects-normal/arm64/media_kit_libs_ios_video_const_extract_protocols.json -enable-bare-slash-regex -empty-abi-descriptor -validate-clang-modules-once -clang-build-session-file /Users/runner/Library/Developer/Xcode/DerivedData/ModuleCache.noindex/Session.modulevalidation -Xcc -working-directory -Xcc /Users/runner/work/anivault/anivault/ios/Pods -resource-dir /Applications/Xcode_15.4.app/Contents/Developer/Toolchains/XcodeDefault.xctoolchain/usr/lib/swift -Xcc -ivfsstatcache -Xcc /Users/runner/Library/Developer/Xcode/DerivedData/SDKStatCaches.noindex/iphoneos17.5-21F77-f0fa7969d082b13145125136a829df3a.sdkstatcache -Xcc -I/Users/runner/Library/Developer/Xcode/DerivedData/Runner-cxlsvnhjswijkndnlirzgjlztczd/Build/Intermediates.noindex/Pods.build/Release-iphoneos/media_kit_libs_ios_video.build/swift-overrides.hmap -Xcc -iquote -Xcc /Users/runner/Library/Developer/Xcode/DerivedData/Runner-cxlsvnhjswijkndnlirzgjlztczd/Build/Intermediates.noindex/Pods.build/Release-iphoneos/media_kit_libs_ios_video.build/media_kit_libs_ios_video-generated-files.hmap -Xcc -I/Users/runner/Library/Developer/Xcode/DerivedData/Runner-cxlsvnhjswijkndnlirzgjlztczd/Build/Intermediates.noindex/Pods.build/Release-iphoneos/media_kit_libs_ios_video.build/media_kit_libs_ios_video-own-target-headers.hmap -Xcc -I/Users/runner/Library/Developer/Xcode/DerivedData/Runner-cxlsvnhjswijkndnlirzgjlztczd/Build/Intermediates.noindex/Pods.build/Release-iphoneos/media_kit_libs_ios_video.build/media_kit_libs_ios_video-all-non-framework-target-headers.hmap -Xcc -ivfsoverlay -Xcc /Users/runner/Library/Developer/Xcode/DerivedData/Runner-cxlsvnhjswijkndnlirzgjlztczd/Build/Intermediates.noindex/Pods.build/Release-iphoneos/media_kit_libs_ios_video.build/all-product-headers.yaml -Xcc -iquote -Xcc /Users/runner/Library/Developer/Xcode/DerivedData/Runner-cxlsvnhjswijkndnlirzgjlztczd/Build/Intermediates.noindex/Pods.build/Release-iphoneos/media_kit_libs_ios_video.build/media_kit_libs_ios_video-project-headers.hmap -Xcc -I/Users/runner/Library/Developer/Xcode/DerivedData/Runner-cxlsvnhjswijkndnlirzgjlztczd/Build/Products/Release-iphoneos/media_kit_libs_ios_video/include -Xcc -I/Users/runner/Library/Developer/Xcode/DerivedData/Runner-cxlsvnhjswijkndnlirzgjlztczd/Build/Intermediates.noindex/Pods.build/Release-iphoneos/media_kit_libs_ios_video.build/DerivedSources-normal/arm64 -Xcc -I/Users/runner/Library/Developer/Xcode/DerivedData/Runner-cxlsvnhjswijkndnlirzgjlztczd/Build/Intermediates.noindex/Pods.build/Release-iphoneos/media_kit_libs_ios_video.build/DerivedSources/arm64 -Xcc -I/Users/runner/Library/Developer/Xcode/DerivedData/Runner-cxlsvnhjswijkndnlirzgjlztczd/Build/Intermediates.noindex/Pods.build/Release-iphoneos/media_kit_libs_ios_video.build/DerivedSources -Xcc -DPOD_CONFIGURATION_RELEASE\=1 -Xcc -DCOCOAPODS\=1 -Xcc -ivfsoverlay -Xcc /Users/runner/Library/Developer/Xcode/DerivedData/Runner-cxlsvnhjswijkndnlirzgjlztczd/Build/Intermediates.noindex/Pods.build/Release-iphoneos/media_kit_libs_ios_video.build/unextended-module-overlay.yaml -module-name media_kit_libs_ios_video -frontend-parseable-output -disable-clang-spi -target-sdk-version 17.5 -target-sdk-name iphoneos17.5 -external-plugin-path /Applications/Xcode_15.4.app/Contents/Developer/Platforms/iPhoneOS.platform/Developer/SDKs/iPhoneOS17.5.sdk/usr/lib/swift/host/plugins\#/Applications/Xcode_15.4.app/Contents/Developer/Platforms/iPhoneOS.platform/Developer/SDKs/iPhoneOS17.5.sdk/usr/bin/swift-plugin-server -external-plugin-path /Applications/Xcode_15.4.app/Contents/Developer/Platforms/iPhoneOS.platform/Developer/SDKs/iPhoneOS17.5.sdk/usr/local/lib/swift/host/plugins\#/Applications/Xcode_15.4.app/Contents/Developer/Platforms/iPhoneOS.platform/Developer/SDKs/iPhoneOS17.5.sdk/usr/bin/swift-plugin-server -external-plugin-path /Applications/Xcode_15.4.app/Contents/Developer/Platforms/iPhoneOS.platform/Developer/usr/lib/swift/host/plugins\#/Applications/Xcode_15.4.app/Contents/Developer/Platforms/iPhoneOS.platform/Developer/usr/bin/swift-plugin-server -external-plugin-path /Applications/Xcode_15.4.app/Contents/Developer/Platforms/iPhoneOS.platform/Developer/usr/local/lib/swift/host/plugins\#/Applications/Xcode_15.4.app/Contents/Developer/Platforms/iPhoneOS.platform/Developer/usr/bin/swift-plugin-server -plugin-path /Applications/Xcode_15.4.app/Contents/Developer/Toolchains/XcodeDefault.xctoolchain/usr/lib/swift/host/plugins -plugin-path /Applications/Xcode_15.4.app/Contents/Developer/Toolchains/XcodeDefault.xctoolchain/usr/local/lib/swift/host/plugins -enable-default-cmo -parse-as-library -num-threads 3 -o /Users/runner/Library/Developer/Xcode/DerivedData/Runner-cxlsvnhjswijkndnlirzgjlztczd/Build/Intermediates.noindex/Pods.build/Release-iphoneos/media_kit_libs_ios_video.build/Objects-normal/arm64/MediaKitLibsIosVideoPlugin.o -index-unit-output-path /Pods.build/Release-iphoneos/media_kit_libs_ios_video.build/Objects-normal/arm64/MediaKitLibsIosVideoPlugin.o
SwiftCompile normal arm64 /Users/runner/.pub-cache/hosted/pub.dev/media_kit_libs_ios_video-1.1.4/ios/Classes/MediaKitLibsIosVideoPlugin.swift (in target 'media_kit_libs_ios_video' from project 'Pods')
    cd /Users/runner/work/anivault/anivault/ios/Pods
    /Applications/Xcode_15.4.app/Contents/Developer/Toolchains/XcodeDefault.xctoolchain/usr/bin/swift-frontend -c /Users/runner/.pub-cache/hosted/pub.dev/media_kit_libs_ios_video-1.1.4/ios/Classes/MediaKitLibsIosVideoPlugin.swift -emit-module-path /Users/runner/Library/Developer/Xcode/DerivedData/Runner-cxlsvnhjswijkndnlirzgjlztczd/Build/Intermediates.noindex/Pods.build/Release-iphoneos/media_kit_libs_ios_video.build/Objects-normal/arm64/media_kit_libs_ios_video.swiftmodule -emit-module-doc-path /Users/runner/Library/Developer/Xcode/DerivedData/Runner-cxlsvnhjswijkndnlirzgjlztczd/Build/Intermediates.noindex/Pods.build/Release-iphoneos/media_kit_libs_ios_video.build/Objects-normal/arm64/media_kit_libs_ios_video.swiftdoc -emit-module-source-info-path /Users/runner/Library/Developer/Xcode/DerivedData/Runner-cxlsvnhjswijkndnlirzgjlztczd/Build/Intermediates.noindex/Pods.build/Release-iphoneos/media_kit_libs_ios_video.build/Objects-normal/arm64/media_kit_libs_ios_video.swiftsourceinfo -emit-dependencies-path /Users/runner/Library/Developer/Xcode/DerivedData/Runner-cxlsvnhjswijkndnlirzgjlztczd/Build/Intermediates.noindex/Pods.build/Release-iphoneos/media_kit_libs_ios_video.build/Objects-normal/arm64/media_kit_libs_ios_video-master.d -emit-const-values-path /Users/runner/Library/Developer/Xcode/DerivedData/Runner-cxlsvnhjswijkndnlirzgjlztczd/Build/Intermediates.noindex/Pods.build/Release-iphoneos/media_kit_libs_ios_video.build/Objects-normal/arm64/media_kit_libs_ios_video-master.swiftconstvalues -serialize-diagnostics-path /Users/runner/Library/Developer/Xcode/DerivedData/Runner-cxlsvnhjswijkndnlirzgjlztczd/Build/Intermediates.noindex/Pods.build/Release-iphoneos/media_kit_libs_ios_video.build/Objects-normal/arm64/media_kit_libs_ios_video-master.dia -emit-objc-header-path /Users/runner/Library/Developer/Xcode/DerivedData/Runner-cxlsvnhjswijkndnlirzgjlztczd/Build/Intermediates.noindex/Pods.build/Release-iphoneos/media_kit_libs_ios_video.build/Objects-normal/arm64/media_kit_libs_ios_video-Swift.h -emit-abi-descriptor-path /Users/runner/Library/Developer/Xcode/DerivedData/Runner-cxlsvnhjswijkndnlirzgjlztczd/Build/Intermediates.noindex/Pods.build/Release-iphoneos/media_kit_libs_ios_video.build/Objects-normal/arm64/media_kit_libs_ios_video.abi.json -target arm64-apple-ios13.0 -Xllvm -aarch64-use-tbi -enable-objc-interop -stack-check -sdk /Applications/Xcode_15.4.app/Contents/Developer/Platforms/iPhoneOS.platform/Developer/SDKs/iPhoneOS17.5.sdk -I /Users/runner/Library/Developer/Xcode/DerivedData/Runner-cxlsvnhjswijkndnlirzgjlztczd/Build/Products/Release-iphoneos/media_kit_libs_ios_video -F /Users/runner/Library/Developer/Xcode/DerivedData/Runner-cxlsvnhjswijkndnlirzgjlztczd/Build/Products/Release-iphoneos/media_kit_libs_ios_video -F /Users/runner/hostedtoolcache/flutter/stable-3.44.4-arm64/flutter/bin/cache/artifacts/engine/ios-release/Flutter.xcframework/ios-arm64 -F /Users/runner/work/anivault/anivault/ios/.symlinks/plugins/media_kit_libs_ios_video/ios/Frameworks -F /Users/runner/Library/Developer/Xcode/DerivedData/Runner-cxlsvnhjswijkndnlirzgjlztczd/Build/Products/Release-iphoneos/XCFrameworkIntermediates/media_kit_libs_ios_video -no-color-diagnostics -g -import-underlying-module -module-cache-path /Users/runner/Library/Developer/Xcode/DerivedData/ModuleCache.noindex -swift-version 5 -enforce-exclusivity\=checked -O -D COCOAPODS -serialize-debugging-options -const-gather-protocols-file /Users/runner/Library/Developer/Xcode/DerivedData/Runner-cxlsvnhjswijkndnlirzgjlztczd/Build/Intermediates.noindex/Pods.build/Release-iphoneos/media_kit_libs_ios_video.build/Objects-normal/arm64/media_kit_libs_ios_video_const_extract_protocols.json -enable-bare-slash-regex -empty-abi-descriptor -validate-clang-modules-once -clang-build-session-file /Users/runner/Library/Developer/Xcode/DerivedData/ModuleCache.noindex/Session.modulevalidation -Xcc -working-directory -Xcc /Users/runner/work/anivault/anivault/ios/Pods -resource-dir /Applications/Xcode_15.4.app/Contents/Developer/Toolchains/XcodeDefault.xctoolchain/usr/lib/swift -Xcc -ivfsstatcache -Xcc /Users/runner/Library/Developer/Xcode/DerivedData/SDKStatCaches.noindex/iphoneos17.5-21F77-f0fa7969d082b13145125136a829df3a.sdkstatcache -Xcc -I/Users/runner/Library/Developer/Xcode/DerivedData/Runner-cxlsvnhjswijkndnlirzgjlztczd/Build/Intermediates.noindex/Pods.build/Release-iphoneos/media_kit_libs_ios_video.build/swift-overrides.hmap -Xcc -iquote -Xcc /Users/runner/Library/Developer/Xcode/DerivedData/Runner-cxlsvnhjswijkndnlirzgjlztczd/Build/Intermediates.noindex/Pods.build/Release-iphoneos/media_kit_libs_ios_video.build/media_kit_libs_ios_video-generated-files.hmap -Xcc -I/Users/runner/Library/Developer/Xcode/DerivedData/Runner-cxlsvnhjswijkndnlirzgjlztczd/Build/Intermediates.noindex/Pods.build/Release-iphoneos/media_kit_libs_ios_video.build/media_kit_libs_ios_video-own-target-headers.hmap -Xcc -I/Users/runner/Library/Developer/Xcode/DerivedData/Runner-cxlsvnhjswijkndnlirzgjlztczd/Build/Intermediates.noindex/Pods.build/Release-iphoneos/media_kit_libs_ios_video.build/media_kit_libs_ios_video-all-non-framework-target-headers.hmap -Xcc -ivfsoverlay -Xcc /Users/runner/Library/Developer/Xcode/DerivedData/Runner-cxlsvnhjswijkndnlirzgjlztczd/Build/Intermediates.noindex/Pods.build/Release-iphoneos/media_kit_libs_ios_video.build/all-product-headers.yaml -Xcc -iquote -Xcc /Users/runner/Library/Developer/Xcode/DerivedData/Runner-cxlsvnhjswijkndnlirzgjlztczd/Build/Intermediates.noindex/Pods.build/Release-iphoneos/media_kit_libs_ios_video.build/media_kit_libs_ios_video-project-headers.hmap -Xcc -I/Users/runner/Library/Developer/Xcode/DerivedData/Runner-cxlsvnhjswijkndnlirzgjlztczd/Build/Products/Release-iphoneos/media_kit_libs_ios_video/include -Xcc -I/Users/runner/Library/Developer/Xcode/DerivedData/Runner-cxlsvnhjswijkndnlirzgjlztczd/Build/Intermediates.noindex/Pods.build/Release-iphoneos/media_kit_libs_ios_video.build/DerivedSources-normal/arm64 -Xcc -I/Users/runner/Library/Developer/Xcode/DerivedData/Runner-cxlsvnhjswijkndnlirzgjlztczd/Build/Intermediates.noindex/Pods.build/Release-iphoneos/media_kit_libs_ios_video.build/DerivedSources/arm64 -Xcc -I/Users/runner/Library/Developer/Xcode/DerivedData/Runner-cxlsvnhjswijkndnlirzgjlztczd/Build/Intermediates.noindex/Pods.build/Release-iphoneos/media_kit_libs_ios_video.build/DerivedSources -Xcc -DPOD_CONFIGURATION_RELEASE\=1 -Xcc -DCOCOAPODS\=1 -Xcc -ivfsoverlay -Xcc /Users/runner/Library/Developer/Xcode/DerivedData/Runner-cxlsvnhjswijkndnlirzgjlztczd/Build/Intermediates.noindex/Pods.build/Release-iphoneos/media_kit_libs_ios_video.build/unextended-module-overlay.yaml -module-name media_kit_libs_ios_video -frontend-parseable-output -disable-clang-spi -target-sdk-version 17.5 -target-sdk-name iphoneos17.5 -external-plugin-path /Applications/Xcode_15.4.app/Contents/Developer/Platforms/iPhoneOS.platform/Developer/SDKs/iPhoneOS17.5.sdk/usr/lib/swift/host/plugins\#/Applications/Xcode_15.4.app/Contents/Developer/Platforms/iPhoneOS.platform/Developer/SDKs/iPhoneOS17.5.sdk/usr/bin/swift-plugin-server -external-plugin-path /Applications/Xcode_15.4.app/Contents/Developer/Platforms/iPhoneOS.platform/Developer/SDKs/iPhoneOS17.5.sdk/usr/local/lib/swift/host/plugins\#/Applications/Xcode_15.4.app/Contents/Developer/Platforms/iPhoneOS.platform/Developer/SDKs/iPhoneOS17.5.sdk/usr/bin/swift-plugin-server -external-plugin-path /Applications/Xcode_15.4.app/Contents/Developer/Platforms/iPhoneOS.platform/Developer/usr/lib/swift/host/plugins\#/Applications/Xcode_15.4.app/Contents/Developer/Platforms/iPhoneOS.platform/Developer/usr/bin/swift-plugin-server -external-plugin-path /Applications/Xcode_15.4.app/Contents/Developer/Platforms/iPhoneOS.platform/Developer/usr/local/lib/swift/host/plugins\#/Applications/Xcode_15.4.app/Contents/Developer/Platforms/iPhoneOS.platform/Developer/usr/bin/swift-plugin-server -plugin-path /Applications/Xcode_15.4.app/Contents/Developer/Toolchains/XcodeDefault.xctoolchain/usr/lib/swift/host/plugins -plugin-path /Applications/Xcode_15.4.app/Contents/Developer/Toolchains/XcodeDefault.xctoolchain/usr/local/lib/swift/host/plugins -enable-default-cmo -parse-as-library -num-threads 3 -o /Users/runner/Library/Developer/Xcode/DerivedData/Runner-cxlsvnhjswijkndnlirzgjlztczd/Build/Intermediates.noindex/Pods.build/Release-iphoneos/media_kit_libs_ios_video.build/Objects-normal/arm64/MediaKitLibsIosVideoPlugin.o -index-unit-output-path /Pods.build/Release-iphoneos/media_kit_libs_ios_video.build/Objects-normal/arm64/MediaKitLibsIosVideoPlugin.o

Ld /Users/runner/Library/Developer/Xcode/DerivedData/Runner-cxlsvnhjswijkndnlirzgjlztczd/Build/Products/Release-iphoneos/FlutterFramework.o normal (in target 'FlutterFramework' from project 'FlutterFramework')
    cd /Users/runner/work/anivault/anivault/ios/Flutter/ephemeral/Packages/.packages/FlutterFramework
    /Applications/Xcode_15.4.app/Contents/Developer/Toolchains/XcodeDefault.xctoolchain/usr/bin/clang -Xlinker -reproducible -target arm64-apple-ios12.0 -r -isysroot /Applications/Xcode_15.4.app/Contents/Developer/Platforms/iPhoneOS.platform/Developer/SDKs/iPhoneOS17.5.sdk -Os -w -L/Users/runner/Library/Developer/Xcode/DerivedData/Runner-cxlsvnhjswijkndnlirzgjlztczd/Build/Intermediates.noindex/EagerLinkingTBDs/Release-iphoneos -L/Users/runner/Library/Developer/Xcode/DerivedData/Runner-cxlsvnhjswijkndnlirzgjlztczd/Build/Products/Release-iphoneos -L/Applications/Xcode_15.4.app/Contents/Developer/Platforms/iPhoneOS.platform/Developer/usr/lib -F/Users/runner/Library/Developer/Xcode/DerivedData/Runner-cxlsvnhjswijkndnlirzgjlztczd/Build/Intermediates.noindex/EagerLinkingTBDs/Release-iphoneos -F/Users/runner/Library/Developer/Xcode/DerivedData/Runner-cxlsvnhjswijkndnlirzgjlztczd/Build/Products/Release-iphoneos -iframework /Applications/Xcode_15.4.app/Contents/Developer/Platforms/iPhoneOS.platform/Developer/Library/Frameworks -iframework /Applications/Xcode_15.4.app/Contents/Developer/Platforms/iPhoneOS.platform/Developer/SDKs/iPhoneOS17.5.sdk/Developer/Library/Frameworks -filelist /Users/runner/Library/Developer/Xcode/DerivedData/Runner-cxlsvnhjswijkndnlirzgjlztczd/Build/Intermediates.noindex/FlutterFramework.build/Release-iphoneos/FlutterFramework.build/Objects-normal/arm64/FlutterFramework.LinkFileList -nostdlib -Xlinker -object_path_lto -Xlinker /Users/runner/Library/Developer/Xcode/DerivedData/Runner-cxlsvnhjswijkndnlirzgjlztczd/Build/Intermediates.noindex/FlutterFramework.build/Release-iphoneos/FlutterFramework.build/Objects-normal/arm64/FlutterFramework_lto.o -fobjc-link-runtime -L/Applications/Xcode_15.4.app/Contents/Developer/Toolchains/XcodeDefault.xctoolchain/usr/lib/swift/iphoneos -L/usr/lib/swift -Xlinker -add_ast_path -Xlinker /Users/runner/Library/Developer/Xcode/DerivedData/Runner-cxlsvnhjswijkndnlirzgjlztczd/Build/Intermediates.noindex/FlutterFramework.build/Release-iphoneos/FlutterFramework.build/Objects-normal/arm64/FlutterFramework.swiftmodule -Xlinker -dependency_info -Xlinker /Users/runner/Library/Developer/Xcode/DerivedData/Runner-cxlsvnhjswijkndnlirzgjlztczd/Build/Intermediates.noindex/FlutterFramework.build/Release-iphoneos/FlutterFramework.build/Objects-normal/arm64/FlutterFramework_dependency_info.dat -o /Users/runner/Library/Developer/Xcode/DerivedData/Runner-cxlsvnhjswijkndnlirzgjlztczd/Build/Products/Release-iphoneos/FlutterFramework.o

RegisterExecutionPolicyException /Users/runner/Library/Developer/Xcode/DerivedData/Runner-cxlsvnhjswijkndnlirzgjlztczd/Build/Products/Release-iphoneos/wakelock_plus.o (in target 'wakelock_plus' from project 'wakelock_plus')
    cd /Users/runner/work/anivault/anivault/ios/Flutter/ephemeral/Packages/.packages/wakelock_plus-1.6.0
    builtin-RegisterExecutionPolicyException /Users/runner/Library/Developer/Xcode/DerivedData/Runner-cxlsvnhjswijkndnlirzgjlztczd/Build/Products/Release-iphoneos/wakelock_plus.o

SwiftDriverJobDiscovery normal arm64 Compiling MediaKitVideoPlugin.swift, MPVHelpers.swift, MPVVideoOutParams.swift, OpenGLESHelpers.swift, ResizableTextureProtocol.swift, SafeResizableTexture.swift, SwappableObjectManager.swift, TextureGLESContext.swift, TextureHW.swift, TextureSW.swift, TextureSWContext.swift, UtilsProtocol.swift, VideoOutput.swift, VideoOutputConfiguration.swift, VideoOutputManager.swift, Worker.swift (in target 'media_kit_video' from project 'Pods')

WriteAuxiliaryFile /Users/runner/Library/Developer/Xcode/DerivedData/Runner-cxlsvnhjswijkndnlirzgjlztczd/Build/Intermediates.noindex/Pods.build/Release-iphoneos/media_kit_libs_ios_video.build/Objects-normal/arm64/e6072d4f65d7061329687fe24e3d63a7-common-args.resp (in target 'media_kit_libs_ios_video' from project 'Pods')
    cd /Users/runner/work/anivault/anivault/ios/Pods
    write-file /Users/runner/Library/Developer/Xcode/DerivedData/Runner-cxlsvnhjswijkndnlirzgjlztczd/Build/Intermediates.noindex/Pods.build/Release-iphoneos/media_kit_libs_ios_video.build/Objects-normal/arm64/e6072d4f65d7061329687fe24e3d63a7-common-args.resp
-target arm64-apple-ios13.0 '-std=gnu11' -fobjc-arc -fobjc-weak -fmodules -gmodules '-fmodules-cache-path=/Users/runner/Library/Developer/Xcode/DerivedData/ModuleCache.noindex' '-fmodule-name=media_kit_libs_ios_video' -fpascal-strings -Os -fno-common '-DPOD_CONFIGURATION_RELEASE=1' '-DCOCOAPODS=1' '-DNS_BLOCK_ASSERTIONS=1' '-DOBJC_OLD_DISPATCH_PROTOTYPES=0' -isysroot /Applications/Xcode_15.4.app/Contents/Developer/Platforms/iPhoneOS.platform/Developer/SDKs/iPhoneOS17.5.sdk -g -iquote /Users/runner/Library/Developer/Xcode/DerivedData/Runner-cxlsvnhjswijkndnlirzgjlztczd/Build/Intermediates.noindex/Pods.build/Release-iphoneos/media_kit_libs_ios_video.build/media_kit_libs_ios_video-generated-files.hmap -I/Users/runner/Library/Developer/Xcode/DerivedData/Runner-cxlsvnhjswijkndnlirzgjlztczd/Build/Intermediates.noindex/Pods.build/Release-iphoneos/media_kit_libs_ios_video.build/media_kit_libs_ios_video-own-target-headers.hmap -I/Users/runner/Library/Developer/Xcode/DerivedData/Runner-cxlsvnhjswijkndnlirzgjlztczd/Build/Intermediates.noindex/Pods.build/Release-iphoneos/media_kit_libs_ios_video.build/media_kit_libs_ios_video-all-non-framework-target-headers.hmap -ivfsoverlay /Users/runner/Library/Developer/Xcode/DerivedData/Runner-cxlsvnhjswijkndnlirzgjlztczd/Build/Intermediates.noindex/Pods.build/Release-iphoneos/media_kit_libs_ios_video.build/all-product-headers.yaml -iquote /Users/runner/Library/Developer/Xcode/DerivedData/Runner-cxlsvnhjswijkndnlirzgjlztczd/Build/Intermediates.noindex/Pods.build/Release-iphoneos/media_kit_libs_ios_video.build/media_kit_libs_ios_video-project-headers.hmap -I/Users/runner/Library/Developer/Xcode/DerivedData/Runner-cxlsvnhjswijkndnlirzgjlztczd/Build/Products/Release-iphoneos/media_kit_libs_ios_video/include -I/Users/runner/Library/Developer/Xcode/DerivedData/Runner-cxlsvnhjswijkndnlirzgjlztczd/Build/Intermediates.noindex/Pods.build/Release-iphoneos/media_kit_libs_ios_video.build/DerivedSources-normal/arm64 -I/Users/runner/Library/Developer/Xcode/DerivedData/Runner-cxlsvnhjswijkndnlirzgjlztczd/Build/Intermediates.noindex/Pods.build/Release-iphoneos/media_kit_libs_ios_video.build/DerivedSources/arm64 -I/Users/runner/Library/Developer/Xcode/DerivedData/Runner-cxlsvnhjswijkndnlirzgjlztczd/Build/Intermediates.noindex/Pods.build/Release-iphoneos/media_kit_libs_ios_video.build/DerivedSources -F/Users/runner/Library/Developer/Xcode/DerivedData/Runner-cxlsvnhjswijkndnlirzgjlztczd/Build/Products/Release-iphoneos/media_kit_libs_ios_video -F/Users/runner/hostedtoolcache/flutter/stable-3.44.4-arm64/flutter/bin/cache/artifacts/engine/ios-release/Flutter.xcframework/ios-arm64 -F/Users/runner/work/anivault/anivault/ios/.symlinks/plugins/media_kit_libs_ios_video/ios/Frameworks -F/Users/runner/Library/Developer/Xcode/DerivedData/Runner-cxlsvnhjswijkndnlirzgjlztczd/Build/Products/Release-iphoneos/XCFrameworkIntermediates/media_kit_libs_ios_video
WriteAuxiliaryFile /Users/runner/Library/Developer/Xcode/DerivedData/Runner-cxlsvnhjswijkndnlirzgjlztczd/Build/Intermediates.noindex/Pods.build/Release-iphoneos/media_kit_libs_ios_video.build/Objects-normal/arm64/7187679823f38a2a940e0043cdf9d637-common-args.resp (in target 'media_kit_libs_ios_video' from project 'Pods')
    cd /Users/runner/work/anivault/anivault/ios/Pods
    write-file /Users/runner/Library/Developer/Xcode/DerivedData/Runner-cxlsvnhjswijkndnlirzgjlztczd/Build/Intermediates.noindex/Pods.build/Release-iphoneos/media_kit_libs_ios_video.build/Objects-normal/arm64/7187679823f38a2a940e0043cdf9d637-common-args.resp
-target arm64-apple-ios13.0 '-std=gnu11' -fmodules -gmodules '-fmodules-cache-path=/Users/runner/Library/Developer/Xcode/DerivedData/ModuleCache.noindex' '-fmodule-name=media_kit_libs_ios_video' -fpascal-strings -Os -fno-common '-DPOD_CONFIGURATION_RELEASE=1' '-DCOCOAPODS=1' -isysroot /Applications/Xcode_15.4.app/Contents/Developer/Platforms/iPhoneOS.platform/Developer/SDKs/iPhoneOS17.5.sdk -g -iquote /Users/runner/Library/Developer/Xcode/DerivedData/Runner-cxlsvnhjswijkndnlirzgjlztczd/Build/Intermediates.noindex/Pods.build/Release-iphoneos/media_kit_libs_ios_video.build/media_kit_libs_ios_video-generated-files.hmap -I/Users/runner/Library/Developer/Xcode/DerivedData/Runner-cxlsvnhjswijkndnlirzgjlztczd/Build/Intermediates.noindex/Pods.build/Release-iphoneos/media_kit_libs_ios_video.build/media_kit_libs_ios_video-own-target-headers.hmap -I/Users/runner/Library/Developer/Xcode/DerivedData/Runner-cxlsvnhjswijkndnlirzgjlztczd/Build/Intermediates.noindex/Pods.build/Release-iphoneos/media_kit_libs_ios_video.build/media_kit_libs_ios_video-all-non-framework-target-headers.hmap -ivfsoverlay /Users/runner/Library/Developer/Xcode/DerivedData/Runner-cxlsvnhjswijkndnlirzgjlztczd/Build/Intermediates.noindex/Pods.build/Release-iphoneos/media_kit_libs_ios_video.build/all-product-headers.yaml -iquote /Users/runner/Library/Developer/Xcode/DerivedData/Runner-cxlsvnhjswijkndnlirzgjlztczd/Build/Intermediates.noindex/Pods.build/Release-iphoneos/media_kit_libs_ios_video.build/media_kit_libs_ios_video-project-headers.hmap -I/Users/runner/Library/Developer/Xcode/DerivedData/Runner-cxlsvnhjswijkndnlirzgjlztczd/Build/Products/Release-iphoneos/media_kit_libs_ios_video/include -I/Users/runner/Library/Developer/Xcode/DerivedData/Runner-cxlsvnhjswijkndnlirzgjlztczd/Build/Intermediates.noindex/Pods.build/Release-iphoneos/media_kit_libs_ios_video.build/DerivedSources-normal/arm64 -I/Users/runner/Library/Developer/Xcode/DerivedData/Runner-cxlsvnhjswijkndnlirzgjlztczd/Build/Intermediates.noindex/Pods.build/Release-iphoneos/media_kit_libs_ios_video.build/DerivedSources/arm64 -I/Users/runner/Library/Developer/Xcode/DerivedData/Runner-cxlsvnhjswijkndnlirzgjlztczd/Build/Intermediates.noindex/Pods.build/Release-iphoneos/media_kit_libs_ios_video.build/DerivedSources -F/Users/runner/Library/Developer/Xcode/DerivedData/Runner-cxlsvnhjswijkndnlirzgjlztczd/Build/Products/Release-iphoneos/media_kit_libs_ios_video -F/Users/runner/hostedtoolcache/flutter/stable-3.44.4-arm64/flutter/bin/cache/artifacts/engine/ios-release/Flutter.xcframework/ios-arm64 -F/Users/runner/work/anivault/anivault/ios/.symlinks/plugins/media_kit_libs_ios_video/ios/Frameworks -F/Users/runner/Library/Developer/Xcode/DerivedData/Runner-cxlsvnhjswijkndnlirzgjlztczd/Build/Products/Release-iphoneos/XCFrameworkIntermediates/media_kit_libs_ios_video
SwiftDriver\ Compilation\ Requirements media_kit_video normal arm64 com.apple.xcode.tools.swift.compiler (in target 'media_kit_video' from project 'Pods')
    cd /Users/runner/work/anivault/anivault/ios/Pods
    builtin-Swift-Compilation-Requirements -- /Applications/Xcode_15.4.app/Contents/Developer/Toolchains/XcodeDefault.xctoolchain/usr/bin/swiftc -module-name media_kit_video -O -whole-module-optimization -enforce-exclusivity\=checked @/Users/runner/Library/Developer/Xcode/DerivedData/Runner-cxlsvnhjswijkndnlirzgjlztczd/Build/Intermediates.noindex/Pods.build/Release-iphoneos/media_kit_video.build/Objects-normal/arm64/media_kit_video.SwiftFileList -D COCOAPODS -sdk /Applications/Xcode_15.4.app/Contents/Developer/Platforms/iPhoneOS.platform/Developer/SDKs/iPhoneOS17.5.sdk -target arm64-apple-ios13.0 -enable-bare-slash-regex -g -module-cache-path /Users/runner/Library/Developer/Xcode/DerivedData/ModuleCache.noindex -Xfrontend -serialize-debugging-options -swift-version 5 -I /Users/runner/Library/Developer/Xcode/DerivedData/Runner-cxlsvnhjswijkndnlirzgjlztczd/Build/Products/Release-iphoneos/media_kit_video -F /Users/runner/Library/Developer/Xcode/DerivedData/Runner-cxlsvnhjswijkndnlirzgjlztczd/Build/Products/Release-iphoneos/media_kit_video -F /Users/runner/hostedtoolcache/flutter/stable-3.44.4-arm64/flutter/bin/cache/artifacts/engine/ios-release/Flutter.xcframework/ios-arm64 -F /Users/runner/work/anivault/anivault/ios/.symlinks/plugins/media_kit_libs_ios_video/ios/Frameworks/.symlinks/mpv/ios -c -num-threads 3 -Xcc -ivfsstatcache -Xcc /Users/runner/Library/Developer/Xcode/DerivedData/SDKStatCaches.noindex/iphoneos17.5-21F77-f0fa7969d082b13145125136a829df3a.sdkstatcache -output-file-map /Users/runner/Library/Developer/Xcode/DerivedData/Runner-cxlsvnhjswijkndnlirzgjlztczd/Build/Intermediates.noindex/Pods.build/Release-iphoneos/media_kit_video.build/Objects-normal/arm64/media_kit_video-OutputFileMap.json -use-frontend-parseable-output -save-temps -no-color-diagnostics -serialize-diagnostics -emit-dependencies -emit-module -emit-module-path /Users/runner/Library/Developer/Xcode/DerivedData/Runner-cxlsvnhjswijkndnlirzgjlztczd/Build/Intermediates.noindex/Pods.build/Release-iphoneos/media_kit_video.build/Objects-normal/arm64/media_kit_video.swiftmodule -validate-clang-modules-once -clang-build-session-file /Users/runner/Library/Developer/Xcode/DerivedData/ModuleCache.noindex/Session.modulevalidation -Xcc -I/Users/runner/Library/Developer/Xcode/DerivedData/Runner-cxlsvnhjswijkndnlirzgjlztczd/Build/Intermediates.noindex/Pods.build/Release-iphoneos/media_kit_video.build/swift-overrides.hmap -emit-const-values -Xfrontend -const-gather-protocols-file -Xfrontend /Users/runner/Library/Developer/Xcode/DerivedData/Runner-cxlsvnhjswijkndnlirzgjlztczd/Build/Intermediates.noindex/Pods.build/Release-iphoneos/media_kit_video.build/Objects-normal/arm64/media_kit_video_const_extract_protocols.json -Xcc -iquote -Xcc /Users/runner/Library/Developer/Xcode/DerivedData/Runner-cxlsvnhjswijkndnlirzgjlztczd/Build/Intermediates.noindex/Pods.build/Release-iphoneos/media_kit_video.build/media_kit_video-generated-files.hmap -Xcc -I/Users/runner/Library/Developer/Xcode/DerivedData/Runner-cxlsvnhjswijkndnlirzgjlztczd/Build/Intermediates.noindex/Pods.build/Release-iphoneos/media_kit_video.build/media_kit_video-own-target-headers.hmap -Xcc -I/Users/runner/Library/Developer/Xcode/DerivedData/Runner-cxlsvnhjswijkndnlirzgjlztczd/Build/Intermediates.noindex/Pods.build/Release-iphoneos/media_kit_video.build/media_kit_video-all-non-framework-target-headers.hmap -Xcc -ivfsoverlay -Xcc /Users/runner/Library/Developer/Xcode/DerivedData/Runner-cxlsvnhjswijkndnlirzgjlztczd/Build/Intermediates.noindex/Pods.build/Release-iphoneos/media_kit_video.build/all-product-headers.yaml -Xcc -iquote -Xcc /Users/runner/Library/Developer/Xcode/DerivedData/Runner-cxlsvnhjswijkndnlirzgjlztczd/Build/Intermediates.noindex/Pods.build/Release-iphoneos/media_kit_video.build/media_kit_video-project-headers.hmap -Xcc -I/Users/runner/Library/Developer/Xcode/DerivedData/Runner-cxlsvnhjswijkndnlirzgjlztczd/Build/Products/Release-iphoneos/media_kit_video/include -Xcc -I/Users/runner/Library/Developer/Xcode/DerivedData/Runner-cxlsvnhjswijkndnlirzgjlztczd/Build/Intermediates.noindex/Pods.build/Release-iphoneos/media_kit_video.build/DerivedSources-normal/arm64 -Xcc -I/Users/runner/Library/Developer/Xcode/DerivedData/Runner-cxlsvnhjswijkndnlirzgjlztczd/Build/Intermediates.noindex/Pods.build/Release-iphoneos/media_kit_video.build/DerivedSources/arm64 -Xcc -I/Users/runner/Library/Developer/Xcode/DerivedData/Runner-cxlsvnhjswijkndnlirzgjlztczd/Build/Intermediates.noindex/Pods.build/Release-iphoneos/media_kit_video.build/DerivedSources -Xcc -DPOD_CONFIGURATION_RELEASE\=1 -Xcc -DCOCOAPODS\=1 -Xcc -DPOD_CONFIGURATION_RELEASE\=1\  -Xcc -DGL_SILENCE_DEPRECATION -Xcc -DCOREVIDEO_SILENCE_GL_DEPRECATION -emit-objc-header -emit-objc-header-path /Users/runner/Library/Developer/Xcode/DerivedData/Runner-cxlsvnhjswijkndnlirzgjlztczd/Build/Intermediates.noindex/Pods.build/Release-iphoneos/media_kit_video.build/Objects-normal/arm64/media_kit_video-Swift.h -import-underlying-module -Xcc -ivfsoverlay -Xcc /Users/runner/Library/Developer/Xcode/DerivedData/Runner-cxlsvnhjswijkndnlirzgjlztczd/Build/Intermediates.noindex/Pods.build/Release-iphoneos/media_kit_video.build/unextended-module-overlay.yaml -working-directory /Users/runner/work/anivault/anivault/ios/Pods -no-emit-module-separately-wmo

SwiftDriverJobDiscovery normal arm64 Compiling MediaKitLibsIosVideoPlugin.swift (in target 'media_kit_libs_ios_video' from project 'Pods')

SwiftDriver\ Compilation media_kit_libs_ios_video normal arm64 com.apple.xcode.tools.swift.compiler (in target 'media_kit_libs_ios_video' from project 'Pods')
    cd /Users/runner/work/anivault/anivault/ios/Pods
    builtin-Swift-Compilation -- /Applications/Xcode_15.4.app/Contents/Developer/Toolchains/XcodeDefault.xctoolchain/usr/bin/swiftc -module-name media_kit_libs_ios_video -O -whole-module-optimization -enforce-exclusivity\=checked @/Users/runner/Library/Developer/Xcode/DerivedData/Runner-cxlsvnhjswijkndnlirzgjlztczd/Build/Intermediates.noindex/Pods.build/Release-iphoneos/media_kit_libs_ios_video.build/Objects-normal/arm64/media_kit_libs_ios_video.SwiftFileList -D COCOAPODS -sdk /Applications/Xcode_15.4.app/Contents/Developer/Platforms/iPhoneOS.platform/Developer/SDKs/iPhoneOS17.5.sdk -target arm64-apple-ios13.0 -enable-bare-slash-regex -g -module-cache-path /Users/runner/Library/Developer/Xcode/DerivedData/ModuleCache.noindex -Xfrontend -serialize-debugging-options -swift-version 5 -I /Users/runner/Library/Developer/Xcode/DerivedData/Runner-cxlsvnhjswijkndnlirzgjlztczd/Build/Products/Release-iphoneos/media_kit_libs_ios_video -F /Users/runner/Library/Developer/Xcode/DerivedData/Runner-cxlsvnhjswijkndnlirzgjlztczd/Build/Products/Release-iphoneos/media_kit_libs_ios_video -F /Users/runner/hostedtoolcache/flutter/stable-3.44.4-arm64/flutter/bin/cache/artifacts/engine/ios-release/Flutter.xcframework/ios-arm64 -F /Users/runner/work/anivault/anivault/ios/.symlinks/plugins/media_kit_libs_ios_video/ios/Frameworks -F /Users/runner/Library/Developer/Xcode/DerivedData/Runner-cxlsvnhjswijkndnlirzgjlztczd/Build/Products/Release-iphoneos/XCFrameworkIntermediates/media_kit_libs_ios_video -parse-as-library -c -num-threads 3 -Xcc -ivfsstatcache -Xcc /Users/runner/Library/Developer/Xcode/DerivedData/SDKStatCaches.noindex/iphoneos17.5-21F77-f0fa7969d082b13145125136a829df3a.sdkstatcache -output-file-map /Users/runner/Library/Developer/Xcode/DerivedData/Runner-cxlsvnhjswijkndnlirzgjlztczd/Build/Intermediates.noindex/Pods.build/Release-iphoneos/media_kit_libs_ios_video.build/Objects-normal/arm64/media_kit_libs_ios_video-OutputFileMap.json -use-frontend-parseable-output -save-temps -no-color-diagnostics -serialize-diagnostics -emit-dependencies -emit-module -emit-module-path /Users/runner/Library/Developer/Xcode/DerivedData/Runner-cxlsvnhjswijkndnlirzgjlztczd/Build/Intermediates.noindex/Pods.build/Release-iphoneos/media_kit_libs_ios_video.build/Objects-normal/arm64/media_kit_libs_ios_video.swiftmodule -validate-clang-modules-once -clang-build-session-file /Users/runner/Library/Developer/Xcode/DerivedData/ModuleCache.noindex/Session.modulevalidation -Xcc -I/Users/runner/Library/Developer/Xcode/DerivedData/Runner-cxlsvnhjswijkndnlirzgjlztczd/Build/Intermediates.noindex/Pods.build/Release-iphoneos/media_kit_libs_ios_video.build/swift-overrides.hmap -emit-const-values -Xfrontend -const-gather-protocols-file -Xfrontend /Users/runner/Library/Developer/Xcode/DerivedData/Runner-cxlsvnhjswijkndnlirzgjlztczd/Build/Intermediates.noindex/Pods.build/Release-iphoneos/media_kit_libs_ios_video.build/Objects-normal/arm64/media_kit_libs_ios_video_const_extract_protocols.json -Xcc -iquote -Xcc /Users/runner/Library/Developer/Xcode/DerivedData/Runner-cxlsvnhjswijkndnlirzgjlztczd/Build/Intermediates.noindex/Pods.build/Release-iphoneos/media_kit_libs_ios_video.build/media_kit_libs_ios_video-generated-files.hmap -Xcc -I/Users/runner/Library/Developer/Xcode/DerivedData/Runner-cxlsvnhjswijkndnlirzgjlztczd/Build/Intermediates.noindex/Pods.build/Release-iphoneos/media_kit_libs_ios_video.build/media_kit_libs_ios_video-own-target-headers.hmap -Xcc -I/Users/runner/Library/Developer/Xcode/DerivedData/Runner-cxlsvnhjswijkndnlirzgjlztczd/Build/Intermediates.noindex/Pods.build/Release-iphoneos/media_kit_libs_ios_video.build/media_kit_libs_ios_video-all-non-framework-target-headers.hmap -Xcc -ivfsoverlay -Xcc /Users/runner/Library/Developer/Xcode/DerivedData/Runner-cxlsvnhjswijkndnlirzgjlztczd/Build/Intermediates.noindex/Pods.build/Release-iphoneos/media_kit_libs_ios_video.build/all-product-headers.yaml -Xcc -iquote -Xcc /Users/runner/Library/Developer/Xcode/DerivedData/Runner-cxlsvnhjswijkndnlirzgjlztczd/Build/Intermediates.noindex/Pods.build/Release-iphoneos/media_kit_libs_ios_video.build/media_kit_libs_ios_video-project-headers.hmap -Xcc -I/Users/runner/Library/Developer/Xcode/DerivedData/Runner-cxlsvnhjswijkndnlirzgjlztczd/Build/Products/Release-iphoneos/media_kit_libs_ios_video/include -Xcc -I/Users/runner/Library/Developer/Xcode/DerivedData/Runner-cxlsvnhjswijkndnlirzgjlztczd/Build/Intermediates.noindex/Pods.build/Release-iphoneos/media_kit_libs_ios_video.build/DerivedSources-normal/arm64 -Xcc -I/Users/runner/Library/Developer/Xcode/DerivedData/Runner-cxlsvnhjswijkndnlirzgjlztczd/Build/Intermediates.noindex/Pods.build/Release-iphoneos/media_kit_libs_ios_video.build/DerivedSources/arm64 -Xcc -I/Users/runner/Library/Developer/Xcode/DerivedData/Runner-cxlsvnhjswijkndnlirzgjlztczd/Build/Intermediates.noindex/Pods.build/Release-iphoneos/media_kit_libs_ios_video.build/DerivedSources -Xcc -DPOD_CONFIGURATION_RELEASE\=1 -Xcc -DCOCOAPODS\=1 -emit-objc-header -emit-objc-header-path /Users/runner/Library/Developer/Xcode/DerivedData/Runner-cxlsvnhjswijkndnlirzgjlztczd/Build/Intermediates.noindex/Pods.build/Release-iphoneos/media_kit_libs_ios_video.build/Objects-normal/arm64/media_kit_libs_ios_video-Swift.h -import-underlying-module -Xcc -ivfsoverlay -Xcc /Users/runner/Library/Developer/Xcode/DerivedData/Runner-cxlsvnhjswijkndnlirzgjlztczd/Build/Intermediates.noindex/Pods.build/Release-iphoneos/media_kit_libs_ios_video.build/unextended-module-overlay.yaml -working-directory /Users/runner/work/anivault/anivault/ios/Pods -no-emit-module-separately-wmo

SwiftDriver\ Compilation\ Requirements media_kit_libs_ios_video normal arm64 com.apple.xcode.tools.swift.compiler (in target 'media_kit_libs_ios_video' from project 'Pods')
    cd /Users/runner/work/anivault/anivault/ios/Pods
    builtin-Swift-Compilation-Requirements -- /Applications/Xcode_15.4.app/Contents/Developer/Toolchains/XcodeDefault.xctoolchain/usr/bin/swiftc -module-name media_kit_libs_ios_video -O -whole-module-optimization -enforce-exclusivity\=checked @/Users/runner/Library/Developer/Xcode/DerivedData/Runner-cxlsvnhjswijkndnlirzgjlztczd/Build/Intermediates.noindex/Pods.build/Release-iphoneos/media_kit_libs_ios_video.build/Objects-normal/arm64/media_kit_libs_ios_video.SwiftFileList -D COCOAPODS -sdk /Applications/Xcode_15.4.app/Contents/Developer/Platforms/iPhoneOS.platform/Developer/SDKs/iPhoneOS17.5.sdk -target arm64-apple-ios13.0 -enable-bare-slash-regex -g -module-cache-path /Users/runner/Library/Developer/Xcode/DerivedData/ModuleCache.noindex -Xfrontend -serialize-debugging-options -swift-version 5 -I /Users/runner/Library/Developer/Xcode/DerivedData/Runner-cxlsvnhjswijkndnlirzgjlztczd/Build/Products/Release-iphoneos/media_kit_libs_ios_video -F /Users/runner/Library/Developer/Xcode/DerivedData/Runner-cxlsvnhjswijkndnlirzgjlztczd/Build/Products/Release-iphoneos/media_kit_libs_ios_video -F /Users/runner/hostedtoolcache/flutter/stable-3.44.4-arm64/flutter/bin/cache/artifacts/engine/ios-release/Flutter.xcframework/ios-arm64 -F /Users/runner/work/anivault/anivault/ios/.symlinks/plugins/media_kit_libs_ios_video/ios/Frameworks -F /Users/runner/Library/Developer/Xcode/DerivedData/Runner-cxlsvnhjswijkndnlirzgjlztczd/Build/Products/Release-iphoneos/XCFrameworkIntermediates/media_kit_libs_ios_video -parse-as-library -c -num-threads 3 -Xcc -ivfsstatcache -Xcc /Users/runner/Library/Developer/Xcode/DerivedData/SDKStatCaches.noindex/iphoneos17.5-21F77-f0fa7969d082b13145125136a829df3a.sdkstatcache -output-file-map /Users/runner/Library/Developer/Xcode/DerivedData/Runner-cxlsvnhjswijkndnlirzgjlztczd/Build/Intermediates.noindex/Pods.build/Release-iphoneos/media_kit_libs_ios_video.build/Objects-normal/arm64/media_kit_libs_ios_video-OutputFileMap.json -use-frontend-parseable-output -save-temps -no-color-diagnostics -serialize-diagnostics -emit-dependencies -emit-module -emit-module-path /Users/runner/Library/Developer/Xcode/DerivedData/Runner-cxlsvnhjswijkndnlirzgjlztczd/Build/Intermediates.noindex/Pods.build/Release-iphoneos/media_kit_libs_ios_video.build/Objects-normal/arm64/media_kit_libs_ios_video.swiftmodule -validate-clang-modules-once -clang-build-session-file /Users/runner/Library/Developer/Xcode/DerivedData/ModuleCache.noindex/Session.modulevalidation -Xcc -I/Users/runner/Library/Developer/Xcode/DerivedData/Runner-cxlsvnhjswijkndnlirzgjlztczd/Build/Intermediates.noindex/Pods.build/Release-iphoneos/media_kit_libs_ios_video.build/swift-overrides.hmap -emit-const-values -Xfrontend -const-gather-protocols-file -Xfrontend /Users/runner/Library/Developer/Xcode/DerivedData/Runner-cxlsvnhjswijkndnlirzgjlztczd/Build/Intermediates.noindex/Pods.build/Release-iphoneos/media_kit_libs_ios_video.build/Objects-normal/arm64/media_kit_libs_ios_video_const_extract_protocols.json -Xcc -iquote -Xcc /Users/runner/Library/Developer/Xcode/DerivedData/Runner-cxlsvnhjswijkndnlirzgjlztczd/Build/Intermediates.noindex/Pods.build/Release-iphoneos/media_kit_libs_ios_video.build/media_kit_libs_ios_video-generated-files.hmap -Xcc -I/Users/runner/Library/Developer/Xcode/DerivedData/Runner-cxlsvnhjswijkndnlirzgjlztczd/Build/Intermediates.noindex/Pods.build/Release-iphoneos/media_kit_libs_ios_video.build/media_kit_libs_ios_video-own-target-headers.hmap -Xcc -I/Users/runner/Library/Developer/Xcode/DerivedData/Runner-cxlsvnhjswijkndnlirzgjlztczd/Build/Intermediates.noindex/Pods.build/Release-iphoneos/media_kit_libs_ios_video.build/media_kit_libs_ios_video-all-non-framework-target-headers.hmap -Xcc -ivfsoverlay -Xcc /Users/runner/Library/Developer/Xcode/DerivedData/Runner-cxlsvnhjswijkndnlirzgjlztczd/Build/Intermediates.noindex/Pods.build/Release-iphoneos/media_kit_libs_ios_video.build/all-product-headers.yaml -Xcc -iquote -Xcc /Users/runner/Library/Developer/Xcode/DerivedData/Runner-cxlsvnhjswijkndnlirzgjlztczd/Build/Intermediates.noindex/Pods.build/Release-iphoneos/media_kit_libs_ios_video.build/media_kit_libs_ios_video-project-headers.hmap -Xcc -I/Users/runner/Library/Developer/Xcode/DerivedData/Runner-cxlsvnhjswijkndnlirzgjlztczd/Build/Products/Release-iphoneos/media_kit_libs_ios_video/include -Xcc -I/Users/runner/Library/Developer/Xcode/DerivedData/Runner-cxlsvnhjswijkndnlirzgjlztczd/Build/Intermediates.noindex/Pods.build/Release-iphoneos/media_kit_libs_ios_video.build/DerivedSources-normal/arm64 -Xcc -I/Users/runner/Library/Developer/Xcode/DerivedData/Runner-cxlsvnhjswijkndnlirzgjlztczd/Build/Intermediates.noindex/Pods.build/Release-iphoneos/media_kit_libs_ios_video.build/DerivedSources/arm64 -Xcc -I/Users/runner/Library/Developer/Xcode/DerivedData/Runner-cxlsvnhjswijkndnlirzgjlztczd/Build/Intermediates.noindex/Pods.build/Release-iphoneos/media_kit_libs_ios_video.build/DerivedSources -Xcc -DPOD_CONFIGURATION_RELEASE\=1 -Xcc -DCOCOAPODS\=1 -emit-objc-header -emit-objc-header-path /Users/runner/Library/Developer/Xcode/DerivedData/Runner-cxlsvnhjswijkndnlirzgjlztczd/Build/Intermediates.noindex/Pods.build/Release-iphoneos/media_kit_libs_ios_video.build/Objects-normal/arm64/media_kit_libs_ios_video-Swift.h -import-underlying-module -Xcc -ivfsoverlay -Xcc /Users/runner/Library/Developer/Xcode/DerivedData/Runner-cxlsvnhjswijkndnlirzgjlztczd/Build/Intermediates.noindex/Pods.build/Release-iphoneos/media_kit_libs_ios_video.build/unextended-module-overlay.yaml -working-directory /Users/runner/work/anivault/anivault/ios/Pods -no-emit-module-separately-wmo

SwiftDriver FlutterGeneratedPluginSwiftPackage normal arm64 com.apple.xcode.tools.swift.compiler (in target 'FlutterGeneratedPluginSwiftPackage' from project 'FlutterGeneratedPluginSwiftPackage')
    cd /Users/runner/work/anivault/anivault/ios/Flutter/ephemeral/Packages/FlutterGeneratedPluginSwiftPackage
    builtin-SwiftDriver -- /Applications/Xcode_15.4.app/Contents/Developer/Toolchains/XcodeDefault.xctoolchain/usr/bin/swiftc -module-name FlutterGeneratedPluginSwiftPackage -O -whole-module-optimization -enforce-exclusivity\=checked @/Users/runner/Library/Developer/Xcode/DerivedData/Runner-cxlsvnhjswijkndnlirzgjlztczd/Build/Intermediates.noindex/FlutterGeneratedPluginSwiftPackage.build/Release-iphoneos/FlutterGeneratedPluginSwiftPackage.build/Objects-normal/arm64/FlutterGeneratedPluginSwiftPackage.SwiftFileList -DSWIFT_PACKAGE -Xcc -fmodule-map-file\=/Users/runner/Library/Developer/Xcode/DerivedData/Runner-cxlsvnhjswijkndnlirzgjlztczd/Build/Intermediates.noindex/GeneratedModuleMaps-iphoneos/package_info_plus.modulemap -Xcc -fmodule-map-file\=/Users/runner/Library/Developer/Xcode/DerivedData/Runner-cxlsvnhjswijkndnlirzgjlztczd/Build/Intermediates.noindex/GeneratedModuleMaps-iphoneos/wakelock_plus.modulemap -DXcode -sdk /Applications/Xcode_15.4.app/Contents/Developer/Platforms/iPhoneOS.platform/Developer/SDKs/iPhoneOS17.5.sdk -target arm64-apple-ios13.0 -g -module-cache-path /Users/runner/Library/Developer/Xcode/DerivedData/ModuleCache.noindex -Xfrontend -serialize-debugging-options -swift-version 5 -I /Users/runner/Library/Developer/Xcode/DerivedData/Runner-cxlsvnhjswijkndnlirzgjlztczd/Build/Products/Release-iphoneos -I /Applications/Xcode_15.4.app/Contents/Developer/Platforms/iPhoneOS.platform/Developer/usr/lib -F /Users/runner/Library/Developer/Xcode/DerivedData/Runner-cxlsvnhjswijkndnlirzgjlztczd/Build/Products/Release-iphoneos/PackageFrameworks -F /Users/runner/Library/Developer/Xcode/DerivedData/Runner-cxlsvnhjswijkndnlirzgjlztczd/Build/Products/Release-iphoneos/PackageFrameworks -F /Users/runner/Library/Developer/Xcode/DerivedData/Runner-cxlsvnhjswijkndnlirzgjlztczd/Build/Products/Release-iphoneos/PackageFrameworks -F /Users/runner/Library/Developer/Xcode/DerivedData/Runner-cxlsvnhjswijkndnlirzgjlztczd/Build/Products/Release-iphoneos/PackageFrameworks -F /Users/runner/Library/Developer/Xcode/DerivedData/Runner-cxlsvnhjswijkndnlirzgjlztczd/Build/Products/Release-iphoneos/PackageFrameworks -F /Users/runner/Library/Developer/Xcode/DerivedData/Runner-cxlsvnhjswijkndnlirzgjlztczd/Build/Products/Release-iphoneos -F /Applications/Xcode_15.4.app/Contents/Developer/Platforms/iPhoneOS.platform/Developer/Library/Frameworks -F /Applications/Xcode_15.4.app/Contents/Developer/Platforms/iPhoneOS.platform/Developer/SDKs/iPhoneOS17.5.sdk/Developer/Library/Frameworks -parse-as-library -c -num-threads 3 -Xcc -ivfsstatcache -Xcc /Users/runner/Library/Developer/Xcode/DerivedData/SDKStatCaches.noindex/iphoneos17.5-21F77-f0fa7969d082b13145125136a829df3a.sdkstatcache -output-file-map /Users/runner/Library/Developer/Xcode/DerivedData/Runner-cxlsvnhjswijkndnlirzgjlztczd/Build/Intermediates.noindex/FlutterGeneratedPluginSwiftPackage.build/Release-iphoneos/FlutterGeneratedPluginSwiftPackage.build/Objects-normal/arm64/FlutterGeneratedPluginSwiftPackage-OutputFileMap.json -use-frontend-parseable-output -save-temps -no-color-diagnostics -serialize-diagnostics -emit-dependencies -emit-module -emit-module-path /Users/runner/Library/Developer/Xcode/DerivedData/Runner-cxlsvnhjswijkndnlirzgjlztczd/Build/Intermediates.noindex/FlutterGeneratedPluginSwiftPackage.build/Release-iphoneos/FlutterGeneratedPluginSwiftPackage.build/Objects-normal/arm64/FlutterGeneratedPluginSwiftPackage.swiftmodule -validate-clang-modules-once -clang-build-session-file /Users/runner/Library/Developer/Xcode/DerivedData/ModuleCache.noindex/Session.modulevalidation -Xfrontend -package-name -Xfrontend fluttergeneratedpluginswiftpackage -Xcc -I/Users/runner/Library/Developer/Xcode/DerivedData/Runner-cxlsvnhjswijkndnlirzgjlztczd/Build/Intermediates.noindex/FlutterGeneratedPluginSwiftPackage.build/Release-iphoneos/FlutterGeneratedPluginSwiftPackage.build/swift-overrides.hmap -emit-const-values -Xfrontend -const-gather-protocols-file -Xfrontend /Users/runner/Library/Developer/Xcode/DerivedData/Runner-cxlsvnhjswijkndnlirzgjlztczd/Build/Intermediates.noindex/FlutterGeneratedPluginSwiftPackage.build/Release-iphoneos/FlutterGeneratedPluginSwiftPackage.build/Objects-normal/arm64/FlutterGeneratedPluginSwiftPackage_const_extract_protocols.json -Xcc -I/Users/runner/work/anivault/anivault/ios/Flutter/ephemeral/Packages/.packages/package_info_plus-10.0.0/Sources/package_info_plus/include -Xcc -I/Users/runner/work/anivault/anivault/ios/Flutter/ephemeral/Packages/.packages/wakelock_plus-1.6.0/Sources/wakelock_plus/include -Xcc -I/Users/runner/Library/Developer/Xcode/DerivedData/Runner-cxlsvnhjswijkndnlirzgjlztczd/Build/Products/Release-iphoneos/include -Xcc -I/Users/runner/Library/Developer/Xcode/DerivedData/Runner-cxlsvnhjswijkndnlirzgjlztczd/Build/Intermediates.noindex/FlutterGeneratedPluginSwiftPackage.build/Release-iphoneos/FlutterGeneratedPluginSwiftPackage.build/DerivedSources-normal/arm64 -Xcc -I/Users/runner/Library/Developer/Xcode/DerivedData/Runner-cxlsvnhjswijkndnlirzgjlztczd/Build/Intermediates.noindex/FlutterGeneratedPluginSwiftPackage.build/Release-iphoneos/FlutterGeneratedPluginSwiftPackage.build/DerivedSources/arm64 -Xcc -I/Users/runner/Library/Developer/Xcode/DerivedData/Runner-cxlsvnhjswijkndnlirzgjlztczd/Build/Intermediates.noindex/FlutterGeneratedPluginSwiftPackage.build/Release-iphoneos/FlutterGeneratedPluginSwiftPackage.build/DerivedSources -Xcc -DSWIFT_PACKAGE -emit-objc-header -emit-objc-header-path /Users/runner/Library/Developer/Xcode/DerivedData/Runner-cxlsvnhjswijkndnlirzgjlztczd/Build/Intermediates.noindex/FlutterGeneratedPluginSwiftPackage.build/Release-iphoneos/FlutterGeneratedPluginSwiftPackage.build/Objects-normal/arm64/FlutterGeneratedPluginSwiftPackage-Swift.h -working-directory /Users/runner/work/anivault/anivault/ios/Flutter/ephemeral/Packages/FlutterGeneratedPluginSwiftPackage -no-emit-module-separately-wmo

SwiftMergeGeneratedHeaders /Users/runner/Library/Developer/Xcode/DerivedData/Runner-cxlsvnhjswijkndnlirzgjlztczd/Build/Products/Release-iphoneos/media_kit_libs_ios_video/media_kit_libs_ios_video.framework/Headers/media_kit_libs_ios_video-Swift.h /Users/runner/Library/Developer/Xcode/DerivedData/Runner-cxlsvnhjswijkndnlirzgjlztczd/Build/Intermediates.noindex/Pods.build/Release-iphoneos/media_kit_libs_ios_video.build/Objects-normal/arm64/media_kit_libs_ios_video-Swift.h (in target 'media_kit_libs_ios_video' from project 'Pods')
    cd /Users/runner/work/anivault/anivault/ios/Pods
    builtin-swiftHeaderTool -arch arm64 /Users/runner/Library/Developer/Xcode/DerivedData/Runner-cxlsvnhjswijkndnlirzgjlztczd/Build/Intermediates.noindex/Pods.build/Release-iphoneos/media_kit_libs_ios_video.build/Objects-normal/arm64/media_kit_libs_ios_video-Swift.h -o /Users/runner/Library/Developer/Xcode/DerivedData/Runner-cxlsvnhjswijkndnlirzgjlztczd/Build/Products/Release-iphoneos/media_kit_libs_ios_video/media_kit_libs_ios_video.framework/Headers/media_kit_libs_ios_video-Swift.h

Copy /Users/runner/Library/Developer/Xcode/DerivedData/Runner-cxlsvnhjswijkndnlirzgjlztczd/Build/Products/Release-iphoneos/media_kit_libs_ios_video/media_kit_libs_ios_video.framework/Modules/media_kit_libs_ios_video.swiftmodule/arm64-apple-ios.swiftmodule /Users/runner/Library/Developer/Xcode/DerivedData/Runner-cxlsvnhjswijkndnlirzgjlztczd/Build/Intermediates.noindex/Pods.build/Release-iphoneos/media_kit_libs_ios_video.build/Objects-normal/arm64/media_kit_libs_ios_video.swiftmodule (in target 'media_kit_libs_ios_video' from project 'Pods')
    cd /Users/runner/work/anivault/anivault/ios/Pods
    builtin-copy -exclude .DS_Store -exclude CVS -exclude .svn -exclude .git -exclude .hg -resolve-src-symlinks -rename /Users/runner/Library/Developer/Xcode/DerivedData/Runner-cxlsvnhjswijkndnlirzgjlztczd/Build/Intermediates.noindex/Pods.build/Release-iphoneos/media_kit_libs_ios_video.build/Objects-normal/arm64/media_kit_libs_ios_video.swiftmodule /Users/runner/Library/Developer/Xcode/DerivedData/Runner-cxlsvnhjswijkndnlirzgjlztczd/Build/Products/Release-iphoneos/media_kit_libs_ios_video/media_kit_libs_ios_video.framework/Modules/media_kit_libs_ios_video.swiftmodule/arm64-apple-ios.swiftmodule

Copy /Users/runner/Library/Developer/Xcode/DerivedData/Runner-cxlsvnhjswijkndnlirzgjlztczd/Build/Products/Release-iphoneos/media_kit_libs_ios_video/media_kit_libs_ios_video.framework/Modules/media_kit_libs_ios_video.swiftmodule/arm64-apple-ios.swiftdoc /Users/runner/Library/Developer/Xcode/DerivedData/Runner-cxlsvnhjswijkndnlirzgjlztczd/Build/Intermediates.noindex/Pods.build/Release-iphoneos/media_kit_libs_ios_video.build/Objects-normal/arm64/media_kit_libs_ios_video.swiftdoc (in target 'media_kit_libs_ios_video' from project 'Pods')
    cd /Users/runner/work/anivault/anivault/ios/Pods
    builtin-copy -exclude .DS_Store -exclude CVS -exclude .svn -exclude .git -exclude .hg -resolve-src-symlinks -rename /Users/runner/Library/Developer/Xcode/DerivedData/Runner-cxlsvnhjswijkndnlirzgjlztczd/Build/Intermediates.noindex/Pods.build/Release-iphoneos/media_kit_libs_ios_video.build/Objects-normal/arm64/media_kit_libs_ios_video.swiftdoc /Users/runner/Library/Developer/Xcode/DerivedData/Runner-cxlsvnhjswijkndnlirzgjlztczd/Build/Products/Release-iphoneos/media_kit_libs_ios_video/media_kit_libs_ios_video.framework/Modules/media_kit_libs_ios_video.swiftmodule/arm64-apple-ios.swiftdoc

Copy /Users/runner/Library/Developer/Xcode/DerivedData/Runner-cxlsvnhjswijkndnlirzgjlztczd/Build/Products/Release-iphoneos/media_kit_libs_ios_video/media_kit_libs_ios_video.framework/Modules/media_kit_libs_ios_video.swiftmodule/arm64-apple-ios.abi.json /Users/runner/Library/Developer/Xcode/DerivedData/Runner-cxlsvnhjswijkndnlirzgjlztczd/Build/Intermediates.noindex/Pods.build/Release-iphoneos/media_kit_libs_ios_video.build/Objects-normal/arm64/media_kit_libs_ios_video.abi.json (in target 'media_kit_libs_ios_video' from project 'Pods')
    cd /Users/runner/work/anivault/anivault/ios/Pods
    builtin-copy -exclude .DS_Store -exclude CVS -exclude .svn -exclude .git -exclude .hg -resolve-src-symlinks -rename /Users/runner/Library/Developer/Xcode/DerivedData/Runner-cxlsvnhjswijkndnlirzgjlztczd/Build/Intermediates.noindex/Pods.build/Release-iphoneos/media_kit_libs_ios_video.build/Objects-normal/arm64/media_kit_libs_ios_video.abi.json /Users/runner/Library/Developer/Xcode/DerivedData/Runner-cxlsvnhjswijkndnlirzgjlztczd/Build/Products/Release-iphoneos/media_kit_libs_ios_video/media_kit_libs_ios_video.framework/Modules/media_kit_libs_ios_video.swiftmodule/arm64-apple-ios.abi.json

Copy /Users/runner/Library/Developer/Xcode/DerivedData/Runner-cxlsvnhjswijkndnlirzgjlztczd/Build/Products/Release-iphoneos/media_kit_libs_ios_video/media_kit_libs_ios_video.framework/Modules/media_kit_libs_ios_video.swiftmodule/Project/arm64-apple-ios.swiftsourceinfo /Users/runner/Library/Developer/Xcode/DerivedData/Runner-cxlsvnhjswijkndnlirzgjlztczd/Build/Intermediates.noindex/Pods.build/Release-iphoneos/media_kit_libs_ios_video.build/Objects-normal/arm64/media_kit_libs_ios_video.swiftsourceinfo (in target 'media_kit_libs_ios_video' from project 'Pods')
    cd /Users/runner/work/anivault/anivault/ios/Pods
    builtin-copy -exclude .DS_Store -exclude CVS -exclude .svn -exclude .git -exclude .hg -resolve-src-symlinks -rename /Users/runner/Library/Developer/Xcode/DerivedData/Runner-cxlsvnhjswijkndnlirzgjlztczd/Build/Intermediates.noindex/Pods.build/Release-iphoneos/media_kit_libs_ios_video.build/Objects-normal/arm64/media_kit_libs_ios_video.swiftsourceinfo /Users/runner/Library/Developer/Xcode/DerivedData/Runner-cxlsvnhjswijkndnlirzgjlztczd/Build/Products/Release-iphoneos/media_kit_libs_ios_video/media_kit_libs_ios_video.framework/Modules/media_kit_libs_ios_video.swiftmodule/Project/arm64-apple-ios.swiftsourceinfo

RegisterExecutionPolicyException /Users/runner/Library/Developer/Xcode/DerivedData/Runner-cxlsvnhjswijkndnlirzgjlztczd/Build/Products/Release-iphoneos/shared_preferences_foundation.o (in target 'shared_preferences_foundation' from project 'shared_preferences_foundation')
    cd /Users/runner/work/anivault/anivault/ios/Flutter/ephemeral/Packages/.packages/shared_preferences_foundation-2.5.6
    builtin-RegisterExecutionPolicyException /Users/runner/Library/Developer/Xcode/DerivedData/Runner-cxlsvnhjswijkndnlirzgjlztczd/Build/Products/Release-iphoneos/shared_preferences_foundation.o

SwiftDriver\ Compilation FlutterGeneratedPluginSwiftPackage normal arm64 com.apple.xcode.tools.swift.compiler (in target 'FlutterGeneratedPluginSwiftPackage' from project 'FlutterGeneratedPluginSwiftPackage')
    cd /Users/runner/work/anivault/anivault/ios/Flutter/ephemeral/Packages/FlutterGeneratedPluginSwiftPackage
    builtin-Swift-Compilation -- /Applications/Xcode_15.4.app/Contents/Developer/Toolchains/XcodeDefault.xctoolchain/usr/bin/swiftc -module-name FlutterGeneratedPluginSwiftPackage -O -whole-module-optimization -enforce-exclusivity\=checked @/Users/runner/Library/Developer/Xcode/DerivedData/Runner-cxlsvnhjswijkndnlirzgjlztczd/Build/Intermediates.noindex/FlutterGeneratedPluginSwiftPackage.build/Release-iphoneos/FlutterGeneratedPluginSwiftPackage.build/Objects-normal/arm64/FlutterGeneratedPluginSwiftPackage.SwiftFileList -DSWIFT_PACKAGE -Xcc -fmodule-map-file\=/Users/runner/Library/Developer/Xcode/DerivedData/Runner-cxlsvnhjswijkndnlirzgjlztczd/Build/Intermediates.noindex/GeneratedModuleMaps-iphoneos/package_info_plus.modulemap -Xcc -fmodule-map-file\=/Users/runner/Library/Developer/Xcode/DerivedData/Runner-cxlsvnhjswijkndnlirzgjlztczd/Build/Intermediates.noindex/GeneratedModuleMaps-iphoneos/wakelock_plus.modulemap -DXcode -sdk /Applications/Xcode_15.4.app/Contents/Developer/Platforms/iPhoneOS.platform/Developer/SDKs/iPhoneOS17.5.sdk -target arm64-apple-ios13.0 -g -module-cache-path /Users/runner/Library/Developer/Xcode/DerivedData/ModuleCache.noindex -Xfrontend -serialize-debugging-options -swift-version 5 -I /Users/runner/Library/Developer/Xcode/DerivedData/Runner-cxlsvnhjswijkndnlirzgjlztczd/Build/Products/Release-iphoneos -I /Applications/Xcode_15.4.app/Contents/Developer/Platforms/iPhoneOS.platform/Developer/usr/lib -F /Users/runner/Library/Developer/Xcode/DerivedData/Runner-cxlsvnhjswijkndnlirzgjlztczd/Build/Products/Release-iphoneos/PackageFrameworks -F /Users/runner/Library/Developer/Xcode/DerivedData/Runner-cxlsvnhjswijkndnlirzgjlztczd/Build/Products/Release-iphoneos/PackageFrameworks -F /Users/runner/Library/Developer/Xcode/DerivedData/Runner-cxlsvnhjswijkndnlirzgjlztczd/Build/Products/Release-iphoneos/PackageFrameworks -F /Users/runner/Library/Developer/Xcode/DerivedData/Runner-cxlsvnhjswijkndnlirzgjlztczd/Build/Products/Release-iphoneos/PackageFrameworks -F /Users/runner/Library/Developer/Xcode/DerivedData/Runner-cxlsvnhjswijkndnlirzgjlztczd/Build/Products/Release-iphoneos/PackageFrameworks -F /Users/runner/Library/Developer/Xcode/DerivedData/Runner-cxlsvnhjswijkndnlirzgjlztczd/Build/Products/Release-iphoneos -F /Applications/Xcode_15.4.app/Contents/Developer/Platforms/iPhoneOS.platform/Developer/Library/Frameworks -F /Applications/Xcode_15.4.app/Contents/Developer/Platforms/iPhoneOS.platform/Developer/SDKs/iPhoneOS17.5.sdk/Developer/Library/Frameworks -parse-as-library -c -num-threads 3 -Xcc -ivfsstatcache -Xcc /Users/runner/Library/Developer/Xcode/DerivedData/SDKStatCaches.noindex/iphoneos17.5-21F77-f0fa7969d082b13145125136a829df3a.sdkstatcache -output-file-map /Users/runner/Library/Developer/Xcode/DerivedData/Runner-cxlsvnhjswijkndnlirzgjlztczd/Build/Intermediates.noindex/FlutterGeneratedPluginSwiftPackage.build/Release-iphoneos/FlutterGeneratedPluginSwiftPackage.build/Objects-normal/arm64/FlutterGeneratedPluginSwiftPackage-OutputFileMap.json -use-frontend-parseable-output -save-temps -no-color-diagnostics -serialize-diagnostics -emit-dependencies -emit-module -emit-module-path /Users/runner/Library/Developer/Xcode/DerivedData/Runner-cxlsvnhjswijkndnlirzgjlztczd/Build/Intermediates.noindex/FlutterGeneratedPluginSwiftPackage.build/Release-iphoneos/FlutterGeneratedPluginSwiftPackage.build/Objects-normal/arm64/FlutterGeneratedPluginSwiftPackage.swiftmodule -validate-clang-modules-once -clang-build-session-file /Users/runner/Library/Developer/Xcode/DerivedData/ModuleCache.noindex/Session.modulevalidation -Xfrontend -package-name -Xfrontend fluttergeneratedpluginswiftpackage -Xcc -I/Users/runner/Library/Developer/Xcode/DerivedData/Runner-cxlsvnhjswijkndnlirzgjlztczd/Build/Intermediates.noindex/FlutterGeneratedPluginSwiftPackage.build/Release-iphoneos/FlutterGeneratedPluginSwiftPackage.build/swift-overrides.hmap -emit-const-values -Xfrontend -const-gather-protocols-file -Xfrontend /Users/runner/Library/Developer/Xcode/DerivedData/Runner-cxlsvnhjswijkndnlirzgjlztczd/Build/Intermediates.noindex/FlutterGeneratedPluginSwiftPackage.build/Release-iphoneos/FlutterGeneratedPluginSwiftPackage.build/Objects-normal/arm64/FlutterGeneratedPluginSwiftPackage_const_extract_protocols.json -Xcc -I/Users/runner/work/anivault/anivault/ios/Flutter/ephemeral/Packages/.packages/package_info_plus-10.0.0/Sources/package_info_plus/include -Xcc -I/Users/runner/work/anivault/anivault/ios/Flutter/ephemeral/Packages/.packages/wakelock_plus-1.6.0/Sources/wakelock_plus/include -Xcc -I/Users/runner/Library/Developer/Xcode/DerivedData/Runner-cxlsvnhjswijkndnlirzgjlztczd/Build/Products/Release-iphoneos/include -Xcc -I/Users/runner/Library/Developer/Xcode/DerivedData/Runner-cxlsvnhjswijkndnlirzgjlztczd/Build/Intermediates.noindex/FlutterGeneratedPluginSwiftPackage.build/Release-iphoneos/FlutterGeneratedPluginSwiftPackage.build/DerivedSources-normal/arm64 -Xcc -I/Users/runner/Library/Developer/Xcode/DerivedData/Runner-cxlsvnhjswijkndnlirzgjlztczd/Build/Intermediates.noindex/FlutterGeneratedPluginSwiftPackage.build/Release-iphoneos/FlutterGeneratedPluginSwiftPackage.build/DerivedSources/arm64 -Xcc -I/Users/runner/Library/Developer/Xcode/DerivedData/Runner-cxlsvnhjswijkndnlirzgjlztczd/Build/Intermediates.noindex/FlutterGeneratedPluginSwiftPackage.build/Release-iphoneos/FlutterGeneratedPluginSwiftPackage.build/DerivedSources -Xcc -DSWIFT_PACKAGE -emit-objc-header -emit-objc-header-path /Users/runner/Library/Developer/Xcode/DerivedData/Runner-cxlsvnhjswijkndnlirzgjlztczd/Build/Intermediates.noindex/FlutterGeneratedPluginSwiftPackage.build/Release-iphoneos/FlutterGeneratedPluginSwiftPackage.build/Objects-normal/arm64/FlutterGeneratedPluginSwiftPackage-Swift.h -working-directory /Users/runner/work/anivault/anivault/ios/Flutter/ephemeral/Packages/FlutterGeneratedPluginSwiftPackage -no-emit-module-separately-wmo

SwiftCompile normal arm64 Compiling\ FlutterGeneratedPluginSwiftPackage.swift /Users/runner/work/anivault/anivault/ios/Flutter/ephemeral/Packages/FlutterGeneratedPluginSwiftPackage/Sources/FlutterGeneratedPluginSwiftPackage/FlutterGeneratedPluginSwiftPackage.swift (in target 'FlutterGeneratedPluginSwiftPackage' from project 'FlutterGeneratedPluginSwiftPackage')
    cd /Users/runner/work/anivault/anivault/ios/Flutter/ephemeral/Packages/FlutterGeneratedPluginSwiftPackage
    builtin-swiftTaskExecution -- /Applications/Xcode_15.4.app/Contents/Developer/Toolchains/XcodeDefault.xctoolchain/usr/bin/swift-frontend -frontend -c /Users/runner/work/anivault/anivault/ios/Flutter/ephemeral/Packages/FlutterGeneratedPluginSwiftPackage/Sources/FlutterGeneratedPluginSwiftPackage/FlutterGeneratedPluginSwiftPackage.swift -emit-module-path /Users/runner/Library/Developer/Xcode/DerivedData/Runner-cxlsvnhjswijkndnlirzgjlztczd/Build/Intermediates.noindex/FlutterGeneratedPluginSwiftPackage.build/Release-iphoneos/FlutterGeneratedPluginSwiftPackage.build/Objects-normal/arm64/FlutterGeneratedPluginSwiftPackage.swiftmodule -emit-module-doc-path /Users/runner/Library/Developer/Xcode/DerivedData/Runner-cxlsvnhjswijkndnlirzgjlztczd/Build/Intermediates.noindex/FlutterGeneratedPluginSwiftPackage.build/Release-iphoneos/FlutterGeneratedPluginSwiftPackage.build/Objects-normal/arm64/FlutterGeneratedPluginSwiftPackage.swiftdoc -emit-module-source-info-path /Users/runner/Library/Developer/Xcode/DerivedData/Runner-cxlsvnhjswijkndnlirzgjlztczd/Build/Intermediates.noindex/FlutterGeneratedPluginSwiftPackage.build/Release-iphoneos/FlutterGeneratedPluginSwiftPackage.build/Objects-normal/arm64/FlutterGeneratedPluginSwiftPackage.swiftsourceinfo -emit-dependencies-path /Users/runner/Library/Developer/Xcode/DerivedData/Runner-cxlsvnhjswijkndnlirzgjlztczd/Build/Intermediates.noindex/FlutterGeneratedPluginSwiftPackage.build/Release-iphoneos/FlutterGeneratedPluginSwiftPackage.build/Objects-normal/arm64/FlutterGeneratedPluginSwiftPackage-master.d -emit-const-values-path /Users/runner/Library/Developer/Xcode/DerivedData/Runner-cxlsvnhjswijkndnlirzgjlztczd/Build/Intermediates.noindex/FlutterGeneratedPluginSwiftPackage.build/Release-iphoneos/FlutterGeneratedPluginSwiftPackage.build/Objects-normal/arm64/FlutterGeneratedPluginSwiftPackage-master.swiftconstvalues -serialize-diagnostics-path /Users/runner/Library/Developer/Xcode/DerivedData/Runner-cxlsvnhjswijkndnlirzgjlztczd/Build/Intermediates.noindex/FlutterGeneratedPluginSwiftPackage.build/Release-iphoneos/FlutterGeneratedPluginSwiftPackage.build/Objects-normal/arm64/FlutterGeneratedPluginSwiftPackage-master.dia -emit-objc-header-path /Users/runner/Library/Developer/Xcode/DerivedData/Runner-cxlsvnhjswijkndnlirzgjlztczd/Build/Intermediates.noindex/FlutterGeneratedPluginSwiftPackage.build/Release-iphoneos/FlutterGeneratedPluginSwiftPackage.build/Objects-normal/arm64/FlutterGeneratedPluginSwiftPackage-Swift.h -emit-abi-descriptor-path /Users/runner/Library/Developer/Xcode/DerivedData/Runner-cxlsvnhjswijkndnlirzgjlztczd/Build/Intermediates.noindex/FlutterGeneratedPluginSwiftPackage.build/Release-iphoneos/FlutterGeneratedPluginSwiftPackage.build/Objects-normal/arm64/FlutterGeneratedPluginSwiftPackage.abi.json -target arm64-apple-ios13.0 -Xllvm -aarch64-use-tbi -enable-objc-interop -stack-check -sdk /Applications/Xcode_15.4.app/Contents/Developer/Platforms/iPhoneOS.platform/Developer/SDKs/iPhoneOS17.5.sdk -I /Users/runner/Library/Developer/Xcode/DerivedData/Runner-cxlsvnhjswijkndnlirzgjlztczd/Build/Products/Release-iphoneos -I /Applications/Xcode_15.4.app/Contents/Developer/Platforms/iPhoneOS.platform/Developer/usr/lib -F /Users/runner/Library/Developer/Xcode/DerivedData/Runner-cxlsvnhjswijkndnlirzgjlztczd/Build/Products/Release-iphoneos/PackageFrameworks -F /Users/runner/Library/Developer/Xcode/DerivedData/Runner-cxlsvnhjswijkndnlirzgjlztczd/Build/Products/Release-iphoneos/PackageFrameworks -F /Users/runner/Library/Developer/Xcode/DerivedData/Runner-cxlsvnhjswijkndnlirzgjlztczd/Build/Products/Release-iphoneos/PackageFrameworks -F /Users/runner/Library/Developer/Xcode/DerivedData/Runner-cxlsvnhjswijkndnlirzgjlztczd/Build/Products/Release-iphoneos/PackageFrameworks -F /Users/runner/Library/Developer/Xcode/DerivedData/Runner-cxlsvnhjswijkndnlirzgjlztczd/Build/Products/Release-iphoneos/PackageFrameworks -F /Users/runner/Library/Developer/Xcode/DerivedData/Runner-cxlsvnhjswijkndnlirzgjlztczd/Build/Products/Release-iphoneos -F /Applications/Xcode_15.4.app/Contents/Developer/Platforms/iPhoneOS.platform/Developer/Library/Frameworks -F /Applications/Xcode_15.4.app/Contents/Developer/Platforms/iPhoneOS.platform/Developer/SDKs/iPhoneOS17.5.sdk/Developer/Library/Frameworks -no-color-diagnostics -g -module-cache-path /Users/runner/Library/Developer/Xcode/DerivedData/ModuleCache.noindex -swift-version 5 -enforce-exclusivity\=checked -O -D SWIFT_PACKAGE -D Xcode -serialize-debugging-options -package-name fluttergeneratedpluginswiftpackage -const-gather-protocols-file /Users/runner/Library/Developer/Xcode/DerivedData/Runner-cxlsvnhjswijkndnlirzgjlztczd/Build/Intermediates.noindex/FlutterGeneratedPluginSwiftPackage.build/Release-iphoneos/FlutterGeneratedPluginSwiftPackage.build/Objects-normal/arm64/FlutterGeneratedPluginSwiftPackage_const_extract_protocols.json -empty-abi-descriptor -validate-clang-modules-once -clang-build-session-file /Users/runner/Library/Developer/Xcode/DerivedData/ModuleCache.noindex/Session.modulevalidation -Xcc -working-directory -Xcc /Users/runner/work/anivault/anivault/ios/Flutter/ephemeral/Packages/FlutterGeneratedPluginSwiftPackage -resource-dir /Applications/Xcode_15.4.app/Contents/Developer/Toolchains/XcodeDefault.xctoolchain/usr/lib/swift -Xcc -fmodule-map-file\=/Users/runner/Library/Developer/Xcode/DerivedData/Runner-cxlsvnhjswijkndnlirzgjlztczd/Build/Intermediates.noindex/GeneratedModuleMaps-iphoneos/package_info_plus.modulemap -Xcc -fmodule-map-file\=/Users/runner/Library/Developer/Xcode/DerivedData/Runner-cxlsvnhjswijkndnlirzgjlztczd/Build/Intermediates.noindex/GeneratedModuleMaps-iphoneos/wakelock_plus.modulemap -Xcc -ivfsstatcache -Xcc /Users/runner/Library/Developer/Xcode/DerivedData/SDKStatCaches.noindex/iphoneos17.5-21F77-f0fa7969d082b13145125136a829df3a.sdkstatcache -Xcc -I/Users/runner/Library/Developer/Xcode/DerivedData/Runner-cxlsvnhjswijkndnlirzgjlztczd/Build/Intermediates.noindex/FlutterGeneratedPluginSwiftPackage.build/Release-iphoneos/FlutterGeneratedPluginSwiftPackage.build/swift-overrides.hmap -Xcc -I/Users/runner/work/anivault/anivault/ios/Flutter/ephemeral/Packages/.packages/package_info_plus-10.0.0/Sources/package_info_plus/include -Xcc -I/Users/runner/work/anivault/anivault/ios/Flutter/ephemeral/Packages/.packages/wakelock_plus-1.6.0/Sources/wakelock_plus/include -Xcc -I/Users/runner/Library/Developer/Xcode/DerivedData/Runner-cxlsvnhjswijkndnlirzgjlztczd/Build/Products/Release-iphoneos/include -Xcc -I/Users/runner/Library/Developer/Xcode/DerivedData/Runner-cxlsvnhjswijkndnlirzgjlztczd/Build/Intermediates.noindex/FlutterGeneratedPluginSwiftPackage.build/Release-iphoneos/FlutterGeneratedPluginSwiftPackage.build/DerivedSources-normal/arm64 -Xcc -I/Users/runner/Library/Developer/Xcode/DerivedData/Runner-cxlsvnhjswijkndnlirzgjlztczd/Build/Intermediates.noindex/FlutterGeneratedPluginSwiftPackage.build/Release-iphoneos/FlutterGeneratedPluginSwiftPackage.build/DerivedSources/arm64 -Xcc -I/Users/runner/Library/Developer/Xcode/DerivedData/Runner-cxlsvnhjswijkndnlirzgjlztczd/Build/Intermediates.noindex/FlutterGeneratedPluginSwiftPackage.build/Release-iphoneos/FlutterGeneratedPluginSwiftPackage.build/DerivedSources -Xcc -DSWIFT_PACKAGE -module-name FlutterGeneratedPluginSwiftPackage -frontend-parseable-output -disable-clang-spi -target-sdk-version 17.5 -target-sdk-name iphoneos17.5 -external-plugin-path /Applications/Xcode_15.4.app/Contents/Developer/Platforms/iPhoneOS.platform/Developer/SDKs/iPhoneOS17.5.sdk/usr/lib/swift/host/plugins\#/Applications/Xcode_15.4.app/Contents/Developer/Platforms/iPhoneOS.platform/Developer/SDKs/iPhoneOS17.5.sdk/usr/bin/swift-plugin-server -external-plugin-path /Applications/Xcode_15.4.app/Contents/Developer/Platforms/iPhoneOS.platform/Developer/SDKs/iPhoneOS17.5.sdk/usr/local/lib/swift/host/plugins\#/Applications/Xcode_15.4.app/Contents/Developer/Platforms/iPhoneOS.platform/Developer/SDKs/iPhoneOS17.5.sdk/usr/bin/swift-plugin-server -external-plugin-path /Applications/Xcode_15.4.app/Contents/Developer/Platforms/iPhoneOS.platform/Developer/usr/lib/swift/host/plugins\#/Applications/Xcode_15.4.app/Contents/Developer/Platforms/iPhoneOS.platform/Developer/usr/bin/swift-plugin-server -external-plugin-path /Applications/Xcode_15.4.app/Contents/Developer/Platforms/iPhoneOS.platform/Developer/usr/local/lib/swift/host/plugins\#/Applications/Xcode_15.4.app/Contents/Developer/Platforms/iPhoneOS.platform/Developer/usr/bin/swift-plugin-server -plugin-path /Applications/Xcode_15.4.app/Contents/Developer/Toolchains/XcodeDefault.xctoolchain/usr/lib/swift/host/plugins -plugin-path /Applications/Xcode_15.4.app/Contents/Developer/Toolchains/XcodeDefault.xctoolchain/usr/local/lib/swift/host/plugins -enable-default-cmo -parse-as-library -num-threads 3 -o /Users/runner/Library/Developer/Xcode/DerivedData/Runner-cxlsvnhjswijkndnlirzgjlztczd/Build/Intermediates.noindex/FlutterGeneratedPluginSwiftPackage.build/Release-iphoneos/FlutterGeneratedPluginSwiftPackage.build/Objects-normal/arm64/FlutterGeneratedPluginSwiftPackage.o -index-unit-output-path /FlutterGeneratedPluginSwiftPackage.build/Release-iphoneos/FlutterGeneratedPluginSwiftPackage.build/Objects-normal/arm64/FlutterGeneratedPluginSwiftPackage.o

SwiftCompile normal arm64 /Users/runner/work/anivault/anivault/ios/Flutter/ephemeral/Packages/FlutterGeneratedPluginSwiftPackage/Sources/FlutterGeneratedPluginSwiftPackage/FlutterGeneratedPluginSwiftPackage.swift (in target 'FlutterGeneratedPluginSwiftPackage' from project 'FlutterGeneratedPluginSwiftPackage')
    cd /Users/runner/work/anivault/anivault/ios/Flutter/ephemeral/Packages/FlutterGeneratedPluginSwiftPackage
    /Applications/Xcode_15.4.app/Contents/Developer/Toolchains/XcodeDefault.xctoolchain/usr/bin/swift-frontend -c /Users/runner/work/anivault/anivault/ios/Flutter/ephemeral/Packages/FlutterGeneratedPluginSwiftPackage/Sources/FlutterGeneratedPluginSwiftPackage/FlutterGeneratedPluginSwiftPackage.swift -emit-module-path /Users/runner/Library/Developer/Xcode/DerivedData/Runner-cxlsvnhjswijkndnlirzgjlztczd/Build/Intermediates.noindex/FlutterGeneratedPluginSwiftPackage.build/Release-iphoneos/FlutterGeneratedPluginSwiftPackage.build/Objects-normal/arm64/FlutterGeneratedPluginSwiftPackage.swiftmodule -emit-module-doc-path /Users/runner/Library/Developer/Xcode/DerivedData/Runner-cxlsvnhjswijkndnlirzgjlztczd/Build/Intermediates.noindex/FlutterGeneratedPluginSwiftPackage.build/Release-iphoneos/FlutterGeneratedPluginSwiftPackage.build/Objects-normal/arm64/FlutterGeneratedPluginSwiftPackage.swiftdoc -emit-module-source-info-path /Users/runner/Library/Developer/Xcode/DerivedData/Runner-cxlsvnhjswijkndnlirzgjlztczd/Build/Intermediates.noindex/FlutterGeneratedPluginSwiftPackage.build/Release-iphoneos/FlutterGeneratedPluginSwiftPackage.build/Objects-normal/arm64/FlutterGeneratedPluginSwiftPackage.swiftsourceinfo -emit-dependencies-path /Users/runner/Library/Developer/Xcode/DerivedData/Runner-cxlsvnhjswijkndnlirzgjlztczd/Build/Intermediates.noindex/FlutterGeneratedPluginSwiftPackage.build/Release-iphoneos/FlutterGeneratedPluginSwiftPackage.build/Objects-normal/arm64/FlutterGeneratedPluginSwiftPackage-master.d -emit-const-values-path /Users/runner/Library/Developer/Xcode/DerivedData/Runner-cxlsvnhjswijkndnlirzgjlztczd/Build/Intermediates.noindex/FlutterGeneratedPluginSwiftPackage.build/Release-iphoneos/FlutterGeneratedPluginSwiftPackage.build/Objects-normal/arm64/FlutterGeneratedPluginSwiftPackage-master.swiftconstvalues -serialize-diagnostics-path /Users/runner/Library/Developer/Xcode/DerivedData/Runner-cxlsvnhjswijkndnlirzgjlztczd/Build/Intermediates.noindex/FlutterGeneratedPluginSwiftPackage.build/Release-iphoneos/FlutterGeneratedPluginSwiftPackage.build/Objects-normal/arm64/FlutterGeneratedPluginSwiftPackage-master.dia -emit-objc-header-path /Users/runner/Library/Developer/Xcode/DerivedData/Runner-cxlsvnhjswijkndnlirzgjlztczd/Build/Intermediates.noindex/FlutterGeneratedPluginSwiftPackage.build/Release-iphoneos/FlutterGeneratedPluginSwiftPackage.build/Objects-normal/arm64/FlutterGeneratedPluginSwiftPackage-Swift.h -emit-abi-descriptor-path /Users/runner/Library/Developer/Xcode/DerivedData/Runner-cxlsvnhjswijkndnlirzgjlztczd/Build/Intermediates.noindex/FlutterGeneratedPluginSwiftPackage.build/Release-iphoneos/FlutterGeneratedPluginSwiftPackage.build/Objects-normal/arm64/FlutterGeneratedPluginSwiftPackage.abi.json -target arm64-apple-ios13.0 -Xllvm -aarch64-use-tbi -enable-objc-interop -stack-check -sdk /Applications/Xcode_15.4.app/Contents/Developer/Platforms/iPhoneOS.platform/Developer/SDKs/iPhoneOS17.5.sdk -I /Users/runner/Library/Developer/Xcode/DerivedData/Runner-cxlsvnhjswijkndnlirzgjlztczd/Build/Products/Release-iphoneos -I /Applications/Xcode_15.4.app/Contents/Developer/Platforms/iPhoneOS.platform/Developer/usr/lib -F /Users/runner/Library/Developer/Xcode/DerivedData/Runner-cxlsvnhjswijkndnlirzgjlztczd/Build/Products/Release-iphoneos/PackageFrameworks -F /Users/runner/Library/Developer/Xcode/DerivedData/Runner-cxlsvnhjswijkndnlirzgjlztczd/Build/Products/Release-iphoneos/PackageFrameworks -F /Users/runner/Library/Developer/Xcode/DerivedData/Runner-cxlsvnhjswijkndnlirzgjlztczd/Build/Products/Release-iphoneos/PackageFrameworks -F /Users/runner/Library/Developer/Xcode/DerivedData/Runner-cxlsvnhjswijkndnlirzgjlztczd/Build/Products/Release-iphoneos/PackageFrameworks -F /Users/runner/Library/Developer/Xcode/DerivedData/Runner-cxlsvnhjswijkndnlirzgjlztczd/Build/Products/Release-iphoneos/PackageFrameworks -F /Users/runner/Library/Developer/Xcode/DerivedData/Runner-cxlsvnhjswijkndnlirzgjlztczd/Build/Products/Release-iphoneos -F /Applications/Xcode_15.4.app/Contents/Developer/Platforms/iPhoneOS.platform/Developer/Library/Frameworks -F /Applications/Xcode_15.4.app/Contents/Developer/Platforms/iPhoneOS.platform/Developer/SDKs/iPhoneOS17.5.sdk/Developer/Library/Frameworks -no-color-diagnostics -g -module-cache-path /Users/runner/Library/Developer/Xcode/DerivedData/ModuleCache.noindex -swift-version 5 -enforce-exclusivity\=checked -O -D SWIFT_PACKAGE -D Xcode -serialize-debugging-options -package-name fluttergeneratedpluginswiftpackage -const-gather-protocols-file /Users/runner/Library/Developer/Xcode/DerivedData/Runner-cxlsvnhjswijkndnlirzgjlztczd/Build/Intermediates.noindex/FlutterGeneratedPluginSwiftPackage.build/Release-iphoneos/FlutterGeneratedPluginSwiftPackage.build/Objects-normal/arm64/FlutterGeneratedPluginSwiftPackage_const_extract_protocols.json -empty-abi-descriptor -validate-clang-modules-once -clang-build-session-file /Users/runner/Library/Developer/Xcode/DerivedData/ModuleCache.noindex/Session.modulevalidation -Xcc -working-directory -Xcc /Users/runner/work/anivault/anivault/ios/Flutter/ephemeral/Packages/FlutterGeneratedPluginSwiftPackage -resource-dir /Applications/Xcode_15.4.app/Contents/Developer/Toolchains/XcodeDefault.xctoolchain/usr/lib/swift -Xcc -fmodule-map-file\=/Users/runner/Library/Developer/Xcode/DerivedData/Runner-cxlsvnhjswijkndnlirzgjlztczd/Build/Intermediates.noindex/GeneratedModuleMaps-iphoneos/package_info_plus.modulemap -Xcc -fmodule-map-file\=/Users/runner/Library/Developer/Xcode/DerivedData/Runner-cxlsvnhjswijkndnlirzgjlztczd/Build/Intermediates.noindex/GeneratedModuleMaps-iphoneos/wakelock_plus.modulemap -Xcc -ivfsstatcache -Xcc /Users/runner/Library/Developer/Xcode/DerivedData/SDKStatCaches.noindex/iphoneos17.5-21F77-f0fa7969d082b13145125136a829df3a.sdkstatcache -Xcc -I/Users/runner/Library/Developer/Xcode/DerivedData/Runner-cxlsvnhjswijkndnlirzgjlztczd/Build/Intermediates.noindex/FlutterGeneratedPluginSwiftPackage.build/Release-iphoneos/FlutterGeneratedPluginSwiftPackage.build/swift-overrides.hmap -Xcc -I/Users/runner/work/anivault/anivault/ios/Flutter/ephemeral/Packages/.packages/package_info_plus-10.0.0/Sources/package_info_plus/include -Xcc -I/Users/runner/work/anivault/anivault/ios/Flutter/ephemeral/Packages/.packages/wakelock_plus-1.6.0/Sources/wakelock_plus/include -Xcc -I/Users/runner/Library/Developer/Xcode/DerivedData/Runner-cxlsvnhjswijkndnlirzgjlztczd/Build/Products/Release-iphoneos/include -Xcc -I/Users/runner/Library/Developer/Xcode/DerivedData/Runner-cxlsvnhjswijkndnlirzgjlztczd/Build/Intermediates.noindex/FlutterGeneratedPluginSwiftPackage.build/Release-iphoneos/FlutterGeneratedPluginSwiftPackage.build/DerivedSources-normal/arm64 -Xcc -I/Users/runner/Library/Developer/Xcode/DerivedData/Runner-cxlsvnhjswijkndnlirzgjlztczd/Build/Intermediates.noindex/FlutterGeneratedPluginSwiftPackage.build/Release-iphoneos/FlutterGeneratedPluginSwiftPackage.build/DerivedSources/arm64 -Xcc -I/Users/runner/Library/Developer/Xcode/DerivedData/Runner-cxlsvnhjswijkndnlirzgjlztczd/Build/Intermediates.noindex/FlutterGeneratedPluginSwiftPackage.build/Release-iphoneos/FlutterGeneratedPluginSwiftPackage.build/DerivedSources -Xcc -DSWIFT_PACKAGE -module-name FlutterGeneratedPluginSwiftPackage -frontend-parseable-output -disable-clang-spi -target-sdk-version 17.5 -target-sdk-name iphoneos17.5 -external-plugin-path /Applications/Xcode_15.4.app/Contents/Developer/Platforms/iPhoneOS.platform/Developer/SDKs/iPhoneOS17.5.sdk/usr/lib/swift/host/plugins\#/Applications/Xcode_15.4.app/Contents/Developer/Platforms/iPhoneOS.platform/Developer/SDKs/iPhoneOS17.5.sdk/usr/bin/swift-plugin-server -external-plugin-path /Applications/Xcode_15.4.app/Contents/Developer/Platforms/iPhoneOS.platform/Developer/SDKs/iPhoneOS17.5.sdk/usr/local/lib/swift/host/plugins\#/Applications/Xcode_15.4.app/Contents/Developer/Platforms/iPhoneOS.platform/Developer/SDKs/iPhoneOS17.5.sdk/usr/bin/swift-plugin-server -external-plugin-path /Applications/Xcode_15.4.app/Contents/Developer/Platforms/iPhoneOS.platform/Developer/usr/lib/swift/host/plugins\#/Applications/Xcode_15.4.app/Contents/Developer/Platforms/iPhoneOS.platform/Developer/usr/bin/swift-plugin-server -external-plugin-path /Applications/Xcode_15.4.app/Contents/Developer/Platforms/iPhoneOS.platform/Developer/usr/local/lib/swift/host/plugins\#/Applications/Xcode_15.4.app/Contents/Developer/Platforms/iPhoneOS.platform/Developer/usr/bin/swift-plugin-server -plugin-path /Applications/Xcode_15.4.app/Contents/Developer/Toolchains/XcodeDefault.xctoolchain/usr/lib/swift/host/plugins -plugin-path /Applications/Xcode_15.4.app/Contents/Developer/Toolchains/XcodeDefault.xctoolchain/usr/local/lib/swift/host/plugins -enable-default-cmo -parse-as-library -num-threads 3 -o /Users/runner/Library/Developer/Xcode/DerivedData/Runner-cxlsvnhjswijkndnlirzgjlztczd/Build/Intermediates.noindex/FlutterGeneratedPluginSwiftPackage.build/Release-iphoneos/FlutterGeneratedPluginSwiftPackage.build/Objects-normal/arm64/FlutterGeneratedPluginSwiftPackage.o -index-unit-output-path /FlutterGeneratedPluginSwiftPackage.build/Release-iphoneos/FlutterGeneratedPluginSwiftPackage.build/Objects-normal/arm64/FlutterGeneratedPluginSwiftPackage.o

CompileC /Users/runner/Library/Developer/Xcode/DerivedData/Runner-cxlsvnhjswijkndnlirzgjlztczd/Build/Intermediates.noindex/Pods.build/Release-iphoneos/media_kit_libs_ios_video.build/Objects-normal/arm64/media_kit_libs_ios_video_vers.o /Users/runner/Library/Developer/Xcode/DerivedData/Runner-cxlsvnhjswijkndnlirzgjlztczd/Build/Intermediates.noindex/Pods.build/Release-iphoneos/media_kit_libs_ios_video.build/DerivedSources/media_kit_libs_ios_video_vers.c normal arm64 c com.apple.compilers.llvm.clang.1_0.compiler (in target 'media_kit_libs_ios_video' from project 'Pods')
    cd /Users/runner/work/anivault/anivault/ios/Pods
    /Applications/Xcode_15.4.app/Contents/Developer/Toolchains/XcodeDefault.xctoolchain/usr/bin/clang -x c -ivfsstatcache /Users/runner/Library/Developer/Xcode/DerivedData/SDKStatCaches.noindex/iphoneos17.5-21F77-f0fa7969d082b13145125136a829df3a.sdkstatcache -fmessage-length\=0 -fdiagnostics-show-note-include-stack -fmacro-backtrace-limit\=0 -fno-color-diagnostics -fmodules-prune-interval\=86400 -fmodules-prune-after\=345600 -fbuild-session-file\=/Users/runner/Library/Developer/Xcode/DerivedData/ModuleCache.noindex/Session.modulevalidation -fmodules-validate-once-per-build-session -Wnon-modular-include-in-framework-module -Werror\=non-modular-include-in-framework-module -Wno-trigraphs -Wno-missing-field-initializers -Wno-missing-prototypes -Werror\=return-type -Wdocumentation -Wunreachable-code -Werror\=deprecated-objc-isa-usage -Werror\=objc-root-class -Wno-missing-braces -Wparentheses -Wswitch -Wunused-function -Wno-unused-label -Wno-unused-parameter -Wunused-variable -Wunused-value -Wempty-body -Wuninitialized -Wconditional-uninitialized -Wno-unknown-pragmas -Wno-shadow -Wno-four-char-constants -Wno-conversion -Wconstant-conversion -Wint-conversion -Wbool-conversion -Wenum-conversion -Wno-float-conversion -Wnon-literal-null-conversion -Wobjc-literal-conversion -Wshorten-64-to-32 -Wpointer-sign -Wno-newline-eof -Wno-implicit-fallthrough -fstrict-aliasing -Wdeprecated-declarations -Wno-sign-conversion -Winfinite-recursion -Wcomma -Wblock-capture-autoreleasing -Wstrict-prototypes -Wno-semicolon-before-method-body -Wunguarded-availability @/Users/runner/Library/Developer/Xcode/DerivedData/Runner-cxlsvnhjswijkndnlirzgjlztczd/Build/Intermediates.noindex/Pods.build/Release-iphoneos/media_kit_libs_ios_video.build/Objects-normal/arm64/7187679823f38a2a940e0043cdf9d637-common-args.resp -MMD -MT dependencies -MF /Users/runner/Library/Developer/Xcode/DerivedData/Runner-cxlsvnhjswijkndnlirzgjlztczd/Build/Intermediates.noindex/Pods.build/Release-iphoneos/media_kit_libs_ios_video.build/Objects-normal/arm64/media_kit_libs_ios_video_vers.d --serialize-diagnostics /Users/runner/Library/Developer/Xcode/DerivedData/Runner-cxlsvnhjswijkndnlirzgjlztczd/Build/Intermediates.noindex/Pods.build/Release-iphoneos/media_kit_libs_ios_video.build/Objects-normal/arm64/media_kit_libs_ios_video_vers.dia -c /Users/runner/Library/Developer/Xcode/DerivedData/Runner-cxlsvnhjswijkndnlirzgjlztczd/Build/Intermediates.noindex/Pods.build/Release-iphoneos/media_kit_libs_ios_video.build/DerivedSources/media_kit_libs_ios_video_vers.c -o /Users/runner/Library/Developer/Xcode/DerivedData/Runner-cxlsvnhjswijkndnlirzgjlztczd/Build/Intermediates.noindex/Pods.build/Release-iphoneos/media_kit_libs_ios_video.build/Objects-normal/arm64/media_kit_libs_ios_video_vers.o

CompileC /Users/runner/Library/Developer/Xcode/DerivedData/Runner-cxlsvnhjswijkndnlirzgjlztczd/Build/Intermediates.noindex/Pods.build/Release-iphoneos/media_kit_libs_ios_video.build/Objects-normal/arm64/media_kit_libs_ios_video-dummy.o /Users/runner/work/anivault/anivault/ios/Pods/Target\ Support\ Files/media_kit_libs_ios_video/media_kit_libs_ios_video-dummy.m normal arm64 objective-c com.apple.compilers.llvm.clang.1_0.compiler (in target 'media_kit_libs_ios_video' from project 'Pods')
    cd /Users/runner/work/anivault/anivault/ios/Pods
    /Applications/Xcode_15.4.app/Contents/Developer/Toolchains/XcodeDefault.xctoolchain/usr/bin/clang -x objective-c -ivfsstatcache /Users/runner/Library/Developer/Xcode/DerivedData/SDKStatCaches.noindex/iphoneos17.5-21F77-f0fa7969d082b13145125136a829df3a.sdkstatcache -fmessage-length\=0 -fdiagnostics-show-note-include-stack -fmacro-backtrace-limit\=0 -fno-color-diagnostics -fmodules-prune-interval\=86400 -fmodules-prune-after\=345600 -fbuild-session-file\=/Users/runner/Library/Developer/Xcode/DerivedData/ModuleCache.noindex/Session.modulevalidation -fmodules-validate-once-per-build-session -Wnon-modular-include-in-framework-module -Werror\=non-modular-include-in-framework-module -Wno-trigraphs -Wno-missing-field-initializers -Wno-missing-prototypes -Werror\=return-type -Wdocumentation -Wunreachable-code -Wno-implicit-atomic-properties -Werror\=deprecated-objc-isa-usage -Wno-objc-interface-ivars -Werror\=objc-root-class -Wno-arc-repeated-use-of-weak -Wimplicit-retain-self -Wduplicate-method-match -Wno-missing-braces -Wparentheses -Wswitch -Wunused-function -Wno-unused-label -Wno-unused-parameter -Wunused-variable -Wunused-value -Wempty-body -Wuninitialized -Wconditional-uninitialized -Wno-unknown-pragmas -Wno-shadow -Wno-four-char-constants -Wno-conversion -Wconstant-conversion -Wint-conversion -Wbool-conversion -Wenum-conversion -Wno-float-conversion -Wnon-literal-null-conversion -Wobjc-literal-conversion -Wshorten-64-to-32 -Wpointer-sign -Wno-newline-eof -Wno-selector -Wno-strict-selector-match -Wundeclared-selector -Wdeprecated-implementations -Wno-implicit-fallthrough -fstrict-aliasing -Wprotocol -Wdeprecated-declarations -Wno-sign-conversion -Winfinite-recursion -Wcomma -Wblock-capture-autoreleasing -Wstrict-prototypes -Wno-semicolon-before-method-body -Wunguarded-availability @/Users/runner/Library/Developer/Xcode/DerivedData/Runner-cxlsvnhjswijkndnlirzgjlztczd/Build/Intermediates.noindex/Pods.build/Release-iphoneos/media_kit_libs_ios_video.build/Objects-normal/arm64/e6072d4f65d7061329687fe24e3d63a7-common-args.resp -include /Users/runner/work/anivault/anivault/ios/Pods/Target\ Support\ Files/media_kit_libs_ios_video/media_kit_libs_ios_video-prefix.pch -MMD -MT dependencies -MF /Users/runner/Library/Developer/Xcode/DerivedData/Runner-cxlsvnhjswijkndnlirzgjlztczd/Build/Intermediates.noindex/Pods.build/Release-iphoneos/media_kit_libs_ios_video.build/Objects-normal/arm64/media_kit_libs_ios_video-dummy.d --serialize-diagnostics /Users/runner/Library/Developer/Xcode/DerivedData/Runner-cxlsvnhjswijkndnlirzgjlztczd/Build/Intermediates.noindex/Pods.build/Release-iphoneos/media_kit_libs_ios_video.build/Objects-normal/arm64/media_kit_libs_ios_video-dummy.dia -c /Users/runner/work/anivault/anivault/ios/Pods/Target\ Support\ Files/media_kit_libs_ios_video/media_kit_libs_ios_video-dummy.m -o /Users/runner/Library/Developer/Xcode/DerivedData/Runner-cxlsvnhjswijkndnlirzgjlztczd/Build/Intermediates.noindex/Pods.build/Release-iphoneos/media_kit_libs_ios_video.build/Objects-normal/arm64/media_kit_libs_ios_video-dummy.o

SwiftMergeGeneratedHeaders /Users/runner/Library/Developer/Xcode/DerivedData/Runner-cxlsvnhjswijkndnlirzgjlztczd/Build/Products/Release-iphoneos/media_kit_video/media_kit_video.framework/Headers/media_kit_video-Swift.h /Users/runner/Library/Developer/Xcode/DerivedData/Runner-cxlsvnhjswijkndnlirzgjlztczd/Build/Intermediates.noindex/Pods.build/Release-iphoneos/media_kit_video.build/Objects-normal/arm64/media_kit_video-Swift.h (in target 'media_kit_video' from project 'Pods')
    cd /Users/runner/work/anivault/anivault/ios/Pods
    builtin-swiftHeaderTool -arch arm64 /Users/runner/Library/Developer/Xcode/DerivedData/Runner-cxlsvnhjswijkndnlirzgjlztczd/Build/Intermediates.noindex/Pods.build/Release-iphoneos/media_kit_video.build/Objects-normal/arm64/media_kit_video-Swift.h -o /Users/runner/Library/Developer/Xcode/DerivedData/Runner-cxlsvnhjswijkndnlirzgjlztczd/Build/Products/Release-iphoneos/media_kit_video/media_kit_video.framework/Headers/media_kit_video-Swift.h

Copy /Users/runner/Library/Developer/Xcode/DerivedData/Runner-cxlsvnhjswijkndnlirzgjlztczd/Build/Products/Release-iphoneos/media_kit_video/media_kit_video.framework/Modules/media_kit_video.swiftmodule/arm64-apple-ios.swiftmodule /Users/runner/Library/Developer/Xcode/DerivedData/Runner-cxlsvnhjswijkndnlirzgjlztczd/Build/Intermediates.noindex/Pods.build/Release-iphoneos/media_kit_video.build/Objects-normal/arm64/media_kit_video.swiftmodule (in target 'media_kit_video' from project 'Pods')
    cd /Users/runner/work/anivault/anivault/ios/Pods
    builtin-copy -exclude .DS_Store -exclude CVS -exclude .svn -exclude .git -exclude .hg -resolve-src-symlinks -rename /Users/runner/Library/Developer/Xcode/DerivedData/Runner-cxlsvnhjswijkndnlirzgjlztczd/Build/Intermediates.noindex/Pods.build/Release-iphoneos/media_kit_video.build/Objects-normal/arm64/media_kit_video.swiftmodule /Users/runner/Library/Developer/Xcode/DerivedData/Runner-cxlsvnhjswijkndnlirzgjlztczd/Build/Products/Release-iphoneos/media_kit_video/media_kit_video.framework/Modules/media_kit_video.swiftmodule/arm64-apple-ios.swiftmodule

Copy /Users/runner/Library/Developer/Xcode/DerivedData/Runner-cxlsvnhjswijkndnlirzgjlztczd/Build/Products/Release-iphoneos/media_kit_video/media_kit_video.framework/Modules/media_kit_video.swiftmodule/arm64-apple-ios.swiftdoc /Users/runner/Library/Developer/Xcode/DerivedData/Runner-cxlsvnhjswijkndnlirzgjlztczd/Build/Intermediates.noindex/Pods.build/Release-iphoneos/media_kit_video.build/Objects-normal/arm64/media_kit_video.swiftdoc (in target 'media_kit_video' from project 'Pods')
    cd /Users/runner/work/anivault/anivault/ios/Pods
    builtin-copy -exclude .DS_Store -exclude CVS -exclude .svn -exclude .git -exclude .hg -resolve-src-symlinks -rename /Users/runner/Library/Developer/Xcode/DerivedData/Runner-cxlsvnhjswijkndnlirzgjlztczd/Build/Intermediates.noindex/Pods.build/Release-iphoneos/media_kit_video.build/Objects-normal/arm64/media_kit_video.swiftdoc /Users/runner/Library/Developer/Xcode/DerivedData/Runner-cxlsvnhjswijkndnlirzgjlztczd/Build/Products/Release-iphoneos/media_kit_video/media_kit_video.framework/Modules/media_kit_video.swiftmodule/arm64-apple-ios.swiftdoc

Copy /Users/runner/Library/Developer/Xcode/DerivedData/Runner-cxlsvnhjswijkndnlirzgjlztczd/Build/Products/Release-iphoneos/media_kit_video/media_kit_video.framework/Modules/media_kit_video.swiftmodule/arm64-apple-ios.abi.json /Users/runner/Library/Developer/Xcode/DerivedData/Runner-cxlsvnhjswijkndnlirzgjlztczd/Build/Intermediates.noindex/Pods.build/Release-iphoneos/media_kit_video.build/Objects-normal/arm64/media_kit_video.abi.json (in target 'media_kit_video' from project 'Pods')
    cd /Users/runner/work/anivault/anivault/ios/Pods
    builtin-copy -exclude .DS_Store -exclude CVS -exclude .svn -exclude .git -exclude .hg -resolve-src-symlinks -rename /Users/runner/Library/Developer/Xcode/DerivedData/Runner-cxlsvnhjswijkndnlirzgjlztczd/Build/Intermediates.noindex/Pods.build/Release-iphoneos/media_kit_video.build/Objects-normal/arm64/media_kit_video.abi.json /Users/runner/Library/Developer/Xcode/DerivedData/Runner-cxlsvnhjswijkndnlirzgjlztczd/Build/Products/Release-iphoneos/media_kit_video/media_kit_video.framework/Modules/media_kit_video.swiftmodule/arm64-apple-ios.abi.json

Copy /Users/runner/Library/Developer/Xcode/DerivedData/Runner-cxlsvnhjswijkndnlirzgjlztczd/Build/Products/Release-iphoneos/media_kit_video/media_kit_video.framework/Modules/media_kit_video.swiftmodule/Project/arm64-apple-ios.swiftsourceinfo /Users/runner/Library/Developer/Xcode/DerivedData/Runner-cxlsvnhjswijkndnlirzgjlztczd/Build/Intermediates.noindex/Pods.build/Release-iphoneos/media_kit_video.build/Objects-normal/arm64/media_kit_video.swiftsourceinfo (in target 'media_kit_video' from project 'Pods')
    cd /Users/runner/work/anivault/anivault/ios/Pods
    builtin-copy -exclude .DS_Store -exclude CVS -exclude .svn -exclude .git -exclude .hg -resolve-src-symlinks -rename /Users/runner/Library/Developer/Xcode/DerivedData/Runner-cxlsvnhjswijkndnlirzgjlztczd/Build/Intermediates.noindex/Pods.build/Release-iphoneos/media_kit_video.build/Objects-normal/arm64/media_kit_video.swiftsourceinfo /Users/runner/Library/Developer/Xcode/DerivedData/Runner-cxlsvnhjswijkndnlirzgjlztczd/Build/Products/Release-iphoneos/media_kit_video/media_kit_video.framework/Modules/media_kit_video.swiftmodule/Project/arm64-apple-ios.swiftsourceinfo

RegisterExecutionPolicyException /Users/runner/Library/Developer/Xcode/DerivedData/Runner-cxlsvnhjswijkndnlirzgjlztczd/Build/Products/Release-iphoneos/package_info_plus.o (in target 'package_info_plus' from project 'package_info_plus')
    cd /Users/runner/work/anivault/anivault/ios/Flutter/ephemeral/Packages/.packages/package_info_plus-10.0.0
    builtin-RegisterExecutionPolicyException /Users/runner/Library/Developer/Xcode/DerivedData/Runner-cxlsvnhjswijkndnlirzgjlztczd/Build/Products/Release-iphoneos/package_info_plus.o

RegisterExecutionPolicyException /Users/runner/Library/Developer/Xcode/DerivedData/Runner-cxlsvnhjswijkndnlirzgjlztczd/Build/Products/Release-iphoneos/file_selector_ios.o (in target 'file_selector_ios' from project 'file_selector_ios')
    cd /Users/runner/work/anivault/anivault/ios/Flutter/ephemeral/Packages/.packages/file_selector_ios-0.5.3+5
    builtin-RegisterExecutionPolicyException /Users/runner/Library/Developer/Xcode/DerivedData/Runner-cxlsvnhjswijkndnlirzgjlztczd/Build/Products/Release-iphoneos/file_selector_ios.o

RegisterExecutionPolicyException /Users/runner/Library/Developer/Xcode/DerivedData/Runner-cxlsvnhjswijkndnlirzgjlztczd/Build/Products/Release-iphoneos/FlutterFramework.o (in target 'FlutterFramework' from project 'FlutterFramework')
    cd /Users/runner/work/anivault/anivault/ios/Flutter/ephemeral/Packages/.packages/FlutterFramework
    builtin-RegisterExecutionPolicyException /Users/runner/Library/Developer/Xcode/DerivedData/Runner-cxlsvnhjswijkndnlirzgjlztczd/Build/Products/Release-iphoneos/FlutterFramework.o

CompileC /Users/runner/Library/Developer/Xcode/DerivedData/Runner-cxlsvnhjswijkndnlirzgjlztczd/Build/Intermediates.noindex/Pods.build/Release-iphoneos/media_kit_video.build/Objects-normal/arm64/media_kit_video_vers.o /Users/runner/Library/Developer/Xcode/DerivedData/Runner-cxlsvnhjswijkndnlirzgjlztczd/Build/Intermediates.noindex/Pods.build/Release-iphoneos/media_kit_video.build/DerivedSources/media_kit_video_vers.c normal arm64 c com.apple.compilers.llvm.clang.1_0.compiler (in target 'media_kit_video' from project 'Pods')
    cd /Users/runner/work/anivault/anivault/ios/Pods
    /Applications/Xcode_15.4.app/Contents/Developer/Toolchains/XcodeDefault.xctoolchain/usr/bin/clang -x c -ivfsstatcache /Users/runner/Library/Developer/Xcode/DerivedData/SDKStatCaches.noindex/iphoneos17.5-21F77-f0fa7969d082b13145125136a829df3a.sdkstatcache -fmessage-length\=0 -fdiagnostics-show-note-include-stack -fmacro-backtrace-limit\=0 -fno-color-diagnostics -fmodules-prune-interval\=86400 -fmodules-prune-after\=345600 -fbuild-session-file\=/Users/runner/Library/Developer/Xcode/DerivedData/ModuleCache.noindex/Session.modulevalidation -fmodules-validate-once-per-build-session -Wnon-modular-include-in-framework-module -Werror\=non-modular-include-in-framework-module -Wno-trigraphs -Wno-missing-field-initializers -Wno-missing-prototypes -Werror\=return-type -Wdocumentation -Wunreachable-code -Werror\=deprecated-objc-isa-usage -Werror\=objc-root-class -Wno-missing-braces -Wparentheses -Wswitch -Wunused-function -Wno-unused-label -Wno-unused-parameter -Wunused-variable -Wunused-value -Wempty-body -Wuninitialized -Wconditional-uninitialized -Wno-unknown-pragmas -w -Wno-shadow -Wno-four-char-constants -Wno-conversion -Wconstant-conversion -Wint-conversion -Wbool-conversion -Wenum-conversion -Wno-float-conversion -Wnon-literal-null-conversion -Wobjc-literal-conversion -Wshorten-64-to-32 -Wpointer-sign -Wno-newline-eof -Wno-implicit-fallthrough -fstrict-aliasing -Wdeprecated-declarations -Wno-sign-conversion -Winfinite-recursion -Wcomma -Wblock-capture-autoreleasing -Wstrict-prototypes -Wno-semicolon-before-method-body -Wunguarded-availability @/Users/runner/Library/Developer/Xcode/DerivedData/Runner-cxlsvnhjswijkndnlirzgjlztczd/Build/Intermediates.noindex/Pods.build/Release-iphoneos/media_kit_video.build/Objects-normal/arm64/7187679823f38a2a940e0043cdf9d637-common-args.resp -MMD -MT dependencies -MF /Users/runner/Library/Developer/Xcode/DerivedData/Runner-cxlsvnhjswijkndnlirzgjlztczd/Build/Intermediates.noindex/Pods.build/Release-iphoneos/media_kit_video.build/Objects-normal/arm64/media_kit_video_vers.d --serialize-diagnostics /Users/runner/Library/Developer/Xcode/DerivedData/Runner-cxlsvnhjswijkndnlirzgjlztczd/Build/Intermediates.noindex/Pods.build/Release-iphoneos/media_kit_video.build/Objects-normal/arm64/media_kit_video_vers.dia -c /Users/runner/Library/Developer/Xcode/DerivedData/Runner-cxlsvnhjswijkndnlirzgjlztczd/Build/Intermediates.noindex/Pods.build/Release-iphoneos/media_kit_video.build/DerivedSources/media_kit_video_vers.c -o /Users/runner/Library/Developer/Xcode/DerivedData/Runner-cxlsvnhjswijkndnlirzgjlztczd/Build/Intermediates.noindex/Pods.build/Release-iphoneos/media_kit_video.build/Objects-normal/arm64/media_kit_video_vers.o

CompileC /Users/runner/Library/Developer/Xcode/DerivedData/Runner-cxlsvnhjswijkndnlirzgjlztczd/Build/Intermediates.noindex/Pods.build/Release-iphoneos/media_kit_video.build/Objects-normal/arm64/media_kit_video-dummy.o /Users/runner/work/anivault/anivault/ios/Pods/Target\ Support\ Files/media_kit_video/media_kit_video-dummy.m normal arm64 objective-c com.apple.compilers.llvm.clang.1_0.compiler (in target 'media_kit_video' from project 'Pods')
    cd /Users/runner/work/anivault/anivault/ios/Pods
    /Applications/Xcode_15.4.app/Contents/Developer/Toolchains/XcodeDefault.xctoolchain/usr/bin/clang -x objective-c -ivfsstatcache /Users/runner/Library/Developer/Xcode/DerivedData/SDKStatCaches.noindex/iphoneos17.5-21F77-f0fa7969d082b13145125136a829df3a.sdkstatcache -fmessage-length\=0 -fdiagnostics-show-note-include-stack -fmacro-backtrace-limit\=0 -fno-color-diagnostics -fmodules-prune-interval\=86400 -fmodules-prune-after\=345600 -fbuild-session-file\=/Users/runner/Library/Developer/Xcode/DerivedData/ModuleCache.noindex/Session.modulevalidation -fmodules-validate-once-per-build-session -Wnon-modular-include-in-framework-module -Werror\=non-modular-include-in-framework-module -Wno-trigraphs -Wno-missing-field-initializers -Wno-missing-prototypes -Werror\=return-type -Wdocumentation -Wunreachable-code -Wno-implicit-atomic-properties -Werror\=deprecated-objc-isa-usage -Wno-objc-interface-ivars -Werror\=objc-root-class -Wno-arc-repeated-use-of-weak -Wimplicit-retain-self -Wduplicate-method-match -Wno-missing-braces -Wparentheses -Wswitch -Wunused-function -Wno-unused-label -Wno-unused-parameter -Wunused-variable -Wunused-value -Wempty-body -Wuninitialized -Wconditional-uninitialized -Wno-unknown-pragmas -w -Wno-shadow -Wno-four-char-constants -Wno-conversion -Wconstant-conversion -Wint-conversion -Wbool-conversion -Wenum-conversion -Wno-float-conversion -Wnon-literal-null-conversion -Wobjc-literal-conversion -Wshorten-64-to-32 -Wpointer-sign -Wno-newline-eof -Wno-selector -Wno-strict-selector-match -Wundeclared-selector -Wdeprecated-implementations -Wno-implicit-fallthrough -fstrict-aliasing -Wprotocol -Wdeprecated-declarations -Wno-sign-conversion -Winfinite-recursion -Wcomma -Wblock-capture-autoreleasing -Wstrict-prototypes -Wno-semicolon-before-method-body -Wunguarded-availability @/Users/runner/Library/Developer/Xcode/DerivedData/Runner-cxlsvnhjswijkndnlirzgjlztczd/Build/Intermediates.noindex/Pods.build/Release-iphoneos/media_kit_video.build/Objects-normal/arm64/e6072d4f65d7061329687fe24e3d63a7-common-args.resp -include /Users/runner/work/anivault/anivault/ios/Pods/Target\ Support\ Files/media_kit_video/media_kit_video-prefix.pch -MMD -MT dependencies -MF /Users/runner/Library/Developer/Xcode/DerivedData/Runner-cxlsvnhjswijkndnlirzgjlztczd/Build/Intermediates.noindex/Pods.build/Release-iphoneos/media_kit_video.build/Objects-normal/arm64/media_kit_video-dummy.d --serialize-diagnostics /Users/runner/Library/Developer/Xcode/DerivedData/Runner-cxlsvnhjswijkndnlirzgjlztczd/Build/Intermediates.noindex/Pods.build/Release-iphoneos/media_kit_video.build/Objects-normal/arm64/media_kit_video-dummy.dia -c /Users/runner/work/anivault/anivault/ios/Pods/Target\ Support\ Files/media_kit_video/media_kit_video-dummy.m -o /Users/runner/Library/Developer/Xcode/DerivedData/Runner-cxlsvnhjswijkndnlirzgjlztczd/Build/Intermediates.noindex/Pods.build/Release-iphoneos/media_kit_video.build/Objects-normal/arm64/media_kit_video-dummy.o

SwiftDriverJobDiscovery normal arm64 Compiling FlutterGeneratedPluginSwiftPackage.swift (in target 'FlutterGeneratedPluginSwiftPackage' from project 'FlutterGeneratedPluginSwiftPackage')

SwiftDriver\ Compilation\ Requirements FlutterGeneratedPluginSwiftPackage normal arm64 com.apple.xcode.tools.swift.compiler (in target 'FlutterGeneratedPluginSwiftPackage' from project 'FlutterGeneratedPluginSwiftPackage')
    cd /Users/runner/work/anivault/anivault/ios/Flutter/ephemeral/Packages/FlutterGeneratedPluginSwiftPackage
    builtin-Swift-Compilation-Requirements -- /Applications/Xcode_15.4.app/Contents/Developer/Toolchains/XcodeDefault.xctoolchain/usr/bin/swiftc -module-name FlutterGeneratedPluginSwiftPackage -O -whole-module-optimization -enforce-exclusivity\=checked @/Users/runner/Library/Developer/Xcode/DerivedData/Runner-cxlsvnhjswijkndnlirzgjlztczd/Build/Intermediates.noindex/FlutterGeneratedPluginSwiftPackage.build/Release-iphoneos/FlutterGeneratedPluginSwiftPackage.build/Objects-normal/arm64/FlutterGeneratedPluginSwiftPackage.SwiftFileList -DSWIFT_PACKAGE -Xcc -fmodule-map-file\=/Users/runner/Library/Developer/Xcode/DerivedData/Runner-cxlsvnhjswijkndnlirzgjlztczd/Build/Intermediates.noindex/GeneratedModuleMaps-iphoneos/package_info_plus.modulemap -Xcc -fmodule-map-file\=/Users/runner/Library/Developer/Xcode/DerivedData/Runner-cxlsvnhjswijkndnlirzgjlztczd/Build/Intermediates.noindex/GeneratedModuleMaps-iphoneos/wakelock_plus.modulemap -DXcode -sdk /Applications/Xcode_15.4.app/Contents/Developer/Platforms/iPhoneOS.platform/Developer/SDKs/iPhoneOS17.5.sdk -target arm64-apple-ios13.0 -g -module-cache-path /Users/runner/Library/Developer/Xcode/DerivedData/ModuleCache.noindex -Xfrontend -serialize-debugging-options -swift-version 5 -I /Users/runner/Library/Developer/Xcode/DerivedData/Runner-cxlsvnhjswijkndnlirzgjlztczd/Build/Products/Release-iphoneos -I /Applications/Xcode_15.4.app/Contents/Developer/Platforms/iPhoneOS.platform/Developer/usr/lib -F /Users/runner/Library/Developer/Xcode/DerivedData/Runner-cxlsvnhjswijkndnlirzgjlztczd/Build/Products/Release-iphoneos/PackageFrameworks -F /Users/runner/Library/Developer/Xcode/DerivedData/Runner-cxlsvnhjswijkndnlirzgjlztczd/Build/Products/Release-iphoneos/PackageFrameworks -F /Users/runner/Library/Developer/Xcode/DerivedData/Runner-cxlsvnhjswijkndnlirzgjlztczd/Build/Products/Release-iphoneos/PackageFrameworks -F /Users/runner/Library/Developer/Xcode/DerivedData/Runner-cxlsvnhjswijkndnlirzgjlztczd/Build/Products/Release-iphoneos/PackageFrameworks -F /Users/runner/Library/Developer/Xcode/DerivedData/Runner-cxlsvnhjswijkndnlirzgjlztczd/Build/Products/Release-iphoneos/PackageFrameworks -F /Users/runner/Library/Developer/Xcode/DerivedData/Runner-cxlsvnhjswijkndnlirzgjlztczd/Build/Products/Release-iphoneos -F /Applications/Xcode_15.4.app/Contents/Developer/Platforms/iPhoneOS.platform/Developer/Library/Frameworks -F /Applications/Xcode_15.4.app/Contents/Developer/Platforms/iPhoneOS.platform/Developer/SDKs/iPhoneOS17.5.sdk/Developer/Library/Frameworks -parse-as-library -c -num-threads 3 -Xcc -ivfsstatcache -Xcc /Users/runner/Library/Developer/Xcode/DerivedData/SDKStatCaches.noindex/iphoneos17.5-21F77-f0fa7969d082b13145125136a829df3a.sdkstatcache -output-file-map /Users/runner/Library/Developer/Xcode/DerivedData/Runner-cxlsvnhjswijkndnlirzgjlztczd/Build/Intermediates.noindex/FlutterGeneratedPluginSwiftPackage.build/Release-iphoneos/FlutterGeneratedPluginSwiftPackage.build/Objects-normal/arm64/FlutterGeneratedPluginSwiftPackage-OutputFileMap.json -use-frontend-parseable-output -save-temps -no-color-diagnostics -serialize-diagnostics -emit-dependencies -emit-module -emit-module-path /Users/runner/Library/Developer/Xcode/DerivedData/Runner-cxlsvnhjswijkndnlirzgjlztczd/Build/Intermediates.noindex/FlutterGeneratedPluginSwiftPackage.build/Release-iphoneos/FlutterGeneratedPluginSwiftPackage.build/Objects-normal/arm64/FlutterGeneratedPluginSwiftPackage.swiftmodule -validate-clang-modules-once -clang-build-session-file /Users/runner/Library/Developer/Xcode/DerivedData/ModuleCache.noindex/Session.modulevalidation -Xfrontend -package-name -Xfrontend fluttergeneratedpluginswiftpackage -Xcc -I/Users/runner/Library/Developer/Xcode/DerivedData/Runner-cxlsvnhjswijkndnlirzgjlztczd/Build/Intermediates.noindex/FlutterGeneratedPluginSwiftPackage.build/Release-iphoneos/FlutterGeneratedPluginSwiftPackage.build/swift-overrides.hmap -emit-const-values -Xfrontend -const-gather-protocols-file -Xfrontend /Users/runner/Library/Developer/Xcode/DerivedData/Runner-cxlsvnhjswijkndnlirzgjlztczd/Build/Intermediates.noindex/FlutterGeneratedPluginSwiftPackage.build/Release-iphoneos/FlutterGeneratedPluginSwiftPackage.build/Objects-normal/arm64/FlutterGeneratedPluginSwiftPackage_const_extract_protocols.json -Xcc -I/Users/runner/work/anivault/anivault/ios/Flutter/ephemeral/Packages/.packages/package_info_plus-10.0.0/Sources/package_info_plus/include -Xcc -I/Users/runner/work/anivault/anivault/ios/Flutter/ephemeral/Packages/.packages/wakelock_plus-1.6.0/Sources/wakelock_plus/include -Xcc -I/Users/runner/Library/Developer/Xcode/DerivedData/Runner-cxlsvnhjswijkndnlirzgjlztczd/Build/Products/Release-iphoneos/include -Xcc -I/Users/runner/Library/Developer/Xcode/DerivedData/Runner-cxlsvnhjswijkndnlirzgjlztczd/Build/Intermediates.noindex/FlutterGeneratedPluginSwiftPackage.build/Release-iphoneos/FlutterGeneratedPluginSwiftPackage.build/DerivedSources-normal/arm64 -Xcc -I/Users/runner/Library/Developer/Xcode/DerivedData/Runner-cxlsvnhjswijkndnlirzgjlztczd/Build/Intermediates.noindex/FlutterGeneratedPluginSwiftPackage.build/Release-iphoneos/FlutterGeneratedPluginSwiftPackage.build/DerivedSources/arm64 -Xcc -I/Users/runner/Library/Developer/Xcode/DerivedData/Runner-cxlsvnhjswijkndnlirzgjlztczd/Build/Intermediates.noindex/FlutterGeneratedPluginSwiftPackage.build/Release-iphoneos/FlutterGeneratedPluginSwiftPackage.build/DerivedSources -Xcc -DSWIFT_PACKAGE -emit-objc-header -emit-objc-header-path /Users/runner/Library/Developer/Xcode/DerivedData/Runner-cxlsvnhjswijkndnlirzgjlztczd/Build/Intermediates.noindex/FlutterGeneratedPluginSwiftPackage.build/Release-iphoneos/FlutterGeneratedPluginSwiftPackage.build/Objects-normal/arm64/FlutterGeneratedPluginSwiftPackage-Swift.h -working-directory /Users/runner/work/anivault/anivault/ios/Flutter/ephemeral/Packages/FlutterGeneratedPluginSwiftPackage -no-emit-module-separately-wmo

WriteAuxiliaryFile /Users/runner/Library/Developer/Xcode/DerivedData/Runner-cxlsvnhjswijkndnlirzgjlztczd/Build/Intermediates.noindex/Pods.build/Release-iphoneos/Pods-Runner.build/all-product-headers.yaml (in target 'Pods-Runner' from project 'Pods')
    cd /Users/runner/work/anivault/anivault/ios/Pods
    write-file /Users/runner/Library/Developer/Xcode/DerivedData/Runner-cxlsvnhjswijkndnlirzgjlztczd/Build/Intermediates.noindex/Pods.build/Release-iphoneos/Pods-Runner.build/all-product-headers.yaml

Copy /Users/runner/Library/Developer/Xcode/DerivedData/Runner-cxlsvnhjswijkndnlirzgjlztczd/Build/Products/Release-iphoneos/FlutterGeneratedPluginSwiftPackage.swiftmodule/arm64-apple-ios.swiftmodule /Users/runner/Library/Developer/Xcode/DerivedData/Runner-cxlsvnhjswijkndnlirzgjlztczd/Build/Intermediates.noindex/FlutterGeneratedPluginSwiftPackage.build/Release-iphoneos/FlutterGeneratedPluginSwiftPackage.build/Objects-normal/arm64/FlutterGeneratedPluginSwiftPackage.swiftmodule (in target 'FlutterGeneratedPluginSwiftPackage' from project 'FlutterGeneratedPluginSwiftPackage')
    cd /Users/runner/work/anivault/anivault/ios/Flutter/ephemeral/Packages/FlutterGeneratedPluginSwiftPackage
    builtin-copy -exclude .DS_Store -exclude CVS -exclude .svn -exclude .git -exclude .hg -strip-unsigned-binaries -strip-deterministic -strip-tool /Applications/Xcode_15.4.app/Contents/Developer/Toolchains/XcodeDefault.xctoolchain/usr/bin/strip -resolve-src-symlinks -rename /Users/runner/Library/Developer/Xcode/DerivedData/Runner-cxlsvnhjswijkndnlirzgjlztczd/Build/Intermediates.noindex/FlutterGeneratedPluginSwiftPackage.build/Release-iphoneos/FlutterGeneratedPluginSwiftPackage.build/Objects-normal/arm64/FlutterGeneratedPluginSwiftPackage.swiftmodule /Users/runner/Library/Developer/Xcode/DerivedData/Runner-cxlsvnhjswijkndnlirzgjlztczd/Build/Products/Release-iphoneos/FlutterGeneratedPluginSwiftPackage.swiftmodule/arm64-apple-ios.swiftmodule

Copy /Users/runner/Library/Developer/Xcode/DerivedData/Runner-cxlsvnhjswijkndnlirzgjlztczd/Build/Products/Release-iphoneos/FlutterGeneratedPluginSwiftPackage.swiftmodule/arm64-apple-ios.swiftdoc /Users/runner/Library/Developer/Xcode/DerivedData/Runner-cxlsvnhjswijkndnlirzgjlztczd/Build/Intermediates.noindex/FlutterGeneratedPluginSwiftPackage.build/Release-iphoneos/FlutterGeneratedPluginSwiftPackage.build/Objects-normal/arm64/FlutterGeneratedPluginSwiftPackage.swiftdoc (in target 'FlutterGeneratedPluginSwiftPackage' from project 'FlutterGeneratedPluginSwiftPackage')
    cd /Users/runner/work/anivault/anivault/ios/Flutter/ephemeral/Packages/FlutterGeneratedPluginSwiftPackage
    builtin-copy -exclude .DS_Store -exclude CVS -exclude .svn -exclude .git -exclude .hg -strip-unsigned-binaries -strip-deterministic -strip-tool /Applications/Xcode_15.4.app/Contents/Developer/Toolchains/XcodeDefault.xctoolchain/usr/bin/strip -resolve-src-symlinks -rename /Users/runner/Library/Developer/Xcode/DerivedData/Runner-cxlsvnhjswijkndnlirzgjlztczd/Build/Intermediates.noindex/FlutterGeneratedPluginSwiftPackage.build/Release-iphoneos/FlutterGeneratedPluginSwiftPackage.build/Objects-normal/arm64/FlutterGeneratedPluginSwiftPackage.swiftdoc /Users/runner/Library/Developer/Xcode/DerivedData/Runner-cxlsvnhjswijkndnlirzgjlztczd/Build/Products/Release-iphoneos/FlutterGeneratedPluginSwiftPackage.swiftmodule/arm64-apple-ios.swiftdoc

Copy /Users/runner/Library/Developer/Xcode/DerivedData/Runner-cxlsvnhjswijkndnlirzgjlztczd/Build/Products/Release-iphoneos/FlutterGeneratedPluginSwiftPackage.swiftmodule/arm64-apple-ios.abi.json /Users/runner/Library/Developer/Xcode/DerivedData/Runner-cxlsvnhjswijkndnlirzgjlztczd/Build/Intermediates.noindex/FlutterGeneratedPluginSwiftPackage.build/Release-iphoneos/FlutterGeneratedPluginSwiftPackage.build/Objects-normal/arm64/FlutterGeneratedPluginSwiftPackage.abi.json (in target 'FlutterGeneratedPluginSwiftPackage' from project 'FlutterGeneratedPluginSwiftPackage')
    cd /Users/runner/work/anivault/anivault/ios/Flutter/ephemeral/Packages/FlutterGeneratedPluginSwiftPackage
    builtin-copy -exclude .DS_Store -exclude CVS -exclude .svn -exclude .git -exclude .hg -strip-unsigned-binaries -strip-deterministic -strip-tool /Applications/Xcode_15.4.app/Contents/Developer/Toolchains/XcodeDefault.xctoolchain/usr/bin/strip -resolve-src-symlinks -rename /Users/runner/Library/Developer/Xcode/DerivedData/Runner-cxlsvnhjswijkndnlirzgjlztczd/Build/Intermediates.noindex/FlutterGeneratedPluginSwiftPackage.build/Release-iphoneos/FlutterGeneratedPluginSwiftPackage.build/Objects-normal/arm64/FlutterGeneratedPluginSwiftPackage.abi.json /Users/runner/Library/Developer/Xcode/DerivedData/Runner-cxlsvnhjswijkndnlirzgjlztczd/Build/Products/Release-iphoneos/FlutterGeneratedPluginSwiftPackage.swiftmodule/arm64-apple-ios.abi.json

Copy /Users/runner/Library/Developer/Xcode/DerivedData/Runner-cxlsvnhjswijkndnlirzgjlztczd/Build/Products/Release-iphoneos/FlutterGeneratedPluginSwiftPackage.swiftmodule/Project/arm64-apple-ios.swiftsourceinfo /Users/runner/Library/Developer/Xcode/DerivedData/Runner-cxlsvnhjswijkndnlirzgjlztczd/Build/Intermediates.noindex/FlutterGeneratedPluginSwiftPackage.build/Release-iphoneos/FlutterGeneratedPluginSwiftPackage.build/Objects-normal/arm64/FlutterGeneratedPluginSwiftPackage.swiftsourceinfo (in target 'FlutterGeneratedPluginSwiftPackage' from project 'FlutterGeneratedPluginSwiftPackage')
    cd /Users/runner/work/anivault/anivault/ios/Flutter/ephemeral/Packages/FlutterGeneratedPluginSwiftPackage
    builtin-copy -exclude .DS_Store -exclude CVS -exclude .svn -exclude .git -exclude .hg -strip-unsigned-binaries -strip-deterministic -strip-tool /Applications/Xcode_15.4.app/Contents/Developer/Toolchains/XcodeDefault.xctoolchain/usr/bin/strip -resolve-src-symlinks -rename /Users/runner/Library/Developer/Xcode/DerivedData/Runner-cxlsvnhjswijkndnlirzgjlztczd/Build/Intermediates.noindex/FlutterGeneratedPluginSwiftPackage.build/Release-iphoneos/FlutterGeneratedPluginSwiftPackage.build/Objects-normal/arm64/FlutterGeneratedPluginSwiftPackage.swiftsourceinfo /Users/runner/Library/Developer/Xcode/DerivedData/Runner-cxlsvnhjswijkndnlirzgjlztczd/Build/Products/Release-iphoneos/FlutterGeneratedPluginSwiftPackage.swiftmodule/Project/arm64-apple-ios.swiftsourceinfo

Copy /Users/runner/Library/Developer/Xcode/DerivedData/Runner-cxlsvnhjswijkndnlirzgjlztczd/Build/Products/Release-iphoneos/Pods_Runner.framework/Modules/module.modulemap /Users/runner/Library/Developer/Xcode/DerivedData/Runner-cxlsvnhjswijkndnlirzgjlztczd/Build/Intermediates.noindex/Pods.build/Release-iphoneos/Pods-Runner.build/module.modulemap (in target 'Pods-Runner' from project 'Pods')
    cd /Users/runner/work/anivault/anivault/ios/Pods
    builtin-copy -exclude .DS_Store -exclude CVS -exclude .svn -exclude .git -exclude .hg -resolve-src-symlinks /Users/runner/Library/Developer/Xcode/DerivedData/Runner-cxlsvnhjswijkndnlirzgjlztczd/Build/Intermediates.noindex/Pods.build/Release-iphoneos/Pods-Runner.build/module.modulemap /Users/runner/Library/Developer/Xcode/DerivedData/Runner-cxlsvnhjswijkndnlirzgjlztczd/Build/Products/Release-iphoneos/Pods_Runner.framework/Modules

Ld /Users/runner/Library/Developer/Xcode/DerivedData/Runner-cxlsvnhjswijkndnlirzgjlztczd/Build/Products/Release-iphoneos/FlutterGeneratedPluginSwiftPackage.o normal (in target 'FlutterGeneratedPluginSwiftPackage' from project 'FlutterGeneratedPluginSwiftPackage')
    cd /Users/runner/work/anivault/anivault/ios/Flutter/ephemeral/Packages/FlutterGeneratedPluginSwiftPackage
    /Applications/Xcode_15.4.app/Contents/Developer/Toolchains/XcodeDefault.xctoolchain/usr/bin/clang -Xlinker -reproducible -target arm64-apple-ios13.0 -r -isysroot /Applications/Xcode_15.4.app/Contents/Developer/Platforms/iPhoneOS.platform/Developer/SDKs/iPhoneOS17.5.sdk -Os -L/Users/runner/Library/Developer/Xcode/DerivedData/Runner-cxlsvnhjswijkndnlirzgjlztczd/Build/Intermediates.noindex/EagerLinkingTBDs/Release-iphoneos -L/Users/runner/Library/Developer/Xcode/DerivedData/Runner-cxlsvnhjswijkndnlirzgjlztczd/Build/Products/Release-iphoneos -L/Applications/Xcode_15.4.app/Contents/Developer/Platforms/iPhoneOS.platform/Developer/usr/lib -F/Users/runner/Library/Developer/Xcode/DerivedData/Runner-cxlsvnhjswijkndnlirzgjlztczd/Build/Intermediates.noindex/EagerLinkingTBDs/Release-iphoneos -F/Users/runner/Library/Developer/Xcode/DerivedData/Runner-cxlsvnhjswijkndnlirzgjlztczd/Build/Products/Release-iphoneos/PackageFrameworks -F/Users/runner/Library/Developer/Xcode/DerivedData/Runner-cxlsvnhjswijkndnlirzgjlztczd/Build/Products/Release-iphoneos/PackageFrameworks -F/Users/runner/Library/Developer/Xcode/DerivedData/Runner-cxlsvnhjswijkndnlirzgjlztczd/Build/Products/Release-iphoneos/PackageFrameworks -F/Users/runner/Library/Developer/Xcode/DerivedData/Runner-cxlsvnhjswijkndnlirzgjlztczd/Build/Products/Release-iphoneos/PackageFrameworks -F/Users/runner/Library/Developer/Xcode/DerivedData/Runner-cxlsvnhjswijkndnlirzgjlztczd/Build/Products/Release-iphoneos/PackageFrameworks -F/Users/runner/Library/Developer/Xcode/DerivedData/Runner-cxlsvnhjswijkndnlirzgjlztczd/Build/Products/Release-iphoneos -iframework /Applications/Xcode_15.4.app/Contents/Developer/Platforms/iPhoneOS.platform/Developer/Library/Frameworks -iframework /Applications/Xcode_15.4.app/Contents/Developer/Platforms/iPhoneOS.platform/Developer/SDKs/iPhoneOS17.5.sdk/Developer/Library/Frameworks -filelist /Users/runner/Library/Developer/Xcode/DerivedData/Runner-cxlsvnhjswijkndnlirzgjlztczd/Build/Intermediates.noindex/FlutterGeneratedPluginSwiftPackage.build/Release-iphoneos/FlutterGeneratedPluginSwiftPackage.build/Objects-normal/arm64/FlutterGeneratedPluginSwiftPackage.LinkFileList -nostdlib -Xlinker -object_path_lto -Xlinker /Users/runner/Library/Developer/Xcode/DerivedData/Runner-cxlsvnhjswijkndnlirzgjlztczd/Build/Intermediates.noindex/FlutterGeneratedPluginSwiftPackage.build/Release-iphoneos/FlutterGeneratedPluginSwiftPackage.build/Objects-normal/arm64/FlutterGeneratedPluginSwiftPackage_lto.o -fobjc-link-runtime -L/Applications/Xcode_15.4.app/Contents/Developer/Toolchains/XcodeDefault.xctoolchain/usr/lib/swift/iphoneos -L/usr/lib/swift -Xlinker -add_ast_path -Xlinker /Users/runner/Library/Developer/Xcode/DerivedData/Runner-cxlsvnhjswijkndnlirzgjlztczd/Build/Intermediates.noindex/FlutterGeneratedPluginSwiftPackage.build/Release-iphoneos/FlutterGeneratedPluginSwiftPackage.build/Objects-normal/arm64/FlutterGeneratedPluginSwiftPackage.swiftmodule -Xlinker -dependency_info -Xlinker /Users/runner/Library/Developer/Xcode/DerivedData/Runner-cxlsvnhjswijkndnlirzgjlztczd/Build/Intermediates.noindex/FlutterGeneratedPluginSwiftPackage.build/Release-iphoneos/FlutterGeneratedPluginSwiftPackage.build/Objects-normal/arm64/FlutterGeneratedPluginSwiftPackage_dependency_info.dat -o /Users/runner/Library/Developer/Xcode/DerivedData/Runner-cxlsvnhjswijkndnlirzgjlztczd/Build/Products/Release-iphoneos/FlutterGeneratedPluginSwiftPackage.o

CpHeader /Users/runner/Library/Developer/Xcode/DerivedData/Runner-cxlsvnhjswijkndnlirzgjlztczd/Build/Products/Release-iphoneos/Pods_Runner.framework/Headers/Pods-Runner-umbrella.h /Users/runner/work/anivault/anivault/ios/Pods/Target\ Support\ Files/Pods-Runner/Pods-Runner-umbrella.h (in target 'Pods-Runner' from project 'Pods')
    cd /Users/runner/work/anivault/anivault/ios/Pods
    builtin-copy -exclude .DS_Store -exclude CVS -exclude .svn -exclude .git -exclude .hg -resolve-src-symlinks /Users/runner/work/anivault/anivault/ios/Pods/Target\ Support\ Files/Pods-Runner/Pods-Runner-umbrella.h /Users/runner/Library/Developer/Xcode/DerivedData/Runner-cxlsvnhjswijkndnlirzgjlztczd/Build/Products/Release-iphoneos/Pods_Runner.framework/Headers

RegisterExecutionPolicyException /Users/runner/Library/Developer/Xcode/DerivedData/Runner-cxlsvnhjswijkndnlirzgjlztczd/Build/Products/Release-iphoneos/FlutterGeneratedPluginSwiftPackage.o (in target 'FlutterGeneratedPluginSwiftPackage' from project 'FlutterGeneratedPluginSwiftPackage')
    cd /Users/runner/work/anivault/anivault/ios/Flutter/ephemeral/Packages/FlutterGeneratedPluginSwiftPackage
    builtin-RegisterExecutionPolicyException /Users/runner/Library/Developer/Xcode/DerivedData/Runner-cxlsvnhjswijkndnlirzgjlztczd/Build/Products/Release-iphoneos/FlutterGeneratedPluginSwiftPackage.o

WriteAuxiliaryFile /Users/runner/Library/Developer/Xcode/DerivedData/Runner-cxlsvnhjswijkndnlirzgjlztczd/Build/Intermediates.noindex/Pods.build/Release-iphoneos/Pods-Runner.build/Objects-normal/arm64/e6072d4f65d7061329687fe24e3d63a7-common-args.resp (in target 'Pods-Runner' from project 'Pods')
    cd /Users/runner/work/anivault/anivault/ios/Pods
    write-file /Users/runner/Library/Developer/Xcode/DerivedData/Runner-cxlsvnhjswijkndnlirzgjlztczd/Build/Intermediates.noindex/Pods.build/Release-iphoneos/Pods-Runner.build/Objects-normal/arm64/e6072d4f65d7061329687fe24e3d63a7-common-args.resp
-target arm64-apple-ios13.0 '-std=gnu11' -fobjc-arc -fmodules -gmodules '-fmodules-cache-path=/Users/runner/Library/Developer/Xcode/DerivedData/ModuleCache.noindex' '-fmodule-name=Pods_Runner' -fpascal-strings -Os -fno-common '-DPOD_CONFIGURATION_RELEASE=1' '-DCOCOAPODS=1' '-DNS_BLOCK_ASSERTIONS=1' '-DOBJC_OLD_DISPATCH_PROTOTYPES=0' -isysroot /Applications/Xcode_15.4.app/Contents/Developer/Platforms/iPhoneOS.platform/Developer/SDKs/iPhoneOS17.5.sdk -g -iquote /Users/runner/Library/Developer/Xcode/DerivedData/Runner-cxlsvnhjswijkndnlirzgjlztczd/Build/Intermediates.noindex/Pods.build/Release-iphoneos/Pods-Runner.build/Pods_Runner-generated-files.hmap -I/Users/runner/Library/Developer/Xcode/DerivedData/Runner-cxlsvnhjswijkndnlirzgjlztczd/Build/Intermediates.noindex/Pods.build/Release-iphoneos/Pods-Runner.build/Pods_Runner-own-target-headers.hmap -I/Users/runner/Library/Developer/Xcode/DerivedData/Runner-cxlsvnhjswijkndnlirzgjlztczd/Build/Intermediates.noindex/Pods.build/Release-iphoneos/Pods-Runner.build/Pods_Runner-all-non-framework-target-headers.hmap -ivfsoverlay /Users/runner/Library/Developer/Xcode/DerivedData/Runner-cxlsvnhjswijkndnlirzgjlztczd/Build/Intermediates.noindex/Pods.build/Release-iphoneos/Pods-Runner.build/all-product-headers.yaml -iquote /Users/runner/Library/Developer/Xcode/DerivedData/Runner-cxlsvnhjswijkndnlirzgjlztczd/Build/Intermediates.noindex/Pods.build/Release-iphoneos/Pods-Runner.build/Pods_Runner-project-headers.hmap -I/Users/runner/Library/Developer/Xcode/DerivedData/Runner-cxlsvnhjswijkndnlirzgjlztczd/Build/Products/Release-iphoneos/include -I/Users/runner/Library/Developer/Xcode/DerivedData/Runner-cxlsvnhjswijkndnlirzgjlztczd/Build/Products/Release-iphoneos/media_kit_libs_ios_video/media_kit_libs_ios_video.framework/Headers -I/Users/runner/Library/Developer/Xcode/DerivedData/Runner-cxlsvnhjswijkndnlirzgjlztczd/Build/Products/Release-iphoneos/media_kit_video/media_kit_video.framework/Headers -I/Users/runner/Library/Developer/Xcode/DerivedData/Runner-cxlsvnhjswijkndnlirzgjlztczd/Build/Intermediates.noindex/Pods.build/Release-iphoneos/Pods-Runner.build/DerivedSources-normal/arm64 -I/Users/runner/Library/Developer/Xcode/DerivedData/Runner-cxlsvnhjswijkndnlirzgjlztczd/Build/Intermediates.noindex/Pods.build/Release-iphoneos/Pods-Runner.build/DerivedSources/arm64 -I/Users/runner/Library/Developer/Xcode/DerivedData/Runner-cxlsvnhjswijkndnlirzgjlztczd/Build/Intermediates.noindex/Pods.build/Release-iphoneos/Pods-Runner.build/DerivedSources -F/Users/runner/Library/Developer/Xcode/DerivedData/Runner-cxlsvnhjswijkndnlirzgjlztczd/Build/Products/Release-iphoneos -F/Users/runner/hostedtoolcache/flutter/stable-3.44.4-arm64/flutter/bin/cache/artifacts/engine/ios-release/Flutter.xcframework/ios-arm64 -F/Users/runner/Library/Developer/Xcode/DerivedData/Runner-cxlsvnhjswijkndnlirzgjlztczd/Build/Products/Release-iphoneos/media_kit_libs_ios_video -F/Users/runner/Library/Developer/Xcode/DerivedData/Runner-cxlsvnhjswijkndnlirzgjlztczd/Build/Products/Release-iphoneos/media_kit_video -F/Users/runner/work/anivault/anivault/ios/.symlinks/plugins/media_kit_libs_ios_video/ios/Frameworks -F/Users/runner/Library/Developer/Xcode/DerivedData/Runner-cxlsvnhjswijkndnlirzgjlztczd/Build/Products/Release-iphoneos/XCFrameworkIntermediates/media_kit_libs_ios_video

CompileC /Users/runner/Library/Developer/Xcode/DerivedData/Runner-cxlsvnhjswijkndnlirzgjlztczd/Build/Intermediates.noindex/Pods.build/Release-iphoneos/Pods-Runner.build/Objects-normal/arm64/Pods-Runner-dummy.o /Users/runner/work/anivault/anivault/ios/Pods/Target\ Support\ Files/Pods-Runner/Pods-Runner-dummy.m normal arm64 objective-c com.apple.compilers.llvm.clang.1_0.compiler (in target 'Pods-Runner' from project 'Pods')
    cd /Users/runner/work/anivault/anivault/ios/Pods
    /Applications/Xcode_15.4.app/Contents/Developer/Toolchains/XcodeDefault.xctoolchain/usr/bin/clang -x objective-c -ivfsstatcache /Users/runner/Library/Developer/Xcode/DerivedData/SDKStatCaches.noindex/iphoneos17.5-21F77-f0fa7969d082b13145125136a829df3a.sdkstatcache -fmessage-length\=0 -fdiagnostics-show-note-include-stack -fmacro-backtrace-limit\=0 -fno-color-diagnostics -fmodules-prune-interval\=86400 -fmodules-prune-after\=345600 -fbuild-session-file\=/Users/runner/Library/Developer/Xcode/DerivedData/ModuleCache.noindex/Session.modulevalidation -fmodules-validate-once-per-build-session -Wnon-modular-include-in-framework-module -Werror\=non-modular-include-in-framework-module -Wno-trigraphs -Wno-missing-field-initializers -Wno-missing-prototypes -Werror\=return-type -Wdocumentation -Wunreachable-code -Wno-implicit-atomic-properties -Werror\=deprecated-objc-isa-usage -Wno-objc-interface-ivars -Werror\=objc-root-class -Wno-arc-repeated-use-of-weak -Wimplicit-retain-self -Wduplicate-method-match -Wno-missing-braces -Wparentheses -Wswitch -Wunused-function -Wno-unused-label -Wno-unused-parameter -Wunused-variable -Wunused-value -Wempty-body -Wuninitialized -Wconditional-uninitialized -Wno-unknown-pragmas -Wno-shadow -Wno-four-char-constants -Wno-conversion -Wconstant-conversion -Wint-conversion -Wbool-conversion -Wenum-conversion -Wno-float-conversion -Wnon-literal-null-conversion -Wobjc-literal-conversion -Wshorten-64-to-32 -Wpointer-sign -Wno-newline-eof -Wno-selector -Wno-strict-selector-match -Wundeclared-selector -Wdeprecated-implementations -Wno-implicit-fallthrough -fstrict-aliasing -Wprotocol -Wdeprecated-declarations -Wno-sign-conversion -Winfinite-recursion -Wcomma -Wblock-capture-autoreleasing -Wstrict-prototypes -Wno-semicolon-before-method-body -Wunguarded-availability @/Users/runner/Library/Developer/Xcode/DerivedData/Runner-cxlsvnhjswijkndnlirzgjlztczd/Build/Intermediates.noindex/Pods.build/Release-iphoneos/Pods-Runner.build/Objects-normal/arm64/e6072d4f65d7061329687fe24e3d63a7-common-args.resp -MMD -MT dependencies -MF /Users/runner/Library/Developer/Xcode/DerivedData/Runner-cxlsvnhjswijkndnlirzgjlztczd/Build/Intermediates.noindex/Pods.build/Release-iphoneos/Pods-Runner.build/Objects-normal/arm64/Pods-Runner-dummy.d --serialize-diagnostics /Users/runner/Library/Developer/Xcode/DerivedData/Runner-cxlsvnhjswijkndnlirzgjlztczd/Build/Intermediates.noindex/Pods.build/Release-iphoneos/Pods-Runner.build/Objects-normal/arm64/Pods-Runner-dummy.dia -c /Users/runner/work/anivault/anivault/ios/Pods/Target\ Support\ Files/Pods-Runner/Pods-Runner-dummy.m -o /Users/runner/Library/Developer/Xcode/DerivedData/Runner-cxlsvnhjswijkndnlirzgjlztczd/Build/Intermediates.noindex/Pods.build/Release-iphoneos/Pods-Runner.build/Objects-normal/arm64/Pods-Runner-dummy.o

WriteAuxiliaryFile /Users/runner/Library/Developer/Xcode/DerivedData/Runner-cxlsvnhjswijkndnlirzgjlztczd/Build/Intermediates.noindex/Pods.build/Release-iphoneos/Pods-Runner.build/Objects-normal/arm64/7187679823f38a2a940e0043cdf9d637-common-args.resp (in target 'Pods-Runner' from project 'Pods')
    cd /Users/runner/work/anivault/anivault/ios/Pods
    write-file /Users/runner/Library/Developer/Xcode/DerivedData/Runner-cxlsvnhjswijkndnlirzgjlztczd/Build/Intermediates.noindex/Pods.build/Release-iphoneos/Pods-Runner.build/Objects-normal/arm64/7187679823f38a2a940e0043cdf9d637-common-args.resp
-target arm64-apple-ios13.0 '-std=gnu11' -fmodules -gmodules '-fmodules-cache-path=/Users/runner/Library/Developer/Xcode/DerivedData/ModuleCache.noindex' '-fmodule-name=Pods_Runner' -fpascal-strings -Os -fno-common '-DPOD_CONFIGURATION_RELEASE=1' '-DCOCOAPODS=1' -isysroot /Applications/Xcode_15.4.app/Contents/Developer/Platforms/iPhoneOS.platform/Developer/SDKs/iPhoneOS17.5.sdk -g -iquote /Users/runner/Library/Developer/Xcode/DerivedData/Runner-cxlsvnhjswijkndnlirzgjlztczd/Build/Intermediates.noindex/Pods.build/Release-iphoneos/Pods-Runner.build/Pods_Runner-generated-files.hmap -I/Users/runner/Library/Developer/Xcode/DerivedData/Runner-cxlsvnhjswijkndnlirzgjlztczd/Build/Intermediates.noindex/Pods.build/Release-iphoneos/Pods-Runner.build/Pods_Runner-own-target-headers.hmap -I/Users/runner/Library/Developer/Xcode/DerivedData/Runner-cxlsvnhjswijkndnlirzgjlztczd/Build/Intermediates.noindex/Pods.build/Release-iphoneos/Pods-Runner.build/Pods_Runner-all-non-framework-target-headers.hmap -ivfsoverlay /Users/runner/Library/Developer/Xcode/DerivedData/Runner-cxlsvnhjswijkndnlirzgjlztczd/Build/Intermediates.noindex/Pods.build/Release-iphoneos/Pods-Runner.build/all-product-headers.yaml -iquote /Users/runner/Library/Developer/Xcode/DerivedData/Runner-cxlsvnhjswijkndnlirzgjlztczd/Build/Intermediates.noindex/Pods.build/Release-iphoneos/Pods-Runner.build/Pods_Runner-project-headers.hmap -I/Users/runner/Library/Developer/Xcode/DerivedData/Runner-cxlsvnhjswijkndnlirzgjlztczd/Build/Products/Release-iphoneos/include -I/Users/runner/Library/Developer/Xcode/DerivedData/Runner-cxlsvnhjswijkndnlirzgjlztczd/Build/Products/Release-iphoneos/media_kit_libs_ios_video/media_kit_libs_ios_video.framework/Headers -I/Users/runner/Library/Developer/Xcode/DerivedData/Runner-cxlsvnhjswijkndnlirzgjlztczd/Build/Products/Release-iphoneos/media_kit_video/media_kit_video.framework/Headers -I/Users/runner/Library/Developer/Xcode/DerivedData/Runner-cxlsvnhjswijkndnlirzgjlztczd/Build/Intermediates.noindex/Pods.build/Release-iphoneos/Pods-Runner.build/DerivedSources-normal/arm64 -I/Users/runner/Library/Developer/Xcode/DerivedData/Runner-cxlsvnhjswijkndnlirzgjlztczd/Build/Intermediates.noindex/Pods.build/Release-iphoneos/Pods-Runner.build/DerivedSources/arm64 -I/Users/runner/Library/Developer/Xcode/DerivedData/Runner-cxlsvnhjswijkndnlirzgjlztczd/Build/Intermediates.noindex/Pods.build/Release-iphoneos/Pods-Runner.build/DerivedSources -F/Users/runner/Library/Developer/Xcode/DerivedData/Runner-cxlsvnhjswijkndnlirzgjlztczd/Build/Products/Release-iphoneos -F/Users/runner/hostedtoolcache/flutter/stable-3.44.4-arm64/flutter/bin/cache/artifacts/engine/ios-release/Flutter.xcframework/ios-arm64 -F/Users/runner/Library/Developer/Xcode/DerivedData/Runner-cxlsvnhjswijkndnlirzgjlztczd/Build/Products/Release-iphoneos/media_kit_libs_ios_video -F/Users/runner/Library/Developer/Xcode/DerivedData/Runner-cxlsvnhjswijkndnlirzgjlztczd/Build/Products/Release-iphoneos/media_kit_video -F/Users/runner/work/anivault/anivault/ios/.symlinks/plugins/media_kit_libs_ios_video/ios/Frameworks -F/Users/runner/Library/Developer/Xcode/DerivedData/Runner-cxlsvnhjswijkndnlirzgjlztczd/Build/Products/Release-iphoneos/XCFrameworkIntermediates/media_kit_libs_ios_video

CompileC /Users/runner/Library/Developer/Xcode/DerivedData/Runner-cxlsvnhjswijkndnlirzgjlztczd/Build/Intermediates.noindex/Pods.build/Release-iphoneos/Pods-Runner.build/Objects-normal/arm64/Pods_Runner_vers.o /Users/runner/Library/Developer/Xcode/DerivedData/Runner-cxlsvnhjswijkndnlirzgjlztczd/Build/Intermediates.noindex/Pods.build/Release-iphoneos/Pods-Runner.build/DerivedSources/Pods_Runner_vers.c normal arm64 c com.apple.compilers.llvm.clang.1_0.compiler (in target 'Pods-Runner' from project 'Pods')
    cd /Users/runner/work/anivault/anivault/ios/Pods
    /Applications/Xcode_15.4.app/Contents/Developer/Toolchains/XcodeDefault.xctoolchain/usr/bin/clang -x c -ivfsstatcache /Users/runner/Library/Developer/Xcode/DerivedData/SDKStatCaches.noindex/iphoneos17.5-21F77-f0fa7969d082b13145125136a829df3a.sdkstatcache -fmessage-length\=0 -fdiagnostics-show-note-include-stack -fmacro-backtrace-limit\=0 -fno-color-diagnostics -fmodules-prune-interval\=86400 -fmodules-prune-after\=345600 -fbuild-session-file\=/Users/runner/Library/Developer/Xcode/DerivedData/ModuleCache.noindex/Session.modulevalidation -fmodules-validate-once-per-build-session -Wnon-modular-include-in-framework-module -Werror\=non-modular-include-in-framework-module -Wno-trigraphs -Wno-missing-field-initializers -Wno-missing-prototypes -Werror\=return-type -Wdocumentation -Wunreachable-code -Werror\=deprecated-objc-isa-usage -Werror\=objc-root-class -Wno-missing-braces -Wparentheses -Wswitch -Wunused-function -Wno-unused-label -Wno-unused-parameter -Wunused-variable -Wunused-value -Wempty-body -Wuninitialized -Wconditional-uninitialized -Wno-unknown-pragmas -Wno-shadow -Wno-four-char-constants -Wno-conversion -Wconstant-conversion -Wint-conversion -Wbool-conversion -Wenum-conversion -Wno-float-conversion -Wnon-literal-null-conversion -Wobjc-literal-conversion -Wshorten-64-to-32 -Wpointer-sign -Wno-newline-eof -Wno-implicit-fallthrough -fstrict-aliasing -Wdeprecated-declarations -Wno-sign-conversion -Winfinite-recursion -Wcomma -Wblock-capture-autoreleasing -Wstrict-prototypes -Wno-semicolon-before-method-body -Wunguarded-availability @/Users/runner/Library/Developer/Xcode/DerivedData/Runner-cxlsvnhjswijkndnlirzgjlztczd/Build/Intermediates.noindex/Pods.build/Release-iphoneos/Pods-Runner.build/Objects-normal/arm64/7187679823f38a2a940e0043cdf9d637-common-args.resp -MMD -MT dependencies -MF /Users/runner/Library/Developer/Xcode/DerivedData/Runner-cxlsvnhjswijkndnlirzgjlztczd/Build/Intermediates.noindex/Pods.build/Release-iphoneos/Pods-Runner.build/Objects-normal/arm64/Pods_Runner_vers.d --serialize-diagnostics /Users/runner/Library/Developer/Xcode/DerivedData/Runner-cxlsvnhjswijkndnlirzgjlztczd/Build/Intermediates.noindex/Pods.build/Release-iphoneos/Pods-Runner.build/Objects-normal/arm64/Pods_Runner_vers.dia -c /Users/runner/Library/Developer/Xcode/DerivedData/Runner-cxlsvnhjswijkndnlirzgjlztczd/Build/Intermediates.noindex/Pods.build/Release-iphoneos/Pods-Runner.build/DerivedSources/Pods_Runner_vers.c -o /Users/runner/Library/Developer/Xcode/DerivedData/Runner-cxlsvnhjswijkndnlirzgjlztczd/Build/Intermediates.noindex/Pods.build/Release-iphoneos/Pods-Runner.build/Objects-normal/arm64/Pods_Runner_vers.o

Ld /Users/runner/Library/Developer/Xcode/DerivedData/Runner-cxlsvnhjswijkndnlirzgjlztczd/Build/Products/Release-iphoneos/media_kit_libs_ios_video/media_kit_libs_ios_video.framework/media_kit_libs_ios_video normal (in target 'media_kit_libs_ios_video' from project 'Pods')
    cd /Users/runner/work/anivault/anivault/ios/Pods
    /Applications/Xcode_15.4.app/Contents/Developer/Toolchains/XcodeDefault.xctoolchain/usr/bin/clang -Xlinker -reproducible -target arm64-apple-ios13.0 -dynamiclib -isysroot /Applications/Xcode_15.4.app/Contents/Developer/Platforms/iPhoneOS.platform/Developer/SDKs/iPhoneOS17.5.sdk -Os -L/Users/runner/Library/Developer/Xcode/DerivedData/Runner-cxlsvnhjswijkndnlirzgjlztczd/Build/Intermediates.noindex/EagerLinkingTBDs/Release-iphoneos -L/Users/runner/Library/Developer/Xcode/DerivedData/Runner-cxlsvnhjswijkndnlirzgjlztczd/Build/Products/Release-iphoneos/media_kit_libs_ios_video -L/Applications/Xcode_15.4.app/Contents/Developer/Toolchains/XcodeDefault.xctoolchain/usr/lib/swift/iphoneos -L/Applications/Xcode_15.4.app/Contents/Developer/Platforms/iPhoneOS.platform/Developer/SDKs/iPhoneOS17.5.sdk/usr/lib/swift -F/Users/runner/Library/Developer/Xcode/DerivedData/Runner-cxlsvnhjswijkndnlirzgjlztczd/Build/Intermediates.noindex/EagerLinkingTBDs/Release-iphoneos -F/Users/runner/Library/Developer/Xcode/DerivedData/Runner-cxlsvnhjswijkndnlirzgjlztczd/Build/Products/Release-iphoneos/media_kit_libs_ios_video -F/Users/runner/hostedtoolcache/flutter/stable-3.44.4-arm64/flutter/bin/cache/artifacts/engine/ios-release/Flutter.xcframework/ios-arm64 -F/Users/runner/work/anivault/anivault/ios/Pods/../.symlinks/plugins/media_kit_libs_ios_video/ios/Frameworks -F/Users/runner/Library/Developer/Xcode/DerivedData/Runner-cxlsvnhjswijkndnlirzgjlztczd/Build/Products/Release-iphoneos/XCFrameworkIntermediates/media_kit_libs_ios_video -filelist /Users/runner/Library/Developer/Xcode/DerivedData/Runner-cxlsvnhjswijkndnlirzgjlztczd/Build/Intermediates.noindex/Pods.build/Release-iphoneos/media_kit_libs_ios_video.build/Objects-normal/arm64/media_kit_libs_ios_video.LinkFileList -install_name @rpath/media_kit_libs_ios_video.framework/media_kit_libs_ios_video -Xlinker -rpath -Xlinker /usr/lib/swift -Xlinker -rpath -Xlinker @executable_path/Frameworks -Xlinker -rpath -Xlinker @loader_path/Frameworks -dead_strip -Xlinker -object_path_lto -Xlinker /Users/runner/Library/Developer/Xcode/DerivedData/Runner-cxlsvnhjswijkndnlirzgjlztczd/Build/Intermediates.noindex/Pods.build/Release-iphoneos/media_kit_libs_ios_video.build/Objects-normal/arm64/media_kit_libs_ios_video_lto.o -fobjc-arc -fobjc-link-runtime -L/Applications/Xcode_15.4.app/Contents/Developer/Toolchains/XcodeDefault.xctoolchain/usr/lib/swift/iphoneos -L/usr/lib/swift -Xlinker -add_ast_path -Xlinker /Users/runner/Library/Developer/Xcode/DerivedData/Runner-cxlsvnhjswijkndnlirzgjlztczd/Build/Intermediates.noindex/Pods.build/Release-iphoneos/media_kit_libs_ios_video.build/Objects-normal/arm64/media_kit_libs_ios_video.swiftmodule -force_load /Users/runner/work/anivault/anivault/ios/../native/anivault_core/target/aarch64-apple-ios/release/libanivault_core.a -framework CoreML -framework Foundation -compatibility_version 1 -current_version 1 -Xlinker -dependency_info -Xlinker /Users/runner/Library/Developer/Xcode/DerivedData/Runner-cxlsvnhjswijkndnlirzgjlztczd/Build/Intermediates.noindex/Pods.build/Release-iphoneos/media_kit_libs_ios_video.build/Objects-normal/arm64/media_kit_libs_ios_video_dependency_info.dat -o /Users/runner/Library/Developer/Xcode/DerivedData/Runner-cxlsvnhjswijkndnlirzgjlztczd/Build/Products/Release-iphoneos/media_kit_libs_ios_video/media_kit_libs_ios_video.framework/media_kit_libs_ios_video

Ld /Users/runner/Library/Developer/Xcode/DerivedData/Runner-cxlsvnhjswijkndnlirzgjlztczd/Build/Products/Release-iphoneos/media_kit_video/media_kit_video.framework/media_kit_video normal (in target 'media_kit_video' from project 'Pods')
    cd /Users/runner/work/anivault/anivault/ios/Pods
    /Applications/Xcode_15.4.app/Contents/Developer/Toolchains/XcodeDefault.xctoolchain/usr/bin/clang -Xlinker -reproducible -target arm64-apple-ios13.0 -dynamiclib -isysroot /Applications/Xcode_15.4.app/Contents/Developer/Platforms/iPhoneOS.platform/Developer/SDKs/iPhoneOS17.5.sdk -Os -L/Users/runner/Library/Developer/Xcode/DerivedData/Runner-cxlsvnhjswijkndnlirzgjlztczd/Build/Intermediates.noindex/EagerLinkingTBDs/Release-iphoneos -L/Users/runner/Library/Developer/Xcode/DerivedData/Runner-cxlsvnhjswijkndnlirzgjlztczd/Build/Products/Release-iphoneos/media_kit_video -L/Applications/Xcode_15.4.app/Contents/Developer/Toolchains/XcodeDefault.xctoolchain/usr/lib/swift/iphoneos -L/Applications/Xcode_15.4.app/Contents/Developer/Platforms/iPhoneOS.platform/Developer/SDKs/iPhoneOS17.5.sdk/usr/lib/swift -F/Users/runner/Library/Developer/Xcode/DerivedData/Runner-cxlsvnhjswijkndnlirzgjlztczd/Build/Intermediates.noindex/EagerLinkingTBDs/Release-iphoneos -F/Users/runner/Library/Developer/Xcode/DerivedData/Runner-cxlsvnhjswijkndnlirzgjlztczd/Build/Products/Release-iphoneos/media_kit_video -F/Users/runner/hostedtoolcache/flutter/stable-3.44.4-arm64/flutter/bin/cache/artifacts/engine/ios-release/Flutter.xcframework/ios-arm64 -F/Users/runner/work/anivault/anivault/ios/Pods/../.symlinks/plugins/media_kit_libs_ios_video/ios/Frameworks/.symlinks/mpv/ios -filelist /Users/runner/Library/Developer/Xcode/DerivedData/Runner-cxlsvnhjswijkndnlirzgjlztczd/Build/Intermediates.noindex/Pods.build/Release-iphoneos/media_kit_video.build/Objects-normal/arm64/media_kit_video.LinkFileList -install_name @rpath/media_kit_video.framework/media_kit_video -Xlinker -rpath -Xlinker /usr/lib/swift -Xlinker -rpath -Xlinker @executable_path/Frameworks -Xlinker -rpath -Xlinker @loader_path/Frameworks -dead_strip -Xlinker -object_path_lto -Xlinker /Users/runner/Library/Developer/Xcode/DerivedData/Runner-cxlsvnhjswijkndnlirzgjlztczd/Build/Intermediates.noindex/Pods.build/Release-iphoneos/media_kit_video.build/Objects-normal/arm64/media_kit_video_lto.o -fobjc-arc -fobjc-link-runtime -L/Applications/Xcode_15.4.app/Contents/Developer/Toolchains/XcodeDefault.xctoolchain/usr/lib/swift/iphoneos -L/usr/lib/swift -Xlinker -add_ast_path -Xlinker /Users/runner/Library/Developer/Xcode/DerivedData/Runner-cxlsvnhjswijkndnlirzgjlztczd/Build/Intermediates.noindex/Pods.build/Release-iphoneos/media_kit_video.build/Objects-normal/arm64/media_kit_video.swiftmodule -force_load /Users/runner/work/anivault/anivault/ios/../native/anivault_core/target/aarch64-apple-ios/release/libanivault_core.a -framework CoreML -framework Foundation -compatibility_version 1 -current_version 1 -Xlinker -dependency_info -Xlinker /Users/runner/Library/Developer/Xcode/DerivedData/Runner-cxlsvnhjswijkndnlirzgjlztczd/Build/Intermediates.noindex/Pods.build/Release-iphoneos/media_kit_video.build/Objects-normal/arm64/media_kit_video_dependency_info.dat -o /Users/runner/Library/Developer/Xcode/DerivedData/Runner-cxlsvnhjswijkndnlirzgjlztczd/Build/Products/Release-iphoneos/media_kit_video/media_kit_video.framework/media_kit_video
ld: warning: Could not find or use auto-linked framework 'CoreAudioTypes': framework 'CoreAudioTypes' not found
Undefined symbols for architecture arm64:
  "_mpv_error_string", referenced from:
      function signature specialization <Arg[1] = Dead> of static media_kit_video.MPVHelpers.checkError(Swift.Int32) -> () in MPVHelpers.o
  "_mpv_free_node_contents", referenced from:
      function signature specialization <Arg[1] = Dead> of static media_kit_video.MPVHelpers.getVideoOutParams(Swift.OpaquePointer) -> media_kit_video.MPVVideoOutParams in MPVHelpers.o
  "_mpv_get_property", referenced from:
      function signature specialization <Arg[1] = Dead> of static media_kit_video.MPVHelpers.getVideoOutParams(Swift.OpaquePointer) -> media_kit_video.MPVVideoOutParams in MPVHelpers.o
  "_mpv_render_context_create", referenced from:
      media_kit_video.TextureHW.(initMPV in _BED652217E74FDB35C5F2FCBA30177E6)() -> () in TextureHW.o
      media_kit_video.TextureSW.(initMPV in _394F526F2602227BAE34F6D3971FFCB8)() -> () in TextureSW.o
  "_mpv_render_context_free", referenced from:
      media_kit_video.TextureHW.__deallocating_deinit in TextureHW.o
      media_kit_video.TextureSW.__deallocating_deinit in TextureSW.o
      @objc media_kit_video.TextureSW.__deallocating_deinit in TextureSW.o
  "_mpv_render_context_render", referenced from:
      media_kit_video.TextureHW.render(__C.CGSize) -> () in TextureHW.o
      media_kit_video.TextureSW.render(__C.CGSize) -> () in TextureSW.o
  "_mpv_render_context_set_update_callback", referenced from:
      media_kit_video.TextureHW.__deallocating_deinit in TextureHW.o
      media_kit_video.TextureHW.(initMPV in _BED652217E74FDB35C5F2FCBA30177E6)() -> () in TextureHW.o
      media_kit_video.TextureSW.__deallocating_deinit in TextureSW.o
      @objc media_kit_video.TextureSW.__deallocating_deinit in TextureSW.o
      media_kit_video.TextureSW.(initMPV in _394F526F2602227BAE34F6D3971FFCB8)() -> () in TextureSW.o
ld: symbol(s) not found for architecture arm64
clang: error: linker command failed with exit code 1 (use -v to see invocation)

GenerateDSYMFile /Users/runner/Library/Developer/Xcode/DerivedData/Runner-cxlsvnhjswijkndnlirzgjlztczd/Build/Products/Release-iphoneos/media_kit_libs_ios_video/media_kit_libs_ios_video.framework.dSYM /Users/runner/Library/Developer/Xcode/DerivedData/Runner-cxlsvnhjswijkndnlirzgjlztczd/Build/Products/Release-iphoneos/media_kit_libs_ios_video/media_kit_libs_ios_video.framework/media_kit_libs_ios_video (in target 'media_kit_libs_ios_video' from project 'Pods')
    cd /Users/runner/work/anivault/anivault/ios/Pods
    /Applications/Xcode_15.4.app/Contents/Developer/Toolchains/XcodeDefault.xctoolchain/usr/bin/dsymutil /Users/runner/Library/Developer/Xcode/DerivedData/Runner-cxlsvnhjswijkndnlirzgjlztczd/Build/Products/Release-iphoneos/media_kit_libs_ios_video/media_kit_libs_ios_video.framework/media_kit_libs_ios_video -o /Users/runner/Library/Developer/Xcode/DerivedData/Runner-cxlsvnhjswijkndnlirzgjlztczd/Build/Products/Release-iphoneos/media_kit_libs_ios_video/media_kit_libs_ios_video.framework.dSYM

ExtractAppIntentsMetadata (in target 'media_kit_libs_ios_video' from project 'Pods')
    cd /Users/runner/work/anivault/anivault/ios/Pods
    /Applications/Xcode_15.4.app/Contents/Developer/Toolchains/XcodeDefault.xctoolchain/usr/bin/appintentsmetadataprocessor --output /Users/runner/Library/Developer/Xcode/DerivedData/Runner-cxlsvnhjswijkndnlirzgjlztczd/Build/Products/Release-iphoneos/media_kit_libs_ios_video/media_kit_libs_ios_video.framework --toolchain-dir /Applications/Xcode_15.4.app/Contents/Developer/Toolchains/XcodeDefault.xctoolchain --module-name media_kit_libs_ios_video --sdk-root /Applications/Xcode_15.4.app/Contents/Developer/Platforms/iPhoneOS.platform/Developer/SDKs/iPhoneOS17.5.sdk --xcode-version 15F31d --platform-family iOS --deployment-target 13.0 --target-triple arm64-apple-ios13.0 --binary-file /Users/runner/Library/Developer/Xcode/DerivedData/Runner-cxlsvnhjswijkndnlirzgjlztczd/Build/Products/Release-iphoneos/media_kit_libs_ios_video/media_kit_libs_ios_video.framework/media_kit_libs_ios_video --dependency-file /Users/runner/Library/Developer/Xcode/DerivedData/Runner-cxlsvnhjswijkndnlirzgjlztczd/Build/Intermediates.noindex/Pods.build/Release-iphoneos/media_kit_libs_ios_video.build/Objects-normal/arm64/media_kit_libs_ios_video_dependency_info.dat --stringsdata-file /Users/runner/Library/Developer/Xcode/DerivedData/Runner-cxlsvnhjswijkndnlirzgjlztczd/Build/Intermediates.noindex/Pods.build/Release-iphoneos/media_kit_libs_ios_video.build/Objects-normal/arm64/ExtractedAppShortcutsMetadata.stringsdata --source-file-list /Users/runner/Library/Developer/Xcode/DerivedData/Runner-cxlsvnhjswijkndnlirzgjlztczd/Build/Intermediates.noindex/Pods.build/Release-iphoneos/media_kit_libs_ios_video.build/Objects-normal/arm64/media_kit_libs_ios_video.SwiftFileList --swift-const-vals-list /Users/runner/Library/Developer/Xcode/DerivedData/Runner-cxlsvnhjswijkndnlirzgjlztczd/Build/Intermediates.noindex/Pods.build/Release-iphoneos/media_kit_libs_ios_video.build/Objects-normal/arm64/media_kit_libs_ios_video.SwiftConstValuesFileList --compile-time-extraction --deployment-aware-processing
note: Metadata extraction skipped. No AppIntents.framework dependency found. (in target 'media_kit_libs_ios_video' from project 'Pods')

AppIntentsSSUTraining (in target 'media_kit_libs_ios_video' from project 'Pods')
    cd /Users/runner/work/anivault/anivault/ios/Pods
    /Applications/Xcode_15.4.app/Contents/Developer/Toolchains/XcodeDefault.xctoolchain/usr/bin/appintentsnltrainingprocessor --infoplist-path /Users/runner/Library/Developer/Xcode/DerivedData/Runner-cxlsvnhjswijkndnlirzgjlztczd/Build/Products/Release-iphoneos/media_kit_libs_ios_video/media_kit_libs_ios_video.framework/Info.plist --temp-dir-path /Users/runner/Library/Developer/Xcode/DerivedData/Runner-cxlsvnhjswijkndnlirzgjlztczd/Build/Intermediates.noindex/Pods.build/Release-iphoneos/media_kit_libs_ios_video.build/ssu --bundle-id org.cocoapods.media-kit-libs-ios-video --product-path /Users/runner/Library/Developer/Xcode/DerivedData/Runner-cxlsvnhjswijkndnlirzgjlztczd/Build/Products/Release-iphoneos/media_kit_libs_ios_video/media_kit_libs_ios_video.framework --extracted-metadata-path /Users/runner/Library/Developer/Xcode/DerivedData/Runner-cxlsvnhjswijkndnlirzgjlztczd/Build/Products/Release-iphoneos/media_kit_libs_ios_video/media_kit_libs_ios_video.framework/Metadata.appintents --archive-ssu-assets
2026-06-30 10:13:23.494 appintentsnltrainingprocessor[18545:55153] Parsing options for appintentsnltrainingprocessor
2026-06-30 10:13:23.495 appintentsnltrainingprocessor[18545:55153] No AppShortcuts found - Skipping.

GenerateTAPI /Users/runner/Library/Developer/Xcode/DerivedData/Runner-cxlsvnhjswijkndnlirzgjlztczd/Build/Intermediates.noindex/EagerLinkingTBDs/Release-iphoneos/media_kit_libs_ios_video.framework/media_kit_libs_ios_video.tbd (in target 'media_kit_libs_ios_video' from project 'Pods')
    cd /Users/runner/work/anivault/anivault/ios/Pods
    /Applications/Xcode_15.4.app/Contents/Developer/Toolchains/XcodeDefault.xctoolchain/usr/bin/tapi stubify -isysroot /Applications/Xcode_15.4.app/Contents/Developer/Platforms/iPhoneOS.platform/Developer/SDKs/iPhoneOS17.5.sdk -F/Users/runner/Library/Developer/Xcode/DerivedData/Runner-cxlsvnhjswijkndnlirzgjlztczd/Build/Products/Release-iphoneos/media_kit_libs_ios_video -F/Users/runner/hostedtoolcache/flutter/stable-3.44.4-arm64/flutter/bin/cache/artifacts/engine/ios-release/Flutter.xcframework/ios-arm64 -F/Users/runner/work/anivault/anivault/ios/Pods/../.symlinks/plugins/media_kit_libs_ios_video/ios/Frameworks -F/Users/runner/Library/Developer/Xcode/DerivedData/Runner-cxlsvnhjswijkndnlirzgjlztczd/Build/Products/Release-iphoneos/XCFrameworkIntermediates/media_kit_libs_ios_video -L/Users/runner/Library/Developer/Xcode/DerivedData/Runner-cxlsvnhjswijkndnlirzgjlztczd/Build/Products/Release-iphoneos/media_kit_libs_ios_video -L/Applications/Xcode_15.4.app/Contents/Developer/Toolchains/XcodeDefault.xctoolchain/usr/lib/swift/iphoneos -L/Applications/Xcode_15.4.app/Contents/Developer/Platforms/iPhoneOS.platform/Developer/SDKs/iPhoneOS17.5.sdk/usr/lib/swift /Users/runner/Library/Developer/Xcode/DerivedData/Runner-cxlsvnhjswijkndnlirzgjlztczd/Build/Products/Release-iphoneos/media_kit_libs_ios_video/media_kit_libs_ios_video.framework/media_kit_libs_ios_video -o /Users/runner/Library/Developer/Xcode/DerivedData/Runner-cxlsvnhjswijkndnlirzgjlztczd/Build/Intermediates.noindex/EagerLinkingTBDs/Release-iphoneos/media_kit_libs_ios_video.framework/media_kit_libs_ios_video.tbd

warning: Stale file '/Users/runner/work/anivault/anivault/build/ios/Release-iphoneos/wakelock_plus_wakelock_plus.bundle' is located outside of the allowed root paths.

warning: Stale file '/Users/runner/work/anivault/anivault/build/ios/Release-iphoneos/wakelock_plus.o' is located outside of the allowed root paths.

warning: Stale file '/Users/runner/work/anivault/anivault/build/ios/Release-iphoneos/wakelock_plus_wakelock_plus.bundle/Info.plist' is located outside of the allowed root paths.

warning: Stale file '/Users/runner/work/anivault/anivault/build/ios/Release-iphoneos/wakelock_plus_wakelock_plus.bundle/PrivacyInfo.xcprivacy' is located outside of the allowed root paths.

warning: Stale file '/Users/runner/work/anivault/anivault/build/ios/Release-iphoneos/shared_preferences_foundation_shared_preferences_foundation.bundle' is located outside of the allowed root paths.

warning: Stale file '/Users/runner/work/anivault/anivault/build/ios/Release-iphoneos/shared_preferences_foundation_shared_preferences_foundation.bundle/Info.plist' is located outside of the allowed root paths.

warning: Stale file '/Users/runner/work/anivault/anivault/build/ios/Release-iphoneos/shared_preferences_foundation_shared_preferences_foundation.bundle/PrivacyInfo.xcprivacy' is located outside of the allowed root paths.

warning: Stale file '/Users/runner/work/anivault/anivault/build/ios/Release-iphoneos/shared_preferences_foundation.o' is located outside of the allowed root paths.

warning: Stale file '/Users/runner/work/anivault/anivault/build/ios/Release-iphoneos/shared_preferences_foundation.swiftmodule/Project/arm64-apple-ios.swiftsourceinfo' is located outside of the allowed root paths.

warning: Stale file '/Users/runner/work/anivault/anivault/build/ios/Release-iphoneos/shared_preferences_foundation.swiftmodule/arm64-apple-ios.abi.json' is located outside of the allowed root paths.

warning: Stale file '/Users/runner/work/anivault/anivault/build/ios/Release-iphoneos/shared_preferences_foundation.swiftmodule/arm64-apple-ios.swiftdoc' is located outside of the allowed root paths.

warning: Stale file '/Users/runner/work/anivault/anivault/build/ios/Release-iphoneos/shared_preferences_foundation.swiftmodule/arm64-apple-ios.swiftmodule' is located outside of the allowed root paths.

warning: Stale file '/Users/runner/work/anivault/anivault/build/ios/Release-iphoneos/package_info_plus_package_info_plus.bundle' is located outside of the allowed root paths.

warning: Stale file '/Users/runner/work/anivault/anivault/build/ios/Release-iphoneos/package_info_plus_package_info_plus.bundle/Info.plist' is located outside of the allowed root paths.

warning: Stale file '/Users/runner/work/anivault/anivault/build/ios/Release-iphoneos/package_info_plus_package_info_plus.bundle/PrivacyInfo.xcprivacy' is located outside of the allowed root paths.

warning: Stale file '/Users/runner/work/anivault/anivault/build/ios/Release-iphoneos/package_info_plus.o' is located outside of the allowed root paths.

warning: Stale file '/Users/runner/work/anivault/anivault/build/ios/Release-iphoneos/media_kit_video/media_kit_video.framework' is located outside of the allowed root paths.

warning: Stale file '/Users/runner/work/anivault/anivault/build/ios/Release-iphoneos/media_kit_video/media_kit_video.framework.dSYM/Contents/Resources/DWARF/media_kit_video' is located outside of the allowed root paths.

warning: Stale file '/Users/runner/work/anivault/anivault/build/ios/Release-iphoneos/media_kit_video/media_kit_video.framework/Headers' is located outside of the allowed root paths.

warning: Stale file '/Users/runner/work/anivault/anivault/build/ios/Release-iphoneos/media_kit_video/media_kit_video.framework/Headers/client.h' is located outside of the allowed root paths.

warning: Stale file '/Users/runner/work/anivault/anivault/build/ios/Release-iphoneos/media_kit_video/media_kit_video.framework/Headers/media_kit_video-Swift.h' is located outside of the allowed root paths.

warning: Stale file '/Users/runner/work/anivault/anivault/build/ios/Release-iphoneos/media_kit_video/media_kit_video.framework/Headers/media_kit_video-umbrella.h' is located outside of the allowed root paths.

warning: Stale file '/Users/runner/work/anivault/anivault/build/ios/Release-iphoneos/media_kit_video/media_kit_video.framework/Headers/render.h' is located outside of the allowed root paths.

warning: Stale file '/Users/runner/work/anivault/anivault/build/ios/Release-iphoneos/media_kit_video/media_kit_video.framework/Headers/render_gl.h' is located outside of the allowed root paths.

warning: Stale file '/Users/runner/work/anivault/anivault/build/ios/Release-iphoneos/media_kit_video/media_kit_video.framework/Headers/stream_cb.h' is located outside of the allowed root paths.

warning: Stale file '/Users/runner/work/anivault/anivault/build/ios/Release-iphoneos/media_kit_video/media_kit_video.framework/Info.plist' is located outside of the allowed root paths.

warning: Stale file '/Users/runner/work/anivault/anivault/build/ios/Release-iphoneos/media_kit_video/media_kit_video.framework/Modules/media_kit_video.swiftmodule/Project/arm64-apple-ios.swiftsourceinfo' is located outside of the allowed root paths.

warning: Stale file '/Users/runner/work/anivault/anivault/build/ios/Release-iphoneos/media_kit_video/media_kit_video.framework/Modules/media_kit_video.swiftmodule/arm64-apple-ios.abi.json' is located outside of the allowed root paths.

warning: Stale file '/Users/runner/work/anivault/anivault/build/ios/Release-iphoneos/media_kit_video/media_kit_video.framework/Modules/media_kit_video.swiftmodule/arm64-apple-ios.swiftdoc' is located outside of the allowed root paths.

warning: Stale file '/Users/runner/work/anivault/anivault/build/ios/Release-iphoneos/media_kit_video/media_kit_video.framework/Modules/media_kit_video.swiftmodule/arm64-apple-ios.swiftmodule' is located outside of the allowed root paths.

warning: Stale file '/Users/runner/work/anivault/anivault/build/ios/Release-iphoneos/media_kit_video/media_kit_video.framework/Modules/module.modulemap' is located outside of the allowed root paths.

warning: Stale file '/Users/runner/work/anivault/anivault/build/ios/Release-iphoneos/media_kit_video/media_kit_video.framework/media_kit_video' is located outside of the allowed root paths.

warning: Stale file '/Users/runner/work/anivault/anivault/build/ios/Release-iphoneos/XCFrameworkIntermediates/media_kit_libs_ios_video/Ass.framework' is located outside of the allowed root paths.

warning: Stale file '/Users/runner/work/anivault/anivault/build/ios/Release-iphoneos/XCFrameworkIntermediates/media_kit_libs_ios_video/Avcodec.framework' is located outside of the allowed root paths.

warning: Stale file '/Users/runner/work/anivault/anivault/build/ios/Release-iphoneos/XCFrameworkIntermediates/media_kit_libs_ios_video/Avfilter.framework' is located outside of the allowed root paths.

warning: Stale file '/Users/runner/work/anivault/anivault/build/ios/Release-iphoneos/XCFrameworkIntermediates/media_kit_libs_ios_video/Avformat.framework' is located outside of the allowed root paths.

warning: Stale file '/Users/runner/work/anivault/anivault/build/ios/Release-iphoneos/XCFrameworkIntermediates/media_kit_libs_ios_video/Avutil.framework' is located outside of the allowed root paths.

warning: Stale file '/Users/runner/work/anivault/anivault/build/ios/Release-iphoneos/XCFrameworkIntermediates/media_kit_libs_ios_video/Dav1d.framework' is located outside of the allowed root paths.

warning: Stale file '/Users/runner/work/anivault/anivault/build/ios/Release-iphoneos/XCFrameworkIntermediates/media_kit_libs_ios_video/Freetype.framework' is located outside of the allowed root paths.

warning: Stale file '/Users/runner/work/anivault/anivault/build/ios/Release-iphoneos/XCFrameworkIntermediates/media_kit_libs_ios_video/Fribidi.framework' is located outside of the allowed root paths.

warning: Stale file '/Users/runner/work/anivault/anivault/build/ios/Release-iphoneos/XCFrameworkIntermediates/media_kit_libs_ios_video/Harfbuzz.framework' is located outside of the allowed root paths.

warning: Stale file '/Users/runner/work/anivault/anivault/build/ios/Release-iphoneos/XCFrameworkIntermediates/media_kit_libs_ios_video/Mbedcrypto.framework' is located outside of the allowed root paths.

warning: Stale file '/Users/runner/work/anivault/anivault/build/ios/Release-iphoneos/XCFrameworkIntermediates/media_kit_libs_ios_video/Mbedtls.framework' is located outside of the allowed root paths.

warning: Stale file '/Users/runner/work/anivault/anivault/build/ios/Release-iphoneos/XCFrameworkIntermediates/media_kit_libs_ios_video/Mbedx509.framework' is located outside of the allowed root paths.

warning: Stale file '/Users/runner/work/anivault/anivault/build/ios/Release-iphoneos/XCFrameworkIntermediates/media_kit_libs_ios_video/Mpv.framework' is located outside of the allowed root paths.

warning: Stale file '/Users/runner/work/anivault/anivault/build/ios/Release-iphoneos/XCFrameworkIntermediates/media_kit_libs_ios_video/Png16.framework' is located outside of the allowed root paths.

warning: Stale file '/Users/runner/work/anivault/anivault/build/ios/Release-iphoneos/XCFrameworkIntermediates/media_kit_libs_ios_video/Swresample.framework' is located outside of the allowed root paths.

warning: Stale file '/Users/runner/work/anivault/anivault/build/ios/Release-iphoneos/XCFrameworkIntermediates/media_kit_libs_ios_video/Swscale.framework' is located outside of the allowed root paths.

warning: Stale file '/Users/runner/work/anivault/anivault/build/ios/Release-iphoneos/XCFrameworkIntermediates/media_kit_libs_ios_video/Uchardet.framework' is located outside of the allowed root paths.

warning: Stale file '/Users/runner/work/anivault/anivault/build/ios/Release-iphoneos/XCFrameworkIntermediates/media_kit_libs_ios_video/Xml2.framework' is located outside of the allowed root paths.

warning: Stale file '/Users/runner/work/anivault/anivault/build/ios/Release-iphoneos/media_kit_libs_ios_video/media_kit_libs_ios_video.framework' is located outside of the allowed root paths.

warning: Stale file '/Users/runner/work/anivault/anivault/build/ios/Release-iphoneos/media_kit_libs_ios_video/media_kit_libs_ios_video.framework.dSYM/Contents/Resources/DWARF/media_kit_libs_ios_video' is located outside of the allowed root paths.

warning: Stale file '/Users/runner/work/anivault/anivault/build/ios/Release-iphoneos/media_kit_libs_ios_video/media_kit_libs_ios_video.framework/Headers' is located outside of the allowed root paths.

warning: Stale file '/Users/runner/work/anivault/anivault/build/ios/Release-iphoneos/media_kit_libs_ios_video/media_kit_libs_ios_video.framework/Headers/media_kit_libs_ios_video-Swift.h' is located outside of the allowed root paths.

warning: Stale file '/Users/runner/work/anivault/anivault/build/ios/Release-iphoneos/media_kit_libs_ios_video/media_kit_libs_ios_video.framework/Headers/media_kit_libs_ios_video-umbrella.h' is located outside of the allowed root paths.

warning: Stale file '/Users/runner/work/anivault/anivault/build/ios/Release-iphoneos/media_kit_libs_ios_video/media_kit_libs_ios_video.framework/Info.plist' is located outside of the allowed root paths.

warning: Stale file '/Users/runner/work/anivault/anivault/build/ios/Release-iphoneos/media_kit_libs_ios_video/media_kit_libs_ios_video.framework/Modules/media_kit_libs_ios_video.swiftmodule/Project/arm64-apple-ios.swiftsourceinfo' is located outside of the allowed root paths.

warning: Stale file '/Users/runner/work/anivault/anivault/build/ios/Release-iphoneos/media_kit_libs_ios_video/media_kit_libs_ios_video.framework/Modules/media_kit_libs_ios_video.swiftmodule/arm64-apple-ios.abi.json' is located outside of the allowed root paths.

warning: Stale file '/Users/runner/work/anivault/anivault/build/ios/Release-iphoneos/media_kit_libs_ios_video/media_kit_libs_ios_video.framework/Modules/media_kit_libs_ios_video.swiftmodule/arm64-apple-ios.swiftdoc' is located outside of the allowed root paths.

warning: Stale file '/Users/runner/work/anivault/anivault/build/ios/Release-iphoneos/media_kit_libs_ios_video/media_kit_libs_ios_video.framework/Modules/media_kit_libs_ios_video.swiftmodule/arm64-apple-ios.swiftmodule' is located outside of the allowed root paths.

warning: Stale file '/Users/runner/work/anivault/anivault/build/ios/Release-iphoneos/media_kit_libs_ios_video/media_kit_libs_ios_video.framework/Modules/module.modulemap' is located outside of the allowed root paths.

warning: Stale file '/Users/runner/work/anivault/anivault/build/ios/Release-iphoneos/media_kit_libs_ios_video/media_kit_libs_ios_video.framework/media_kit_libs_ios_video' is located outside of the allowed root paths.

warning: Stale file '/Users/runner/work/anivault/anivault/build/ios/Release-iphoneos/file_selector_ios_file_selector_ios.bundle' is located outside of the allowed root paths.

warning: Stale file '/Users/runner/work/anivault/anivault/build/ios/Release-iphoneos/file_selector_ios_file_selector_ios.bundle/Info.plist' is located outside of the allowed root paths.

warning: Stale file '/Users/runner/work/anivault/anivault/build/ios/Release-iphoneos/file_selector_ios_file_selector_ios.bundle/PrivacyInfo.xcprivacy' is located outside of the allowed root paths.

warning: Stale file '/Users/runner/work/anivault/anivault/build/ios/Release-iphoneos/file_selector_ios.o' is located outside of the allowed root paths.

warning: Stale file '/Users/runner/work/anivault/anivault/build/ios/Release-iphoneos/file_selector_ios.swiftmodule/Project/arm64-apple-ios.swiftsourceinfo' is located outside of the allowed root paths.

warning: Stale file '/Users/runner/work/anivault/anivault/build/ios/Release-iphoneos/file_selector_ios.swiftmodule/arm64-apple-ios.abi.json' is located outside of the allowed root paths.

warning: Stale file '/Users/runner/work/anivault/anivault/build/ios/Release-iphoneos/file_selector_ios.swiftmodule/arm64-apple-ios.swiftdoc' is located outside of the allowed root paths.

warning: Stale file '/Users/runner/work/anivault/anivault/build/ios/Release-iphoneos/file_selector_ios.swiftmodule/arm64-apple-ios.swiftmodule' is located outside of the allowed root paths.

warning: Stale file '/Users/runner/work/anivault/anivault/build/ios/Release-iphoneos/Runner.app' is located outside of the allowed root paths.

warning: Stale file '/Users/runner/work/anivault/anivault/build/ios/Release-iphoneos/Runner.app.dSYM/Contents/Resources/DWARF/Runner' is located outside of the allowed root paths.

warning: Stale file '/Users/runner/work/anivault/anivault/build/ios/Release-iphoneos/Runner.app/AppFrameworkInfo.plist' is located outside of the allowed root paths.

warning: Stale file '/Users/runner/work/anivault/anivault/build/ios/Release-iphoneos/Runner.app/Assets.car' is located outside of the allowed root paths.

warning: Stale file '/Users/runner/work/anivault/anivault/build/ios/Release-iphoneos/Runner.app/Base.lproj/LaunchScreen.storyboardc' is located outside of the allowed root paths.

warning: Stale file '/Users/runner/work/anivault/anivault/build/ios/Release-iphoneos/Runner.app/Base.lproj/Main.storyboardc' is located outside of the allowed root paths.

warning: Stale file '/Users/runner/work/anivault/anivault/build/ios/Release-iphoneos/Runner.app/Frameworks' is located outside of the allowed root paths.

warning: Stale file '/Users/runner/work/anivault/anivault/build/ios/Release-iphoneos/Runner.app/Frameworks/Ass.framework' is located outside of the allowed root paths.

warning: Stale file '/Users/runner/work/anivault/anivault/build/ios/Release-iphoneos/Runner.app/Frameworks/Avcodec.framework' is located outside of the allowed root paths.

warning: Stale file '/Users/runner/work/anivault/anivault/build/ios/Release-iphoneos/Runner.app/Frameworks/Avfilter.framework' is located outside of the allowed root paths.

warning: Stale file '/Users/runner/work/anivault/anivault/build/ios/Release-iphoneos/Runner.app/Frameworks/Avformat.framework' is located outside of the allowed root paths.

warning: Stale file '/Users/runner/work/anivault/anivault/build/ios/Release-iphoneos/Runner.app/Frameworks/Avutil.framework' is located outside of the allowed root paths.

warning: Stale file '/Users/runner/work/anivault/anivault/build/ios/Release-iphoneos/Runner.app/Frameworks/Dav1d.framework' is located outside of the allowed root paths.

warning: Stale file '/Users/runner/work/anivault/anivault/build/ios/Release-iphoneos/Runner.app/Frameworks/Freetype.framework' is located outside of the allowed root paths.

warning: Stale file '/Users/runner/work/anivault/anivault/build/ios/Release-iphoneos/Runner.app/Frameworks/Fribidi.framework' is located outside of the allowed root paths.

warning: Stale file '/Users/runner/work/anivault/anivault/build/ios/Release-iphoneos/Runner.app/Frameworks/Harfbuzz.framework' is located outside of the allowed root paths.

warning: Stale file '/Users/runner/work/anivault/anivault/build/ios/Release-iphoneos/Runner.app/Frameworks/Mbedcrypto.framework' is located outside of the allowed root paths.

warning: Stale file '/Users/runner/work/anivault/anivault/build/ios/Release-iphoneos/Runner.app/Frameworks/Mbedtls.framework' is located outside of the allowed root paths.

warning: Stale file '/Users/runner/work/anivault/anivault/build/ios/Release-iphoneos/Runner.app/Frameworks/Mbedx509.framework' is located outside of the allowed root paths.

warning: Stale file '/Users/runner/work/anivault/anivault/build/ios/Release-iphoneos/Runner.app/Frameworks/Mpv.framework' is located outside of the allowed root paths.

warning: Stale file '/Users/runner/work/anivault/anivault/build/ios/Release-iphoneos/Runner.app/Frameworks/Png16.framework' is located outside of the allowed root paths.

warning: Stale file '/Users/runner/work/anivault/anivault/build/ios/Release-iphoneos/Runner.app/Frameworks/Swresample.framework' is located outside of the allowed root paths.

warning: Stale file '/Users/runner/work/anivault/anivault/build/ios/Release-iphoneos/Runner.app/Frameworks/Swscale.framework' is located outside of the allowed root paths.

warning: Stale file '/Users/runner/work/anivault/anivault/build/ios/Release-iphoneos/Runner.app/Frameworks/Uchardet.framework' is located outside of the allowed root paths.

warning: Stale file '/Users/runner/work/anivault/anivault/build/ios/Release-iphoneos/Runner.app/Frameworks/Xml2.framework' is located outside of the allowed root paths.

warning: Stale file '/Users/runner/work/anivault/anivault/build/ios/Release-iphoneos/Runner.app/Frameworks/media_kit_libs_ios_video.framework' is located outside of the allowed root paths.

warning: Stale file '/Users/runner/work/anivault/anivault/build/ios/Release-iphoneos/Runner.app/Frameworks/media_kit_video.framework' is located outside of the allowed root paths.

warning: Stale file '/Users/runner/work/anivault/anivault/build/ios/Release-iphoneos/Runner.app/Info.plist' is located outside of the allowed root paths.

warning: Stale file '/Users/runner/work/anivault/anivault/build/ios/Release-iphoneos/Runner.app/PkgInfo' is located outside of the allowed root paths.

warning: Stale file '/Users/runner/work/anivault/anivault/build/ios/Release-iphoneos/Runner.app/Runner' is located outside of the allowed root paths.

warning: Stale file '/Users/runner/work/anivault/anivault/build/ios/Release-iphoneos/Runner.app/file_selector_ios_file_selector_ios.bundle' is located outside of the allowed root paths.

warning: Stale file '/Users/runner/work/anivault/anivault/build/ios/Release-iphoneos/Runner.app/package_info_plus_package_info_plus.bundle' is located outside of the allowed root paths.

warning: Stale file '/Users/runner/work/anivault/anivault/build/ios/Release-iphoneos/Runner.app/shared_preferences_foundation_shared_preferences_foundation.bundle' is located outside of the allowed root paths.

warning: Stale file '/Users/runner/work/anivault/anivault/build/ios/Release-iphoneos/Runner.app/wakelock_plus_wakelock_plus.bundle' is located outside of the allowed root paths.

warning: Stale file '/Users/runner/work/anivault/anivault/build/ios/Release-iphoneos/Runner.swiftmodule/Project/arm64-apple-ios.swiftsourceinfo' is located outside of the allowed root paths.

warning: Stale file '/Users/runner/work/anivault/anivault/build/ios/Release-iphoneos/Runner.swiftmodule/arm64-apple-ios.abi.json' is located outside of the allowed root paths.

warning: Stale file '/Users/runner/work/anivault/anivault/build/ios/Release-iphoneos/Runner.swiftmodule/arm64-apple-ios.swiftdoc' is located outside of the allowed root paths.

warning: Stale file '/Users/runner/work/anivault/anivault/build/ios/Release-iphoneos/Runner.swiftmodule/arm64-apple-ios.swiftmodule' is located outside of the allowed root paths.

warning: Stale file '/Users/runner/work/anivault/anivault/build/ios/Release-iphoneos/Pods_Runner.framework' is located outside of the allowed root paths.

warning: Stale file '/Users/runner/work/anivault/anivault/build/ios/Release-iphoneos/Pods_Runner.framework/Headers' is located outside of the allowed root paths.

warning: Stale file '/Users/runner/work/anivault/anivault/build/ios/Release-iphoneos/Pods_Runner.framework/Headers/Pods-Runner-umbrella.h' is located outside of the allowed root paths.

warning: Stale file '/Users/runner/work/anivault/anivault/build/ios/Release-iphoneos/Pods_Runner.framework/Info.plist' is located outside of the allowed root paths.

warning: Stale file '/Users/runner/work/anivault/anivault/build/ios/Release-iphoneos/Pods_Runner.framework/Modules/module.modulemap' is located outside of the allowed root paths.

warning: Stale file '/Users/runner/work/anivault/anivault/build/ios/Release-iphoneos/Pods_Runner.framework/Pods_Runner' is located outside of the allowed root paths.

warning: Stale file '/Users/runner/work/anivault/anivault/build/ios/Release-iphoneos/FlutterGeneratedPluginSwiftPackage.o' is located outside of the allowed root paths.

warning: Stale file '/Users/runner/work/anivault/anivault/build/ios/Release-iphoneos/FlutterGeneratedPluginSwiftPackage.swiftmodule/Project/arm64-apple-ios.swiftsourceinfo' is located outside of the allowed root paths.

warning: Stale file '/Users/runner/work/anivault/anivault/build/ios/Release-iphoneos/FlutterGeneratedPluginSwiftPackage.swiftmodule/arm64-apple-ios.abi.json' is located outside of the allowed root paths.

warning: Stale file '/Users/runner/work/anivault/anivault/build/ios/Release-iphoneos/FlutterGeneratedPluginSwiftPackage.swiftmodule/arm64-apple-ios.swiftdoc' is located outside of the allowed root paths.

warning: Stale file '/Users/runner/work/anivault/anivault/build/ios/Release-iphoneos/FlutterGeneratedPluginSwiftPackage.swiftmodule/arm64-apple-ios.swiftmodule' is located outside of the allowed root paths.

warning: Stale file '/Users/runner/work/anivault/anivault/build/ios/Release-iphoneos/FlutterFramework.o' is located outside of the allowed root paths.

warning: Stale file '/Users/runner/work/anivault/anivault/build/ios/Release-iphoneos/FlutterFramework.swiftmodule/Project/arm64-apple-ios.swiftsourceinfo' is located outside of the allowed root paths.

warning: Stale file '/Users/runner/work/anivault/anivault/build/ios/Release-iphoneos/FlutterFramework.swiftmodule/arm64-apple-ios.abi.json' is located outside of the allowed root paths.

warning: Stale file '/Users/runner/work/anivault/anivault/build/ios/Release-iphoneos/FlutterFramework.swiftmodule/arm64-apple-ios.swiftdoc' is located outside of the allowed root paths.

warning: Stale file '/Users/runner/work/anivault/anivault/build/ios/Release-iphoneos/FlutterFramework.swiftmodule/arm64-apple-ios.swiftmodule' is located outside of the allowed root paths.

note: Run script build phase 'Run Script' will be run during every build because the option to run the script phase "Based on dependency analysis" is unchecked. (in target 'Runner' from project 'Runner')
note: Run script build phase 'Thin Binary' will be run during every build because the option to run the script phase "Based on dependency analysis" is unchecked. (in target 'Runner' from project 'Runner')
** BUILD FAILED **


The following build commands failed:
	Ld /Users/runner/Library/Developer/Xcode/DerivedData/Runner-cxlsvnhjswijkndnlirzgjlztczd/Build/Products/Release-iphoneos/media_kit_video/media_kit_video.framework/media_kit_video normal (in target 'media_kit_video' from project 'Pods')
(1 failure)
